codigo_1;sigla_1;asignatura_1;curso_1;cuatrimestre_1;codigo_2;sigla_2;asignatura_2;curso_2;cuatrimestre_2;coordinacion_explicita;dependencia_normativa;coseno_tfidf;similitud_lsa;delta_semantico;u_confluencia;u_solapamiento_sincronico;u_solapamiento_diacronico
101526;FF;FUNDAMENTOS DE FÍSICA;1;1C;101540;GEE;GESTIÓN ENERGÉTICA Y ECOEFICIENCIA;3;2C;0;0;0,0069;0,9940;0,9871;1,0000;0,0000;0,0000
101534;CA;CONTAMINACIÓN ATMOSFÉRICA;3;2C;660006;GEO;GEOLOGÍA;1;1C;0;0;0,0074;0,9614;0,9540;1,0000;0,0000;0,0000
101523;FQ;FUNDAMENTOS DE QUÍMICA;1;1C;101533;TAR;TRATAMIENTO DE AGUAS RESIDUALES;3;1C;0;0;0,0218;0,9727;0,9509;1,0000;0,0000;0,0000
101526;FF;FUNDAMENTOS DE FÍSICA;1;1C;101533;TAR;TRATAMIENTO DE AGUAS RESIDUALES;3;1C;0;0;0,0104;0,9468;0,9364;1,0000;0,0000;0,0000
101533;TAR;TRATAMIENTO DE AGUAS RESIDUALES;3;1C;101540;GEE;GESTIÓN ENERGÉTICA Y ECOEFICIENCIA;3;2C;0;0;0,0224;0,9579;0,9355;1,0000;0,0000;0,0000
101526;FF;FUNDAMENTOS DE FÍSICA;1;1C;660007;EDAF;EDAFOLOGÍA;2;2C;0;0;0,0111;0,9441;0,9330;1,0000;0,0000;0,0000
101523;FQ;FUNDAMENTOS DE QUÍMICA;1;1C;101550;QAM;QUÍMICA ANALÍTICA MEDIOAMBIENTAL;3;1C;0;0;0,0466;0,9785;0,9319;1,0000;0,0000;0,0000
101540;GEE;GESTIÓN ENERGÉTICA Y ECOEFICIENCIA;3;2C;101563;FA;FISICOQUÍMICA DE AGUAS;4;2C;0;0;0,0277;0,9588;0,9311;1,0000;0,0000;0,0000
101538;FZPEMA;FUNDAMENTOS ZOOLÓGICOS PARA EL ESTUDIO DEL MEDIO AMBIENTE;1;2C;101553;IGA;INTERACCIÓN DE GENES Y AMBIENTE;4;1C;0;0;0,0122;0,9420;0,9298;1,0000;0,0000;0,0000
101554;TTPSS;TEORÍAS Y TÉCNICAS PARA LA SOSTENIBILIDAD SOCIOAMBIENTAL;4;2C;101561;GRUI;GESTIÓN DE RESIDUOS URBANOS E INDUSTRIALES;4;2C;0;0;0,0161;0,9447;0,9286;1,0000;0,0000;0,0000
101540;GEE;GESTIÓN ENERGÉTICA Y ECOEFICIENCIA;3;2C;101550;QAM;QUÍMICA ANALÍTICA MEDIOAMBIENTAL;3;1C;0;0;0,0207;0,9478;0,9271;1,0000;0,0000;0,0000
101526;FF;FUNDAMENTOS DE FÍSICA;1;1C;101563;FA;FISICOQUÍMICA DE AGUAS;4;2C;0;0;0,0283;0,9505;0,9222;1,0000;0,0000;0,0000
101540;GEE;GESTIÓN ENERGÉTICA Y ECOEFICIENCIA;3;2C;660007;EDAF;EDAFOLOGÍA;2;2C;0;0;0,0031;0,9209;0,9178;1,0000;0,0000;0,0000
101532;BIA;BASES DE INGENIERIA AMBIENTAL;2;2C;101563;FA;FISICOQUÍMICA DE AGUAS;4;2C;0;0;0,0278;0,9385;0,9107;1,0000;0,0000;0,0000
101526;FF;FUNDAMENTOS DE FÍSICA;1;1C;101550;QAM;QUÍMICA ANALÍTICA MEDIOAMBIENTAL;3;1C;0;0;0,0184;0,9264;0,9080;1,0000;0,0000;0,0000
101533;TAR;TRATAMIENTO DE AGUAS RESIDUALES;3;1C;101550;QAM;QUÍMICA ANALÍTICA MEDIOAMBIENTAL;3;1C;0;0;0,0648;0,9719;0,9071;1,0000;0,0740;0,0000
101523;FQ;FUNDAMENTOS DE QUÍMICA;1;1C;101526;FF;FUNDAMENTOS DE FÍSICA;1;1C;0;0;0,0325;0,9389;0,9064;1,0000;0,0000;0,0000
101524;QA;QUÍMICA AMBIENTAL;2;1C;101555;EV;ECOFISIOLOGÍA VEGETAL;4;2C;0;0;0,0538;0,9601;0,9063;1,0000;0,0000;0,0190
101530;AHMA;ACTIVIDADES HUMANAS Y MEDIO AMBIENTE;1;2C;101561;GRUI;GESTIÓN DE RESIDUOS URBANOS E INDUSTRIALES;4;2C;0;0;0,0310;0,9331;0,9021;1,0000;0,0000;0,0000
101537;GMF;GESTIÓN DEL MEDIO FÍSICO;3;1C;101561;GRUI;GESTIÓN DE RESIDUOS URBANOS E INDUSTRIALES;4;2C;0;0;0,0074;0,9092;0,9018;1,0000;0,0000;0,0000
101532;BIA;BASES DE INGENIERIA AMBIENTAL;2;2C;101533;TAR;TRATAMIENTO DE AGUAS RESIDUALES;3;1C;0;0;0,0466;0,9454;0,8988;1,0000;0,0000;0,0000
101532;BIA;BASES DE INGENIERIA AMBIENTAL;2;2C;660007;EDAF;EDAFOLOGÍA;2;2C;0;0;0,0238;0,9186;0,8948;1,0000;0,0000;0,0000
101528;FM;FUNDAMENTOS DE MATEMÁTICAS;1;1C;101543;SIG;SISTEMAS DE INFORMACIÓN GEOGRÁFICA;2;1C;0;0;0,0239;0,9175;0,8936;1,0000;0,0000;0,0000
101523;FQ;FUNDAMENTOS DE QUÍMICA;1;1C;101540;GEE;GESTIÓN ENERGÉTICA Y ECOEFICIENCIA;3;2C;0;0;0,0590;0,9505;0,8915;1,0000;0,0000;0,0450
101550;QAM;QUÍMICA ANALÍTICA MEDIOAMBIENTAL;3;1C;101563;FA;FISICOQUÍMICA DE AGUAS;4;2C;0;0;0,0861;0,9750;0,8889;1,0000;0,0000;0,1805
101532;BIA;BASES DE INGENIERIA AMBIENTAL;2;2C;101548;TASP;TOXICOLOGÍA AMBIENTAL Y SALUD PÚBLICA;3;1C;0;0;0,0299;0,9187;0,8888;1,0000;0,0000;0,0000
101542;SGAA;SISTEMAS DE GESTIÓN Y AUDITORÍAS AMBIENTALES;3;2C;101554;TTPSS;TEORÍAS Y TÉCNICAS PARA LA SOSTENIBILIDAD SOCIOAMBIENTAL;4;2C;0;0;0,0276;0,9134;0,8858;1,0000;0,0000;0,0000
101527;MC;METEOROLOGÍA Y CLIMATOLOGÍA;2;1C;101552;ADA;ANÁLISIS DE DATOS AMBIENTALES;4;1C;0;0;0,0139;0,8936;0,8797;1,0000;0,0000;0,0000
101532;BIA;BASES DE INGENIERIA AMBIENTAL;2;2C;101540;GEE;GESTIÓN ENERGÉTICA Y ECOEFICIENCIA;3;2C;0;0;0,0933;0,9727;0,8794;1,0000;0,0000;0,2165
101532;BIA;BASES DE INGENIERIA AMBIENTAL;2;2C;101550;QAM;QUÍMICA ANALÍTICA MEDIOAMBIENTAL;3;1C;0;0;0,0293;0,9084;0,8791;1,0000;0,0000;0,0000
101523;FQ;FUNDAMENTOS DE QUÍMICA;1;1C;101555;EV;ECOFISIOLOGÍA VEGETAL;4;2C;0;0;0,0278;0,9057;0,8779;1,0000;0,0000;0,0000
101533;TAR;TRATAMIENTO DE AGUAS RESIDUALES;3;1C;101563;FA;FISICOQUÍMICA DE AGUAS;4;2C;0;0;0,1177;0,9913;0,8736;1,0000;0,0000;0,3385
101526;FF;FUNDAMENTOS DE FÍSICA;1;1C;101527;MC;METEOROLOGÍA Y CLIMATOLOGÍA;2;1C;0;0;0,0267;0,8988;0,8721;1,0000;0,0000;0,0000
101527;MC;METEOROLOGÍA Y CLIMATOLOGÍA;2;1C;101532;BIA;BASES DE INGENIERIA AMBIENTAL;2;2C;0;0;0,0317;0,9025;0,8708;1,0000;0,0000;0,0000
101527;MC;METEOROLOGÍA Y CLIMATOLOGÍA;2;1C;101545;EST;ESTADÍSTICA;1;2C;0;0;0,0071;0,8740;0,8669;1,0000;0,0000;0,0000
101527;MC;METEOROLOGÍA Y CLIMATOLOGÍA;2;1C;660007;EDAF;EDAFOLOGÍA;2;2C;0;0;0,0200;0,8854;0,8654;1,0000;0,0000;0,0000
101530;AHMA;ACTIVIDADES HUMANAS Y MEDIO AMBIENTE;1;2C;101554;TTPSS;TEORÍAS Y TÉCNICAS PARA LA SOSTENIBILIDAD SOCIOAMBIENTAL;4;2C;0;0;0,0403;0,9047;0,8644;1,0000;0,0000;0,0000
101548;TASP;TOXICOLOGÍA AMBIENTAL Y SALUD PÚBLICA;3;1C;101555;EV;ECOFISIOLOGÍA VEGETAL;4;2C;0;0;0,0405;0,9042;0,8637;1,0000;0,0000;0,0000
101533;TAR;TRATAMIENTO DE AGUAS RESIDUALES;3;1C;101555;EV;ECOFISIOLOGÍA VEGETAL;4;2C;0;0;0,0320;0,8949;0,8629;1,0000;0,0000;0,0000
101526;FF;FUNDAMENTOS DE FÍSICA;1;1C;101555;EV;ECOFISIOLOGÍA VEGETAL;4;2C;0;0;0,0098;0,8719;0,8621;1,0000;0,0000;0,0000
101540;GEE;GESTIÓN ENERGÉTICA Y ECOEFICIENCIA;3;2C;101555;EV;ECOFISIOLOGÍA VEGETAL;4;2C;0;0;0,0061;0,8679;0,8618;1,0000;0,0000;0,0000
101548;TASP;TOXICOLOGÍA AMBIENTAL Y SALUD PÚBLICA;3;1C;660007;EDAF;EDAFOLOGÍA;2;2C;0;0;0,0200;0,8782;0,8582;1,0000;0,0000;0,0000
101530;AHMA;ACTIVIDADES HUMANAS Y MEDIO AMBIENTE;1;2C;660059;OGP;ORGANIZACIÓN Y GESTIÓN DE PROYECTOS;4;1C;0;0;0,0169;0,8735;0,8566;1,0000;0,0000;0,0000
101553;IGA;INTERACCIÓN DE GENES Y AMBIENTE;4;1C;101557;GCP;GESTIÓN DE CAZA Y PESCA;4;2C;0;0;0,0669;0,9218;0,8549;1,0000;0,0000;0,0000
101532;BIA;BASES DE INGENIERIA AMBIENTAL;2;2C;101555;EV;ECOFISIOLOGÍA VEGETAL;4;2C;0;0;0,0448;0,8988;0,8540;1,0000;0,0000;0,0000
101528;FM;FUNDAMENTOS DE MATEMÁTICAS;1;1C;101552;ADA;ANÁLISIS DE DATOS AMBIENTALES;4;1C;0;0;0,0035;0,8572;0,8537;1,0000;0,0000;0,0000
101526;FF;FUNDAMENTOS DE FÍSICA;1;1C;101548;TASP;TOXICOLOGÍA AMBIENTAL Y SALUD PÚBLICA;3;1C;0;0;0,0206;0,8714;0,8508;1,0000;0,0000;0,0000
101526;FF;FUNDAMENTOS DE FÍSICA;1;1C;101532;BIA;BASES DE INGENIERIA AMBIENTAL;2;2C;0;0;0,1290;0,9793;0,8503;1,0000;0,0000;0,3950
101549;GE;GESTIÓN DE ECOSISTEMAS;2;2C;101554;TTPSS;TEORÍAS Y TÉCNICAS PARA LA SOSTENIBILIDAD SOCIOAMBIENTAL;4;2C;0;0;0,0397;0,8900;0,8503;1,0000;0,0000;0,0000
101528;FM;FUNDAMENTOS DE MATEMÁTICAS;1;1C;101545;EST;ESTADÍSTICA;1;2C;0;0;0,0200;0,8683;0,8483;1,0000;0,0000;0,0000
101533;TAR;TRATAMIENTO DE AGUAS RESIDUALES;3;1C;101548;TASP;TOXICOLOGÍA AMBIENTAL Y SALUD PÚBLICA;3;1C;0;0;0,0182;0,8653;0,8471;1,0000;0,0000;0,0000
101537;GMF;GESTIÓN DEL MEDIO FÍSICO;3;1C;101554;TTPSS;TEORÍAS Y TÉCNICAS PARA LA SOSTENIBILIDAD SOCIOAMBIENTAL;4;2C;0;0;0,0522;0,8960;0,8438;1,0000;0,0000;0,0110
101523;FQ;FUNDAMENTOS DE QUÍMICA;1;1C;101532;BIA;BASES DE INGENIERIA AMBIENTAL;2;2C;0;0;0,0811;0,9223;0,8412;1,0000;0,0000;0,1555
101547;CE;CALIDAD Y EMPRESA;4;1C;101554;TTPSS;TEORÍAS Y TÉCNICAS PARA LA SOSTENIBILIDAD SOCIOAMBIENTAL;4;2C;0;0;0,0599;0,9000;0,8401;1,0000;0,0000;0,0000
101527;MC;METEOROLOGÍA Y CLIMATOLOGÍA;2;1C;101540;GEE;GESTIÓN ENERGÉTICA Y ECOEFICIENCIA;3;2C;0;0;0,0377;0,8777;0,8400;1,0000;0,0000;0,0000
101524;QA;QUÍMICA AMBIENTAL;2;1C;101526;FF;FUNDAMENTOS DE FÍSICA;1;1C;0;0;0,0204;0,8579;0,8375;1,0000;0,0000;0,0000
101555;EV;ECOFISIOLOGÍA VEGETAL;4;2C;101563;FA;FISICOQUÍMICA DE AGUAS;4;2C;0;0;0,0782;0,9107;0,8325;1,0000;0,1410;0,0000
101524;QA;QUÍMICA AMBIENTAL;2;1C;101533;TAR;TRATAMIENTO DE AGUAS RESIDUALES;3;1C;0;0;0,0717;0,9037;0,8320;1,0000;0,0000;0,1085
101555;EV;ECOFISIOLOGÍA VEGETAL;4;2C;660007;EDAF;EDAFOLOGÍA;2;2C;0;0;0,0685;0,9005;0,8320;1,0000;0,0000;0,0925
101524;QA;QUÍMICA AMBIENTAL;2;1C;101540;GEE;GESTIÓN ENERGÉTICA Y ECOEFICIENCIA;3;2C;0;0;0,0135;0,8454;0,8319;1,0000;0,0000;0,0000
101548;TASP;TOXICOLOGÍA AMBIENTAL Y SALUD PÚBLICA;3;1C;101563;FA;FISICOQUÍMICA DE AGUAS;4;2C;0;0;0,0295;0,8614;0,8319;1,0000;0,0000;0,0000
101540;GEE;GESTIÓN ENERGÉTICA Y ECOEFICIENCIA;3;2C;101548;TASP;TOXICOLOGÍA AMBIENTAL Y SALUD PÚBLICA;3;1C;0;0;0,0299;0,8606;0,8307;1,0000;0,0000;0,0000
101539;BBPGM;BASES BOTÁNICAS PARA LA GESTIÓN DEL MEDIOAMBIENTE;1;2C;101561;GRUI;GESTIÓN DE RESIDUOS URBANOS E INDUSTRIALES;4;2C;0;0;0,0023;0,8262;0,8239;1,0000;0,0000;0,0000
101538;FZPEMA;FUNDAMENTOS ZOOLÓGICOS PARA EL ESTUDIO DEL MEDIO AMBIENTE;1;2C;101547;CE;CALIDAD Y EMPRESA;4;1C;0;0;0,0265;0,8494;0,8229;1,0000;0,0000;0,0000
101527;MC;METEOROLOGÍA Y CLIMATOLOGÍA;2;1C;101558;CCMC;CONTROL DE LA CONTAMINACIÓN MEDIANTE CATÁLISIS;4;2C;0;0;0,0108;0,8295;0,8187;1,0000;0,0000;0,0000
101560;PTU;PLANEAMIENTO TERRITORIAL Y URBANO;4;1C;660059;OGP;ORGANIZACIÓN Y GESTIÓN DE PROYECTOS;4;1C;0;0;0,0653;0,8830;0,8177;1,0000;0,0765;0,0000
101524;QA;QUÍMICA AMBIENTAL;2;1C;101548;TASP;TOXICOLOGÍA AMBIENTAL Y SALUD PÚBLICA;3;1C;0;0;0,0668;0,8840;0,8172;1,0000;0,0000;0,0840
101523;FQ;FUNDAMENTOS DE QUÍMICA;1;1C;101563;FA;FISICOQUÍMICA DE AGUAS;4;2C;0;0;0,1763;0,9919;0,8156;1,0000;0,0000;0,6315
101532;BIA;BASES DE INGENIERIA AMBIENTAL;2;2C;101545;EST;ESTADÍSTICA;1;2C;0;0;0,0031;0,8184;0,8153;1,0000;0,0000;0,0000
101530;AHMA;ACTIVIDADES HUMANAS Y MEDIO AMBIENTE;1;2C;101541;EIAIPC;EVALUACIÓN DE IMPACTO AMBIENTAL: INSTRUMENTOS DE PREVENCIÓN Y CONTROL;4;1C;0;0;0,0435;0,8544;0,8109;1,0000;0,0000;0,0000
101549;GE;GESTIÓN DE ECOSISTEMAS;2;2C;101561;GRUI;GESTIÓN DE RESIDUOS URBANOS E INDUSTRIALES;4;2C;0;0;0,0395;0,8477;0,8082;1,0000;0,0000;0,0000
101555;EV;ECOFISIOLOGÍA VEGETAL;4;2C;101558;CCMC;CONTROL DE LA CONTAMINACIÓN MEDIANTE CATÁLISIS;4;2C;0;0;0,0125;0,8203;0,8078;1,0000;0,0000;0,0000
101529;EA;ECONOMÍA AMBIENTAL;2;2C;101561;GRUI;GESTIÓN DE RESIDUOS URBANOS E INDUSTRIALES;4;2C;0;0;0,0297;0,8373;0,8076;1,0000;0,0000;0,0000
101523;FQ;FUNDAMENTOS DE QUÍMICA;1;1C;101548;TASP;TOXICOLOGÍA AMBIENTAL Y SALUD PÚBLICA;3;1C;0;0;0,0147;0,8221;0,8074;1,0000;0,0000;0,0000
101538;FZPEMA;FUNDAMENTOS ZOOLÓGICOS PARA EL ESTUDIO DEL MEDIO AMBIENTE;1;2C;101557;GCP;GESTIÓN DE CAZA Y PESCA;4;2C;0;0;0,1624;0,9694;0,8070;1,0000;0,0000;0,5620
101541;EIAIPC;EVALUACIÓN DE IMPACTO AMBIENTAL: INSTRUMENTOS DE PREVENCIÓN Y CONTROL;4;1C;660059;OGP;ORGANIZACIÓN Y GESTIÓN DE PROYECTOS;4;1C;0;0;0,1155;0,9221;0,8066;1,0000;0,3275;0,0000
101524;QA;QUÍMICA AMBIENTAL;2;1C;101532;BIA;BASES DE INGENIERIA AMBIENTAL;2;2C;0;0;0,0691;0,8754;0,8063;1,0000;0,0000;0,0000
101529;EA;ECONOMÍA AMBIENTAL;2;2C;101539;BBPGM;BASES BOTÁNICAS PARA LA GESTIÓN DEL MEDIOAMBIENTE;1;2C;0;0;0,0020;0,8066;0,8046;1,0000;0,0000;0,0000
101540;GEE;GESTIÓN ENERGÉTICA Y ECOEFICIENCIA;3;2C;101545;EST;ESTADÍSTICA;1;2C;0;0;0,0001;0,8017;0,8016;1,0000;0,0000;0,0000
101523;FQ;FUNDAMENTOS DE QUÍMICA;1;1C;660007;EDAF;EDAFOLOGÍA;2;2C;0;0;0,0695;0,8702;0,8007;1,0000;0,0000;0,0975
101524;QA;QUÍMICA AMBIENTAL;2;1C;660007;EDAF;EDAFOLOGÍA;2;2C;0;0;0,0815;0,8813;0,7998;1,0000;0,0000;0,0000
101533;TAR;TRATAMIENTO DE AGUAS RESIDUALES;3;1C;660007;EDAF;EDAFOLOGÍA;2;2C;0;0;0,0566;0,8550;0,7984;1,0000;0,0000;0,0330
101541;EIAIPC;EVALUACIÓN DE IMPACTO AMBIENTAL: INSTRUMENTOS DE PREVENCIÓN Y CONTROL;4;1C;101554;TTPSS;TEORÍAS Y TÉCNICAS PARA LA SOSTENIBILIDAD SOCIOAMBIENTAL;4;2C;0;0;0,0105;0,8088;0,7983;1,0000;0,0000;0,0000
101547;CE;CALIDAD Y EMPRESA;4;1C;101553;IGA;INTERACCIÓN DE GENES Y AMBIENTE;4;1C;0;0;0,0068;0,8049;0,7981;1,0000;0,0000;0,0000
101532;BIA;BASES DE INGENIERIA AMBIENTAL;2;2C;101558;CCMC;CONTROL DE LA CONTAMINACIÓN MEDIANTE CATÁLISIS;4;2C;0;0;0,0075;0,8046;0,7971;1,0000;0,0000;0,0000
101530;AHMA;ACTIVIDADES HUMANAS Y MEDIO AMBIENTE;1;2C;101547;CE;CALIDAD Y EMPRESA;4;1C;0;0;0,0302;0,8268;0,7966;1,0000;0,0000;0,0000
101537;GMF;GESTIÓN DEL MEDIO FÍSICO;3;1C;101542;SGAA;SISTEMAS DE GESTIÓN Y AUDITORÍAS AMBIENTALES;3;2C;0;0;0,0353;0,8307;0,7954;1,0000;0,0000;0,0000
101552;ADA;ANÁLISIS DE DATOS AMBIENTALES;4;1C;660006;GEO;GEOLOGÍA;1;1C;0;0;0,0018;0,7953;0,7935;1,0000;0,0000;0,0000
101550;QAM;QUÍMICA ANALÍTICA MEDIOAMBIENTAL;3;1C;101555;EV;ECOFISIOLOGÍA VEGETAL;4;2C;0;0;0,0369;0,8246;0,7877;1,0000;0,0000;0,0000
101526;FF;FUNDAMENTOS DE FÍSICA;1;1C;101545;EST;ESTADÍSTICA;1;2C;0;0;0,0000;0,7838;0,7838;1,0000;0,0000;0,0000
101530;AHMA;ACTIVIDADES HUMANAS Y MEDIO AMBIENTE;1;2C;101542;SGAA;SISTEMAS DE GESTIÓN Y AUDITORÍAS AMBIENTALES;3;2C;0;0;0,0179;0,7993;0,7814;1,0000;0,0000;0,0000
101527;MC;METEOROLOGÍA Y CLIMATOLOGÍA;2;1C;101528;FM;FUNDAMENTOS DE MATEMÁTICAS;1;1C;0;0;0,0130;0,7938;0,7808;1,0000;0,0000;0,0000
101547;CE;CALIDAD Y EMPRESA;4;1C;101561;GRUI;GESTIÓN DE RESIDUOS URBANOS E INDUSTRIALES;4;2C;0;0;0,0623;0,8424;0,7801;1,0000;0,0000;0,0000
101533;TAR;TRATAMIENTO DE AGUAS RESIDUALES;3;1C;101545;EST;ESTADÍSTICA;1;2C;0;0;0,0067;0,7865;0,7798;1,0000;0,0000;0,0000
101548;TASP;TOXICOLOGÍA AMBIENTAL Y SALUD PÚBLICA;3;1C;101558;CCMC;CONTROL DE LA CONTAMINACIÓN MEDIANTE CATÁLISIS;4;2C;0;0;0,0207;0,7998;0,7791;1,0000;0,0000;0,0000
101542;SGAA;SISTEMAS DE GESTIÓN Y AUDITORÍAS AMBIENTALES;3;2C;101547;CE;CALIDAD Y EMPRESA;4;1C;0;0;0,1420;0,9209;0,7789;1,0000;0,0000;0,4600
101529;EA;ECONOMÍA AMBIENTAL;2;2C;101554;TTPSS;TEORÍAS Y TÉCNICAS PARA LA SOSTENIBILIDAD SOCIOAMBIENTAL;4;2C;0;0;0,0369;0,8143;0,7774;1,0000;0,0000;0,0000
101529;EA;ECONOMÍA AMBIENTAL;2;2C;101549;GE;GESTIÓN DE ECOSISTEMAS;2;2C;0;0;0,0258;0,8023;0,7765;1,0000;0,0000;0,0000
101528;FM;FUNDAMENTOS DE MATEMÁTICAS;1;1C;101539;BBPGM;BASES BOTÁNICAS PARA LA GESTIÓN DEL MEDIOAMBIENTE;1;2C;0;0;0,0019;0,7783;0,7764;1,0000;0,0000;0,0000
101558;CCMC;CONTROL DE LA CONTAMINACIÓN MEDIANTE CATÁLISIS;4;2C;660007;EDAF;EDAFOLOGÍA;2;2C;0;0;0,0108;0,7822;0,7714;1,0000;0,0000;0,0000
101527;MC;METEOROLOGÍA Y CLIMATOLOGÍA;2;1C;101533;TAR;TRATAMIENTO DE AGUAS RESIDUALES;3;1C;0;0;0,0255;0,7955;0,7700;1,0000;0,0000;0,0000
101563;FA;FISICOQUÍMICA DE AGUAS;4;2C;660007;EDAF;EDAFOLOGÍA;2;2C;0;0;0,1135;0,8824;0,7689;1,0000;0,0000;0,3175
101529;EA;ECONOMÍA AMBIENTAL;2;2C;101548;TASP;TOXICOLOGÍA AMBIENTAL Y SALUD PÚBLICA;3;1C;0;0;0,0152;0,7811;0,7659;1,0000;0,0000;0,0000
101524;QA;QUÍMICA AMBIENTAL;2;1C;101550;QAM;QUÍMICA ANALÍTICA MEDIOAMBIENTAL;3;1C;0;0;0,0886;0,8504;0,7618;1,0000;0,0000;0,1930
101527;MC;METEOROLOGÍA Y CLIMATOLOGÍA;2;1C;101550;QAM;QUÍMICA ANALÍTICA MEDIOAMBIENTAL;3;1C;0;0;0,0134;0,7718;0,7584;1,0000;0,0000;0,0000
101541;EIAIPC;EVALUACIÓN DE IMPACTO AMBIENTAL: INSTRUMENTOS DE PREVENCIÓN Y CONTROL;4;1C;101542;SGAA;SISTEMAS DE GESTIÓN Y AUDITORÍAS AMBIENTALES;3;2C;0;0;0,0760;0,8344;0,7584;1,0000;0,0000;0,1300
101539;BBPGM;BASES BOTÁNICAS PARA LA GESTIÓN DEL MEDIOAMBIENTE;1;2C;101554;TTPSS;TEORÍAS Y TÉCNICAS PARA LA SOSTENIBILIDAD SOCIOAMBIENTAL;4;2C;0;0;0,0077;0,7635;0,7558;1,0000;0,0000;0,0000
101542;SGAA;SISTEMAS DE GESTIÓN Y AUDITORÍAS AMBIENTALES;3;2C;101561;GRUI;GESTIÓN DE RESIDUOS URBANOS E INDUSTRIALES;4;2C;0;0;0,0541;0,8093;0,7552;1,0000;0,0000;0,0205
101527;MC;METEOROLOGÍA Y CLIMATOLOGÍA;2;1C;101548;TASP;TOXICOLOGÍA AMBIENTAL Y SALUD PÚBLICA;3;1C;0;0;0,0347;0,7888;0,7541;1,0000;0,0000;0,0000
101537;GMF;GESTIÓN DEL MEDIO FÍSICO;3;1C;101547;CE;CALIDAD Y EMPRESA;4;1C;0;0;0,0450;0,7982;0,7532;1,0000;0,0000;0,0000
101520;FB;FUNDAMENTOS DE BIOLOGÍA;1;1C;101545;EST;ESTADÍSTICA;1;2C;0;0;0,0222;0,7710;0,7488;1,0000;0,0000;0,0000
101536;OTRN;ORDENACIÓN DEL TERRITORIO Y RIESGOS NATURALES;3;1C;101553;IGA;INTERACCIÓN DE GENES Y AMBIENTE;4;1C;0;0;0,0089;0,7563;0,7474;1,0000;0,0000;0,0000
101545;EST;ESTADÍSTICA;1;2C;101563;FA;FISICOQUÍMICA DE AGUAS;4;2C;0;0;0,0035;0,7486;0,7451;1,0000;0,0000;0,0000
101536;OTRN;ORDENACIÓN DEL TERRITORIO Y RIESGOS NATURALES;3;1C;101547;CE;CALIDAD Y EMPRESA;4;1C;0;0;0,0473;0,7921;0,7448;1,0000;0,0000;0,0000
101536;OTRN;ORDENACIÓN DEL TERRITORIO Y RIESGOS NATURALES;3;1C;660059;OGP;ORGANIZACIÓN Y GESTIÓN DE PROYECTOS;4;1C;0;0;0,0089;0,7537;0,7448;1,0000;0,0000;0,0000
101524;QA;QUÍMICA AMBIENTAL;2;1C;101563;FA;FISICOQUÍMICA DE AGUAS;4;2C;1;1;0,1902;0,9336;0,7434;1,0000;0,0000;0,7010
101552;ADA;ANÁLISIS DE DATOS AMBIENTALES;4;1C;101558;CCMC;CONTROL DE LA CONTAMINACIÓN MEDIANTE CATÁLISIS;4;2C;0;0;0,0136;0,7566;0,7430;1,0000;0,0000;0,0000
101527;MC;METEOROLOGÍA Y CLIMATOLOGÍA;2;1C;101563;FA;FISICOQUÍMICA DE AGUAS;4;2C;0;0;0,0466;0,7892;0,7426;1,0000;0,0000;0,0000
101542;SGAA;SISTEMAS DE GESTIÓN Y AUDITORÍAS AMBIENTALES;3;2C;101553;IGA;INTERACCIÓN DE GENES Y AMBIENTE;4;1C;0;0;0,0096;0,7519;0,7423;1,0000;0,0000;0,0000
101539;BBPGM;BASES BOTÁNICAS PARA LA GESTIÓN DEL MEDIOAMBIENTE;1;2C;101549;GE;GESTIÓN DE ECOSISTEMAS;2;2C;0;0;0,0254;0,7663;0,7409;1,0000;0,0000;0,0000
101523;FQ;FUNDAMENTOS DE QUÍMICA;1;1C;101527;MC;METEOROLOGÍA Y CLIMATOLOGÍA;2;1C;0;0;0,0249;0,7643;0,7394;1,0000;0,0000;0,0000
101554;TTPSS;TEORÍAS Y TÉCNICAS PARA LA SOSTENIBILIDAD SOCIOAMBIENTAL;4;2C;660059;OGP;ORGANIZACIÓN Y GESTIÓN DE PROYECTOS;4;1C;0;0;0,0059;0,7444;0,7385;1,0000;0,0000;0,0000
101550;QAM;QUÍMICA ANALÍTICA MEDIOAMBIENTAL;3;1C;660007;EDAF;EDAFOLOGÍA;2;2C;0;0;0,0686;0,8068;0,7382;1,0000;0,0000;0,0930
101545;EST;ESTADÍSTICA;1;2C;101550;QAM;QUÍMICA ANALÍTICA MEDIOAMBIENTAL;3;1C;0;0;0,0393;0,7766;0,7373;1,0000;0,0000;0,0000
101539;BBPGM;BASES BOTÁNICAS PARA LA GESTIÓN DEL MEDIOAMBIENTE;1;2C;101545;EST;ESTADÍSTICA;1;2C;0;0;0,0000;0,7358;0,7358;1,0000;0,0000;0,0000
101529;EA;ECONOMÍA AMBIENTAL;2;2C;101530;AHMA;ACTIVIDADES HUMANAS Y MEDIO AMBIENTE;1;2C;0;0;0,0183;0,7540;0,7357;1,0000;0,0000;0,0000
101528;FM;FUNDAMENTOS DE MATEMÁTICAS;1;1C;101529;EA;ECONOMÍA AMBIENTAL;2;2C;0;0;0,0060;0,7414;0,7354;1,0000;0,0000;0,0000
101551;CNRAP;CONSERVACIÓN DE LA NATURALEZA:RESTAURACIÓN Y REHABILITACIÓN AMBIENTAL. PAISAJISMO;3;2C;660006;GEO;GEOLOGÍA;1;1C;0;0;0,2219;0,9569;0,7350;1,0000;0,0000;0,8595
101530;AHMA;ACTIVIDADES HUMANAS Y MEDIO AMBIENTE;1;2C;101539;BBPGM;BASES BOTÁNICAS PARA LA GESTIÓN DEL MEDIOAMBIENTE;1;2C;0;0;0,0040;0,7384;0,7344;1,0000;0,0000;0,0000
101538;FZPEMA;FUNDAMENTOS ZOOLÓGICOS PARA EL ESTUDIO DEL MEDIO AMBIENTE;1;2C;101542;SGAA;SISTEMAS DE GESTIÓN Y AUDITORÍAS AMBIENTALES;3;2C;0;0;0,0194;0,7537;0,7343;1,0000;0,0000;0,0000
101520;FB;FUNDAMENTOS DE BIOLOGÍA;1;1C;101539;BBPGM;BASES BOTÁNICAS PARA LA GESTIÓN DEL MEDIOAMBIENTE;1;2C;0;0;0,1050;0,8351;0,7301;1,0000;0,0000;0,0000
101527;MC;METEOROLOGÍA Y CLIMATOLOGÍA;2;1C;101555;EV;ECOFISIOLOGÍA VEGETAL;4;2C;0;0;0,0182;0,7463;0,7281;1,0000;0,0000;0,0000
101539;BBPGM;BASES BOTÁNICAS PARA LA GESTIÓN DEL MEDIOAMBIENTE;1;2C;101552;ADA;ANÁLISIS DE DATOS AMBIENTALES;4;1C;0;0;0,0036;0,7294;0,7258;1,0000;0,0000;0,0000
101537;GMF;GESTIÓN DEL MEDIO FÍSICO;3;1C;101553;IGA;INTERACCIÓN DE GENES Y AMBIENTE;4;1C;0;0;0,0145;0,7377;0,7232;1,0000;0,0000;0,0000
101530;AHMA;ACTIVIDADES HUMANAS Y MEDIO AMBIENTE;1;2C;101537;GMF;GESTIÓN DEL MEDIO FÍSICO;3;1C;0;0;0,0863;0,8090;0,7227;1,0000;0,0000;0,1815
101520;FB;FUNDAMENTOS DE BIOLOGÍA;1;1C;101548;TASP;TOXICOLOGÍA AMBIENTAL Y SALUD PÚBLICA;3;1C;0;0;0,0389;0,7604;0,7215;1,0000;0,0000;0,0000
101530;AHMA;ACTIVIDADES HUMANAS Y MEDIO AMBIENTE;1;2C;101549;GE;GESTIÓN DE ECOSISTEMAS;2;2C;0;0;0,0303;0,7513;0,7210;1,0000;0,0000;0,0000
101520;FB;FUNDAMENTOS DE BIOLOGÍA;1;1C;101533;TAR;TRATAMIENTO DE AGUAS RESIDUALES;3;1C;0;0;0,0255;0,7453;0,7198;1,0000;0,0000;0,0000
101520;FB;FUNDAMENTOS DE BIOLOGÍA;1;1C;101532;BIA;BASES DE INGENIERIA AMBIENTAL;2;2C;0;0;0,0252;0,7444;0,7192;1,0000;0,0000;0,0000
101529;EA;ECONOMÍA AMBIENTAL;2;2C;101532;BIA;BASES DE INGENIERIA AMBIENTAL;2;2C;0;0;0,0122;0,7309;0,7187;1,0000;0,0000;0,0000
101545;EST;ESTADÍSTICA;1;2C;101548;TASP;TOXICOLOGÍA AMBIENTAL Y SALUD PÚBLICA;3;1C;0;0;0,0170;0,7355;0,7185;1,0000;0,0000;0,0000
101535;CSPROAI;CONTAMINACIÓN DE LOS SUELOS POR RESIDUOS ORGÁNICOS, AGRÍCOLAS E INDUSTRIALES;3;2C;101559;CPMP;CONTAMINACIÓN POR METALES PESADOS;4;2C;0;0;0,2391;0,9573;0,7182;1,0000;0,0000;0,9455
101524;QA;QUÍMICA AMBIENTAL;2;1C;101558;CCMC;CONTROL DE LA CONTAMINACIÓN MEDIANTE CATÁLISIS;4;2C;0;0;0,0433;0,7598;0,7165;1,0000;0,0000;0,0000
101539;BBPGM;BASES BOTÁNICAS PARA LA GESTIÓN DEL MEDIOAMBIENTE;1;2C;101547;CE;CALIDAD Y EMPRESA;4;1C;0;0;0,0141;0,7301;0,7160;1,0000;0,0000;0,0000
101523;FQ;FUNDAMENTOS DE QUÍMICA;1;1C;101545;EST;ESTADÍSTICA;1;2C;0;0;0,0031;0,7189;0,7158;1,0000;0,0000;0,0000
101537;GMF;GESTIÓN DEL MEDIO FÍSICO;3;1C;101539;BBPGM;BASES BOTÁNICAS PARA LA GESTIÓN DEL MEDIOAMBIENTE;1;2C;0;0;0,0066;0,7191;0,7125;1,0000;0,0000;0,0000
101536;OTRN;ORDENACIÓN DEL TERRITORIO Y RIESGOS NATURALES;3;1C;101557;GCP;GESTIÓN DE CAZA Y PESCA;4;2C;0;0;0,0918;0,8042;0,7124;1,0000;0,0000;0,2090
101528;FM;FUNDAMENTOS DE MATEMÁTICAS;1;1C;101558;CCMC;CONTROL DE LA CONTAMINACIÓN MEDIANTE CATÁLISIS;4;2C;0;0;0,0114;0,7175;0,7061;1,0000;0,0000;0,0000
101545;EST;ESTADÍSTICA;1;2C;101558;CCMC;CONTROL DE LA CONTAMINACIÓN MEDIANTE CATÁLISIS;4;2C;0;0;0,0017;0,7057;0,7040;1,0000;0,0000;0,0000
101541;EIAIPC;EVALUACIÓN DE IMPACTO AMBIENTAL: INSTRUMENTOS DE PREVENCIÓN Y CONTROL;4;1C;101560;PTU;PLANEAMIENTO TERRITORIAL Y URBANO;4;1C;0;0;0,0545;0,7553;0,7008;1,0000;0,0225;0,0000
101520;FB;FUNDAMENTOS DE BIOLOGÍA;1;1C;101558;CCMC;CONTROL DE LA CONTAMINACIÓN MEDIANTE CATÁLISIS;4;2C;0;0;0,0197;0,7204;0,7007;1,0000;0,0000;0,0000
101543;SIG;SISTEMAS DE INFORMACIÓN GEOGRÁFICA;2;1C;101544;CA;CARTOGRAFÍA APLICADA;1;2C;0;0;0,0988;0,7984;0,6996;1,0000;0,0000;0,2440
101541;EIAIPC;EVALUACIÓN DE IMPACTO AMBIENTAL: INSTRUMENTOS DE PREVENCIÓN Y CONTROL;4;1C;101561;GRUI;GESTIÓN DE RESIDUOS URBANOS E INDUSTRIALES;4;2C;0;0;0,0190;0,7151;0,6961;1,0000;0,0000;0,0000
101543;SIG;SISTEMAS DE INFORMACIÓN GEOGRÁFICA;2;1C;101545;EST;ESTADÍSTICA;1;2C;0;0;0,0140;0,7095;0,6955;1,0000;0,0000;0,0000
101552;ADA;ANÁLISIS DE DATOS AMBIENTALES;4;1C;101561;GRUI;GESTIÓN DE RESIDUOS URBANOS E INDUSTRIALES;4;2C;0;0;0,0000;0,6945;0,6945;1,0000;0,0000;0,0000
101547;CE;CALIDAD Y EMPRESA;4;1C;101549;GE;GESTIÓN DE ECOSISTEMAS;2;2C;0;0;0,1684;0,8619;0,6935;1,0000;0,0000;0,5920
101526;FF;FUNDAMENTOS DE FÍSICA;1;1C;101558;CCMC;CONTROL DE LA CONTAMINACIÓN MEDIANTE CATÁLISIS;4;2C;0;0;0,0295;0,7222;0,6927;1,0000;0,0000;0,0000
101545;EST;ESTADÍSTICA;1;2C;660007;EDAF;EDAFOLOGÍA;2;2C;0;0;0,0000;0,6927;0,6927;1,0000;0,0000;0,0000
101547;CE;CALIDAD Y EMPRESA;4;1C;101557;GCP;GESTIÓN DE CAZA Y PESCA;4;2C;0;0;0,0801;0,7723;0,6922;1,0000;0,0000;0,0000
101548;TASP;TOXICOLOGÍA AMBIENTAL Y SALUD PÚBLICA;3;1C;101550;QAM;QUÍMICA ANALÍTICA MEDIOAMBIENTAL;3;1C;0;0;0,0777;0,7696;0,6919;1,0000;0,1385;0,0000
101534;CA;CONTAMINACIÓN ATMOSFÉRICA;3;2C;101551;CNRAP;CONSERVACIÓN DE LA NATURALEZA:RESTAURACIÓN Y REHABILITACIÓN AMBIENTAL. PAISAJISMO;3;2C;0;0;0,2515;0,9420;0,6905;1,0000;1,0000;0,0000
101558;CCMC;CONTROL DE LA CONTAMINACIÓN MEDIANTE CATÁLISIS;4;2C;101561;GRUI;GESTIÓN DE RESIDUOS URBANOS E INDUSTRIALES;4;2C;0;0;0,0384;0,7287;0,6903;1,0000;0,0000;0,0000
101536;OTRN;ORDENACIÓN DEL TERRITORIO Y RIESGOS NATURALES;3;1C;101538;FZPEMA;FUNDAMENTOS ZOOLÓGICOS PARA EL ESTUDIO DEL MEDIO AMBIENTE;1;2C;0;0;0,2011;0,8901;0,6890;1,0000;0,0000;0,7555
101520;FB;FUNDAMENTOS DE BIOLOGÍA;1;1C;101553;IGA;INTERACCIÓN DE GENES Y AMBIENTE;4;1C;0;0;0,1029;0,7918;0,6889;1,0000;0,0000;0,2645
101537;GMF;GESTIÓN DEL MEDIO FÍSICO;3;1C;101552;ADA;ANÁLISIS DE DATOS AMBIENTALES;4;1C;0;0;0,0039;0,6924;0,6885;1,0000;0,0000;0,0000
101565;TPEU;TECNICAS PARA LA EVALUACIÓN URBANA;4;2C;660059;OGP;ORGANIZACIÓN Y GESTIÓN DE PROYECTOS;4;1C;0;0;0,0748;0,7626;0,6878;1,0000;0,0000;0,0000
101547;CE;CALIDAD Y EMPRESA;4;1C;660059;OGP;ORGANIZACIÓN Y GESTIÓN DE PROYECTOS;4;1C;0;0;0,0298;0,7171;0,6873;1,0000;0,0000;0,0000
101553;IGA;INTERACCIÓN DE GENES Y AMBIENTE;4;1C;101554;TTPSS;TEORÍAS Y TÉCNICAS PARA LA SOSTENIBILIDAD SOCIOAMBIENTAL;4;2C;0;0;0,0078;0,6948;0,6870;1,0000;0,0000;0,0000
101539;BBPGM;BASES BOTÁNICAS PARA LA GESTIÓN DEL MEDIOAMBIENTE;1;2C;101558;CCMC;CONTROL DE LA CONTAMINACIÓN MEDIANTE CATÁLISIS;4;2C;0;0;0,0118;0,6981;0,6863;1,0000;0,0000;0,0000
101545;EST;ESTADÍSTICA;1;2C;101555;EV;ECOFISIOLOGÍA VEGETAL;4;2C;0;0;0,0002;0,6862;0,6860;1,0000;0,0000;0,0000
101534;CA;CONTAMINACIÓN ATMOSFÉRICA;3;2C;101552;ADA;ANÁLISIS DE DATOS AMBIENTALES;4;1C;0;0;0,0072;0,6928;0,6856;1,0000;0,0000;0,0000
101537;GMF;GESTIÓN DEL MEDIO FÍSICO;3;1C;101538;FZPEMA;FUNDAMENTOS ZOOLÓGICOS PARA EL ESTUDIO DEL MEDIO AMBIENTE;1;2C;0;0;0,0248;0,7060;0,6812;1,0000;0,0000;0,0000
101524;QA;QUÍMICA AMBIENTAL;2;1C;101527;MC;METEOROLOGÍA Y CLIMATOLOGÍA;2;1C;0;0;0,0471;0,7278;0,6807;1,0000;0,0000;0,0000
101526;FF;FUNDAMENTOS DE FÍSICA;1;1C;101529;EA;ECONOMÍA AMBIENTAL;2;2C;0;0;0,0120;0,6926;0,6806;1,0000;0,0000;0,0000
101529;EA;ECONOMÍA AMBIENTAL;2;2C;101545;EST;ESTADÍSTICA;1;2C;0;0;0,0019;0,6818;0,6799;1,0000;0,0000;0,0000
101540;GEE;GESTIÓN ENERGÉTICA Y ECOEFICIENCIA;3;2C;101558;CCMC;CONTROL DE LA CONTAMINACIÓN MEDIANTE CATÁLISIS;4;2C;0;0;0,0097;0,6888;0,6791;1,0000;0,0000;0,0000
101523;FQ;FUNDAMENTOS DE QUÍMICA;1;1C;101524;QA;QUÍMICA AMBIENTAL;2;1C;0;0;0,2495;0,9268;0,6773;1,0000;0,0000;0,9975
101527;MC;METEOROLOGÍA Y CLIMATOLOGÍA;2;1C;101539;BBPGM;BASES BOTÁNICAS PARA LA GESTIÓN DEL MEDIOAMBIENTE;1;2C;0;0;0,0157;0,6911;0,6754;1,0000;0,0000;0,0000
101539;BBPGM;BASES BOTÁNICAS PARA LA GESTIÓN DEL MEDIOAMBIENTE;1;2C;101548;TASP;TOXICOLOGÍA AMBIENTAL Y SALUD PÚBLICA;3;1C;0;0;0,0187;0,6936;0,6749;1,0000;0,0000;0,0000
101531;ALA;ADMINISTRACIÓN Y LEGISLACIÓN AMBIENTAL;2;1C;660006;GEO;GEOLOGÍA;1;1C;0;0;0,0136;0,6883;0,6747;1,0000;0,0000;0,0000
101536;OTRN;ORDENACIÓN DEL TERRITORIO Y RIESGOS NATURALES;3;1C;101542;SGAA;SISTEMAS DE GESTIÓN Y AUDITORÍAS AMBIENTALES;3;2C;0;0;0,0129;0,6867;0,6738;1,0000;0,0000;0,0000
101543;SIG;SISTEMAS DE INFORMACIÓN GEOGRÁFICA;2;1C;101552;ADA;ANÁLISIS DE DATOS AMBIENTALES;4;1C;0;0;0,0210;0,6947;0,6737;1,0000;0,0000;0,0000
101521;E;ECOLOGÍA;2;1C;101529;EA;ECONOMÍA AMBIENTAL;2;2C;0;0;0,0515;0,7230;0,6715;1,0000;0,0000;0,0000
101529;EA;ECONOMÍA AMBIENTAL;2;2C;101542;SGAA;SISTEMAS DE GESTIÓN Y AUDITORÍAS AMBIENTALES;3;2C;0;0;0,0289;0,6977;0,6688;1,0000;0,0000;0,0000
101542;SGAA;SISTEMAS DE GESTIÓN Y AUDITORÍAS AMBIENTALES;3;2C;660059;OGP;ORGANIZACIÓN Y GESTIÓN DE PROYECTOS;4;1C;0;0;0,0438;0,7101;0,6663;1,0000;0,0000;0,0000
101520;FB;FUNDAMENTOS DE BIOLOGÍA;1;1C;101527;MC;METEOROLOGÍA Y CLIMATOLOGÍA;2;1C;0;0;0,0146;0,6801;0,6655;1,0000;0,0000;0,0000
101527;MC;METEOROLOGÍA Y CLIMATOLOGÍA;2;1C;101529;EA;ECONOMÍA AMBIENTAL;2;2C;0;0;0,0112;0,6767;0,6655;1,0000;0,0000;0,0000
101530;AHMA;ACTIVIDADES HUMANAS Y MEDIO AMBIENTE;1;2C;101536;OTRN;ORDENACIÓN DEL TERRITORIO Y RIESGOS NATURALES;3;1C;0;0;0,0341;0,6995;0,6654;1,0000;0,0000;0,0000
101529;EA;ECONOMÍA AMBIENTAL;2;2C;101537;GMF;GESTIÓN DEL MEDIO FÍSICO;3;1C;0;0;0,0151;0,6786;0,6635;1,0000;0,0000;0,0000
101561;GRUI;GESTIÓN DE RESIDUOS URBANOS E INDUSTRIALES;4;2C;660059;OGP;ORGANIZACIÓN Y GESTIÓN DE PROYECTOS;4;1C;0;0;0,0266;0,6897;0,6631;1,0000;0,0000;0,0000
101529;EA;ECONOMÍA AMBIENTAL;2;2C;660007;EDAF;EDAFOLOGÍA;2;2C;0;0;0,0048;0,6649;0,6601;1,0000;0,0000;0,0000
101542;SGAA;SISTEMAS DE GESTIÓN Y AUDITORÍAS AMBIENTALES;3;2C;101549;GE;GESTIÓN DE ECOSISTEMAS;2;2C;0;0;0,0819;0,7417;0,6598;1,0000;0,0000;0,1595
101529;EA;ECONOMÍA AMBIENTAL;2;2C;101540;GEE;GESTIÓN ENERGÉTICA Y ECOEFICIENCIA;3;2C;0;0;0,0390;0,6980;0,6590;1,0000;0,0000;0,0000
101520;FB;FUNDAMENTOS DE BIOLOGÍA;1;1C;101537;GMF;GESTIÓN DEL MEDIO FÍSICO;3;1C;0;0;0,0166;0,6752;0,6586;1,0000;0,0000;0,0000
101520;FB;FUNDAMENTOS DE BIOLOGÍA;1;1C;101561;GRUI;GESTIÓN DE RESIDUOS URBANOS E INDUSTRIALES;4;2C;0;0;0,0077;0,6655;0,6578;1,0000;0,0000;0,0000
101520;FB;FUNDAMENTOS DE BIOLOGÍA;1;1C;101526;FF;FUNDAMENTOS DE FÍSICA;1;1C;0;0;0,0027;0,6599;0,6572;1,0000;0,0000;0,0000
101520;FB;FUNDAMENTOS DE BIOLOGÍA;1;1C;101547;CE;CALIDAD Y EMPRESA;4;1C;0;0;0,0178;0,6746;0,6568;1,0000;0,0000;0,0000
101537;GMF;GESTIÓN DEL MEDIO FÍSICO;3;1C;101549;GE;GESTIÓN DE ECOSISTEMAS;2;2C;0;0;0,0594;0,7162;0,6568;1,0000;0,0000;0,0470
101520;FB;FUNDAMENTOS DE BIOLOGÍA;1;1C;101540;GEE;GESTIÓN ENERGÉTICA Y ECOEFICIENCIA;3;2C;0;0;0,0061;0,6578;0,6517;1,0000;0,0000;0,0000
101541;EIAIPC;EVALUACIÓN DE IMPACTO AMBIENTAL: INSTRUMENTOS DE PREVENCIÓN Y CONTROL;4;1C;101547;CE;CALIDAD Y EMPRESA;4;1C;0;0;0,0582;0,7077;0,6495;1,0000;0,0410;0,0000
101539;BBPGM;BASES BOTÁNICAS PARA LA GESTIÓN DEL MEDIOAMBIENTE;1;2C;101553;IGA;INTERACCIÓN DE GENES Y AMBIENTE;4;1C;0;0;0,0049;0,6542;0,6493;1,0000;0,0000;0,0000
101552;ADA;ANÁLISIS DE DATOS AMBIENTALES;4;1C;660007;EDAF;EDAFOLOGÍA;2;2C;0;0;0,0044;0,6531;0,6487;1,0000;0,0000;0,0000
101528;FM;FUNDAMENTOS DE MATEMÁTICAS;1;1C;101544;CA;CARTOGRAFÍA APLICADA;1;2C;0;0;0,0289;0,6753;0,6464;1,0000;0,0000;0,0000
101538;FZPEMA;FUNDAMENTOS ZOOLÓGICOS PARA EL ESTUDIO DEL MEDIO AMBIENTE;1;2C;101554;TTPSS;TEORÍAS Y TÉCNICAS PARA LA SOSTENIBILIDAD SOCIOAMBIENTAL;4;2C;0;0;0,0065;0,6486;0,6421;1,0000;0,0000;0,0000
101528;FM;FUNDAMENTOS DE MATEMÁTICAS;1;1C;101561;GRUI;GESTIÓN DE RESIDUOS URBANOS E INDUSTRIALES;4;2C;0;0;0,0125;0,6538;0,6413;1,0000;0,0000;0,0000
101520;FB;FUNDAMENTOS DE BIOLOGÍA;1;1C;101563;FA;FISICOQUÍMICA DE AGUAS;4;2C;0;0;0,0263;0,6664;0,6401;1,0000;0,0000;0,0000
101532;BIA;BASES DE INGENIERIA AMBIENTAL;2;2C;101552;ADA;ANÁLISIS DE DATOS AMBIENTALES;4;1C;0;0;0,0128;0,6514;0,6386;1,0000;0,0000;0,0000
101529;EA;ECONOMÍA AMBIENTAL;2;2C;101541;EIAIPC;EVALUACIÓN DE IMPACTO AMBIENTAL: INSTRUMENTOS DE PREVENCIÓN Y CONTROL;4;1C;0;0;0,0398;0,6783;0,6385;1,0000;0,0000;0,0000
101553;IGA;INTERACCIÓN DE GENES Y AMBIENTE;4;1C;101561;GRUI;GESTIÓN DE RESIDUOS URBANOS E INDUSTRIALES;4;2C;0;0;0,0075;0,6458;0,6383;1,0000;0,0000;0,0000
101530;AHMA;ACTIVIDADES HUMANAS Y MEDIO AMBIENTE;1;2C;101558;CCMC;CONTROL DE LA CONTAMINACIÓN MEDIANTE CATÁLISIS;4;2C;0;0;0,0182;0,6553;0,6371;1,0000;0,0000;0,0000
101524;QA;QUÍMICA AMBIENTAL;2;1C;101545;EST;ESTADÍSTICA;1;2C;0;0;0,0028;0,6383;0,6355;1,0000;0,0000;0,0000
101521;E;ECOLOGÍA;2;1C;101549;GE;GESTIÓN DE ECOSISTEMAS;2;2C;1;1;0,1880;0,8203;0,6323;1,0000;0,0000;0,0000
101558;CCMC;CONTROL DE LA CONTAMINACIÓN MEDIANTE CATÁLISIS;4;2C;101563;FA;FISICOQUÍMICA DE AGUAS;4;2C;0;0;0,0258;0,6579;0,6321;1,0000;0,0000;0,0000
101533;TAR;TRATAMIENTO DE AGUAS RESIDUALES;3;1C;101558;CCMC;CONTROL DE LA CONTAMINACIÓN MEDIANTE CATÁLISIS;4;2C;0;0;0,0331;0,6635;0,6304;1,0000;0,0000;0,0000
101529;EA;ECONOMÍA AMBIENTAL;2;2C;101547;CE;CALIDAD Y EMPRESA;4;1C;0;0;0,0643;0,6918;0,6275;1,0000;0,0000;0,0715
101542;SGAA;SISTEMAS DE GESTIÓN Y AUDITORÍAS AMBIENTALES;3;2C;101557;GCP;GESTIÓN DE CAZA Y PESCA;4;2C;0;0;0,0587;0,6836;0,6249;1,0000;0,0000;0,0435
101529;EA;ECONOMÍA AMBIENTAL;2;2C;101558;CCMC;CONTROL DE LA CONTAMINACIÓN MEDIANTE CATÁLISIS;4;2C;0;0;0,0103;0,6337;0,6234;1,0000;0,0000;0,0000
101536;OTRN;ORDENACIÓN DEL TERRITORIO Y RIESGOS NATURALES;3;1C;101541;EIAIPC;EVALUACIÓN DE IMPACTO AMBIENTAL: INSTRUMENTOS DE PREVENCIÓN Y CONTROL;4;1C;0;0;0,0173;0,6384;0,6211;1,0000;0,0000;0,0000
101527;MC;METEOROLOGÍA Y CLIMATOLOGÍA;2;1C;660006;GEO;GEOLOGÍA;1;1C;0;0;0,0356;0,6523;0,6167;1,0000;0,0000;0,0000
101532;BIA;BASES DE INGENIERIA AMBIENTAL;2;2C;101539;BBPGM;BASES BOTÁNICAS PARA LA GESTIÓN DEL MEDIOAMBIENTE;1;2C;0;0;0,0150;0,6313;0,6163;1,0000;0,0000;0,0000
101537;GMF;GESTIÓN DEL MEDIO FÍSICO;3;1C;101558;CCMC;CONTROL DE LA CONTAMINACIÓN MEDIANTE CATÁLISIS;4;2C;0;0;0,0234;0,6396;0,6162;1,0000;0,0000;0,0000
101537;GMF;GESTIÓN DEL MEDIO FÍSICO;3;1C;660006;GEO;GEOLOGÍA;1;1C;0;0;0,0186;0,6331;0,6145;1,0000;0,0000;0,0000
101548;TASP;TOXICOLOGÍA AMBIENTAL Y SALUD PÚBLICA;3;1C;101561;GRUI;GESTIÓN DE RESIDUOS URBANOS E INDUSTRIALES;4;2C;0;0;0,0329;0,6468;0,6139;1,0000;0,0000;0,0000
101529;EA;ECONOMÍA AMBIENTAL;2;2C;101552;ADA;ANÁLISIS DE DATOS AMBIENTALES;4;1C;0;0;0,0198;0,6320;0,6122;1,0000;0,0000;0,0000
101539;BBPGM;BASES BOTÁNICAS PARA LA GESTIÓN DEL MEDIOAMBIENTE;1;2C;101542;SGAA;SISTEMAS DE GESTIÓN Y AUDITORÍAS AMBIENTALES;3;2C;0;0;0,0022;0,6134;0,6112;1,0000;0,0000;0,0000
101526;FF;FUNDAMENTOS DE FÍSICA;1;1C;101552;ADA;ANÁLISIS DE DATOS AMBIENTALES;4;1C;0;0;0,0306;0,6412;0,6106;1,0000;0,0000;0,0000
101540;GEE;GESTIÓN ENERGÉTICA Y ECOEFICIENCIA;3;2C;101552;ADA;ANÁLISIS DE DATOS AMBIENTALES;4;1C;0;0;0,0014;0,6112;0,6098;1,0000;0,0000;0,0000
101520;FB;FUNDAMENTOS DE BIOLOGÍA;1;1C;101542;SGAA;SISTEMAS DE GESTIÓN Y AUDITORÍAS AMBIENTALES;3;2C;0;0;0,0181;0,6271;0,6090;1,0000;0,0000;0,0000
101529;EA;ECONOMÍA AMBIENTAL;2;2C;101555;EV;ECOFISIOLOGÍA VEGETAL;4;2C;0;0;0,0035;0,6114;0,6079;1,0000;0,0000;0,0000
101528;FM;FUNDAMENTOS DE MATEMÁTICAS;1;1C;101532;BIA;BASES DE INGENIERIA AMBIENTAL;2;2C;0;0;0,0164;0,6193;0,6029;1,0000;0,0000;0,0000
101523;FQ;FUNDAMENTOS DE QUÍMICA;1;1C;101558;CCMC;CONTROL DE LA CONTAMINACIÓN MEDIANTE CATÁLISIS;4;2C;0;0;0,0346;0,6358;0,6012;1,0000;0,0000;0,0000
101551;CNRAP;CONSERVACIÓN DE LA NATURALEZA:RESTAURACIÓN Y REHABILITACIÓN AMBIENTAL. PAISAJISMO;3;2C;101552;ADA;ANÁLISIS DE DATOS AMBIENTALES;4;1C;0;0;0,0390;0,6392;0,6002;1,0000;0,0000;0,0000
101530;AHMA;ACTIVIDADES HUMANAS Y MEDIO AMBIENTE;1;2C;101538;FZPEMA;FUNDAMENTOS ZOOLÓGICOS PARA EL ESTUDIO DEL MEDIO AMBIENTE;1;2C;0;0;0,0141;0,6132;0,5991;1,0000;0,0000;0,0000
101520;FB;FUNDAMENTOS DE BIOLOGÍA;1;1C;101524;QA;QUÍMICA AMBIENTAL;2;1C;0;0;0,0267;0,6246;0,5979;1,0000;0,0000;0,0000
101549;GE;GESTIÓN DE ECOSISTEMAS;2;2C;101553;IGA;INTERACCIÓN DE GENES Y AMBIENTE;4;1C;0;0;0,0087;0,6064;0,5977;1,0000;0,0000;0,0000
101530;AHMA;ACTIVIDADES HUMANAS Y MEDIO AMBIENTE;1;2C;101553;IGA;INTERACCIÓN DE GENES Y AMBIENTE;4;1C;0;0;0,0071;0,6045;0,5974;1,0000;0,0000;0,0000
101538;FZPEMA;FUNDAMENTOS ZOOLÓGICOS PARA EL ESTUDIO DEL MEDIO AMBIENTE;1;2C;101561;GRUI;GESTIÓN DE RESIDUOS URBANOS E INDUSTRIALES;4;2C;0;0;0,0134;0,6097;0,5963;1,0000;0,0000;0,0000
101529;EA;ECONOMÍA AMBIENTAL;2;2C;660059;OGP;ORGANIZACIÓN Y GESTIÓN DE PROYECTOS;4;1C;0;0;0,0356;0,6302;0,5946;1,0000;0,0000;0,0000
101529;EA;ECONOMÍA AMBIENTAL;2;2C;101543;SIG;SISTEMAS DE INFORMACIÓN GEOGRÁFICA;2;1C;0;0;0,0095;0,6035;0,5940;1,0000;0,0000;0,0000
101560;PTU;PLANEAMIENTO TERRITORIAL Y URBANO;4;1C;101565;TPEU;TECNICAS PARA LA EVALUACIÓN URBANA;4;2C;0;0;0,3131;0,9053;0,5922;1,0000;0,0000;0,0000
101530;AHMA;ACTIVIDADES HUMANAS Y MEDIO AMBIENTE;1;2C;101560;PTU;PLANEAMIENTO TERRITORIAL Y URBANO;4;1C;0;0;0,0749;0,6666;0,5917;1,0000;0,0000;0,1245
101531;ALA;ADMINISTRACIÓN Y LEGISLACIÓN AMBIENTAL;2;1C;101560;PTU;PLANEAMIENTO TERRITORIAL Y URBANO;4;1C;0;0;0,0241;0,6140;0,5899;1,0000;0,0000;0,0000
101528;FM;FUNDAMENTOS DE MATEMÁTICAS;1;1C;101530;AHMA;ACTIVIDADES HUMANAS Y MEDIO AMBIENTE;1;2C;0;0;0,0089;0,5979;0,5890;1,0000;0,0000;0,0000
101537;GMF;GESTIÓN DEL MEDIO FÍSICO;3;1C;101541;EIAIPC;EVALUACIÓN DE IMPACTO AMBIENTAL: INSTRUMENTOS DE PREVENCIÓN Y CONTROL;4;1C;0;0;0,0787;0,6677;0,5890;1,0000;0,0000;0,1435
101520;FB;FUNDAMENTOS DE BIOLOGÍA;1;1C;101529;EA;ECONOMÍA AMBIENTAL;2;2C;0;0;0,0135;0,6012;0,5877;1,0000;0,0000;0,0000
101539;BBPGM;BASES BOTÁNICAS PARA LA GESTIÓN DEL MEDIOAMBIENTE;1;2C;101543;SIG;SISTEMAS DE INFORMACIÓN GEOGRÁFICA;2;1C;0;0;0,0256;0,6115;0,5859;1,0000;0,0000;0,0000
101539;BBPGM;BASES BOTÁNICAS PARA LA GESTIÓN DEL MEDIOAMBIENTE;1;2C;660007;EDAF;EDAFOLOGÍA;2;2C;0;0;0,0145;0,5986;0,5841;1,0000;0,0000;0,0000
101527;MC;METEOROLOGÍA Y CLIMATOLOGÍA;2;1C;101534;CA;CONTAMINACIÓN ATMOSFÉRICA;3;2C;0;0;0,0517;0,6342;0,5825;1,0000;0,0000;0,0085
101520;FB;FUNDAMENTOS DE BIOLOGÍA;1;1C;101555;EV;ECOFISIOLOGÍA VEGETAL;4;2C;0;0;0,1067;0,6855;0,5788;1,0000;0,0000;0,2835
101537;GMF;GESTIÓN DEL MEDIO FÍSICO;3;1C;660059;OGP;ORGANIZACIÓN Y GESTIÓN DE PROYECTOS;4;1C;0;0;0,0069;0,5856;0,5787;1,0000;0,0000;0,0000
101549;GE;GESTIÓN DE ECOSISTEMAS;2;2C;660059;OGP;ORGANIZACIÓN Y GESTIÓN DE PROYECTOS;4;1C;0;0;0,0188;0,5971;0,5783;1,0000;0,0000;0,0000
101526;FF;FUNDAMENTOS DE FÍSICA;1;1C;101539;BBPGM;BASES BOTÁNICAS PARA LA GESTIÓN DEL MEDIOAMBIENTE;1;2C;0;0;0,0013;0,5794;0,5781;1,0000;0,0000;0,0000
101528;FM;FUNDAMENTOS DE MATEMÁTICAS;1;1C;101540;GEE;GESTIÓN ENERGÉTICA Y ECOEFICIENCIA;3;2C;0;0;0,0022;0,5796;0,5774;1,0000;0,0000;0,0000
101520;FB;FUNDAMENTOS DE BIOLOGÍA;1;1C;101530;AHMA;ACTIVIDADES HUMANAS Y MEDIO AMBIENTE;1;2C;0;0;0,0252;0,6016;0,5764;1,0000;0,0000;0,0000
101527;MC;METEOROLOGÍA Y CLIMATOLOGÍA;2;1C;101561;GRUI;GESTIÓN DE RESIDUOS URBANOS E INDUSTRIALES;4;2C;0;0;0,0115;0,5870;0,5755;1,0000;0,0000;0,0000
101528;FM;FUNDAMENTOS DE MATEMÁTICAS;1;1C;101548;TASP;TOXICOLOGÍA AMBIENTAL Y SALUD PÚBLICA;3;1C;0;0;0,0190;0,5943;0,5753;1,0000;0,0000;0,0000
101520;FB;FUNDAMENTOS DE BIOLOGÍA;1;1C;101554;TTPSS;TEORÍAS Y TÉCNICAS PARA LA SOSTENIBILIDAD SOCIOAMBIENTAL;4;2C;0;0;0,0175;0,5924;0,5749;1,0000;0,0000;0,0000
101539;BBPGM;BASES BOTÁNICAS PARA LA GESTIÓN DEL MEDIOAMBIENTE;1;2C;660059;OGP;ORGANIZACIÓN Y GESTIÓN DE PROYECTOS;4;1C;0;0;0,0059;0,5800;0,5741;1,0000;0,0000;0,0000
101539;BBPGM;BASES BOTÁNICAS PARA LA GESTIÓN DEL MEDIOAMBIENTE;1;2C;101540;GEE;GESTIÓN ENERGÉTICA Y ECOEFICIENCIA;3;2C;0;0;0,0023;0,5755;0,5732;1,0000;0,0000;0,0000
101537;GMF;GESTIÓN DEL MEDIO FÍSICO;3;1C;101548;TASP;TOXICOLOGÍA AMBIENTAL Y SALUD PÚBLICA;3;1C;0;0;0,0368;0,6097;0,5729;1,0000;0,0000;0,0000
101530;AHMA;ACTIVIDADES HUMANAS Y MEDIO AMBIENTE;1;2C;101552;ADA;ANÁLISIS DE DATOS AMBIENTALES;4;1C;0;0;0,0156;0,5868;0,5712;1,0000;0,0000;0,0000
101531;ALA;ADMINISTRACIÓN Y LEGISLACIÓN AMBIENTAL;2;1C;101551;CNRAP;CONSERVACIÓN DE LA NATURALEZA:RESTAURACIÓN Y REHABILITACIÓN AMBIENTAL. PAISAJISMO;3;2C;0;0;0,1481;0,7178;0,5697;1,0000;0,0000;0,4905
101527;MC;METEOROLOGÍA Y CLIMATOLOGÍA;2;1C;101537;GMF;GESTIÓN DEL MEDIO FÍSICO;3;1C;0;0;0,0174;0,5860;0,5686;1,0000;0,0000;0,0000
101558;CCMC;CONTROL DE LA CONTAMINACIÓN MEDIANTE CATÁLISIS;4;2C;660006;GEO;GEOLOGÍA;1;1C;0;0;0,0153;0,5785;0,5632;1,0000;0,0000;0,0000
101526;FF;FUNDAMENTOS DE FÍSICA;1;1C;101528;FM;FUNDAMENTOS DE MATEMÁTICAS;1;1C;0;0;0,0100;0,5729;0,5629;1,0000;0,0000;0,0000
101536;OTRN;ORDENACIÓN DEL TERRITORIO Y RIESGOS NATURALES;3;1C;101554;TTPSS;TEORÍAS Y TÉCNICAS PARA LA SOSTENIBILIDAD SOCIOAMBIENTAL;4;2C;0;0;0,0216;0,5835;0,5619;1,0000;0,0000;0,0000
101537;GMF;GESTIÓN DEL MEDIO FÍSICO;3;1C;101557;GCP;GESTIÓN DE CAZA Y PESCA;4;2C;0;0;0,0501;0,6105;0,5604;1,0000;0,0000;0,0005
101520;FB;FUNDAMENTOS DE BIOLOGÍA;1;1C;101538;FZPEMA;FUNDAMENTOS ZOOLÓGICOS PARA EL ESTUDIO DEL MEDIO AMBIENTE;1;2C;0;0;0,1550;0,7148;0,5598;1,0000;0,0000;0,0000
101541;EIAIPC;EVALUACIÓN DE IMPACTO AMBIENTAL: INSTRUMENTOS DE PREVENCIÓN Y CONTROL;4;1C;101565;TPEU;TECNICAS PARA LA EVALUACIÓN URBANA;4;2C;0;0;0,0987;0,6575;0,5588;1,0000;0,0000;0,0000
101520;FB;FUNDAMENTOS DE BIOLOGÍA;1;1C;101523;FQ;FUNDAMENTOS DE QUÍMICA;1;1C;0;0;0,0315;0,5898;0,5583;1,0000;0,0000;0,0000
101528;FM;FUNDAMENTOS DE MATEMÁTICAS;1;1C;660007;EDAF;EDAFOLOGÍA;2;2C;0;0;0,0324;0,5887;0,5563;1,0000;0,0000;0,0000
101520;FB;FUNDAMENTOS DE BIOLOGÍA;1;1C;101552;ADA;ANÁLISIS DE DATOS AMBIENTALES;4;1C;0;0;0,0146;0,5707;0,5561;1,0000;0,0000;0,0000
101521;E;ECOLOGÍA;2;1C;101554;TTPSS;TEORÍAS Y TÉCNICAS PARA LA SOSTENIBILIDAD SOCIOAMBIENTAL;4;2C;0;0;0,0628;0,6171;0,5543;1,0000;0,0000;0,0640
101534;CA;CONTAMINACIÓN ATMOSFÉRICA;3;2C;101537;GMF;GESTIÓN DEL MEDIO FÍSICO;3;1C;0;0;0,0066;0,5603;0,5537;1,0000;0,0000;0,0000
101520;FB;FUNDAMENTOS DE BIOLOGÍA;1;1C;101528;FM;FUNDAMENTOS DE MATEMÁTICAS;1;1C;0;0;0,0132;0,5668;0,5536;1,0000;0,0000;0,0000
101529;EA;ECONOMÍA AMBIENTAL;2;2C;101533;TAR;TRATAMIENTO DE AGUAS RESIDUALES;3;1C;0;0;0,0223;0,5749;0,5526;1,0000;0,0000;0,0000
101550;QAM;QUÍMICA ANALÍTICA MEDIOAMBIENTAL;3;1C;101558;CCMC;CONTROL DE LA CONTAMINACIÓN MEDIANTE CATÁLISIS;4;2C;0;0;0,0133;0,5652;0,5519;1,0000;0,0000;0,0000
101521;E;ECOLOGÍA;2;1C;101561;GRUI;GESTIÓN DE RESIDUOS URBANOS E INDUSTRIALES;4;2C;0;0;0,0516;0,6021;0,5505;1,0000;0,0000;0,0080
101531;ALA;ADMINISTRACIÓN Y LEGISLACIÓN AMBIENTAL;2;1C;101534;CA;CONTAMINACIÓN ATMOSFÉRICA;3;2C;0;0;0,1565;0,7018;0,5453;1,0000;0,0000;0,5325
101531;ALA;ADMINISTRACIÓN Y LEGISLACIÓN AMBIENTAL;2;1C;101541;EIAIPC;EVALUACIÓN DE IMPACTO AMBIENTAL: INSTRUMENTOS DE PREVENCIÓN Y CONTROL;4;1C;0;0;0,0181;0,5588;0,5407;1,0000;0,0000;0,0000
101520;FB;FUNDAMENTOS DE BIOLOGÍA;1;1C;101550;QAM;QUÍMICA ANALÍTICA MEDIOAMBIENTAL;3;1C;0;0;0,0757;0,6152;0,5395;1,0000;0,0000;0,1285
101531;ALA;ADMINISTRACIÓN Y LEGISLACIÓN AMBIENTAL;2;1C;660059;OGP;ORGANIZACIÓN Y GESTIÓN DE PROYECTOS;4;1C;0;0;0,0454;0,5831;0,5377;1,0000;0,0000;0,0000
101520;FB;FUNDAMENTOS DE BIOLOGÍA;1;1C;101557;GCP;GESTIÓN DE CAZA Y PESCA;4;2C;0;0;0,0619;0,5986;0,5367;1,0000;0,0000;0,0595
101520;FB;FUNDAMENTOS DE BIOLOGÍA;1;1C;101536;OTRN;ORDENACIÓN DEL TERRITORIO Y RIESGOS NATURALES;3;1C;0;0;0,0650;0,6007;0,5357;1,0000;0,0000;0,0750
101536;OTRN;ORDENACIÓN DEL TERRITORIO Y RIESGOS NATURALES;3;1C;101561;GRUI;GESTIÓN DE RESIDUOS URBANOS E INDUSTRIALES;4;2C;0;0;0,0120;0,5468;0,5348;1,0000;0,0000;0,0000
101528;FM;FUNDAMENTOS DE MATEMÁTICAS;1;1C;101554;TTPSS;TEORÍAS Y TÉCNICAS PARA LA SOSTENIBILIDAD SOCIOAMBIENTAL;4;2C;0;0;0,0062;0,5395;0,5333;1,0000;0,0000;0,0000
101538;FZPEMA;FUNDAMENTOS ZOOLÓGICOS PARA EL ESTUDIO DEL MEDIO AMBIENTE;1;2C;101549;GE;GESTIÓN DE ECOSISTEMAS;2;2C;0;0;0,0348;0,5668;0,5320;1,0000;0,0000;0,0000
101548;TASP;TOXICOLOGÍA AMBIENTAL Y SALUD PÚBLICA;3;1C;101554;TTPSS;TEORÍAS Y TÉCNICAS PARA LA SOSTENIBILIDAD SOCIOAMBIENTAL;4;2C;0;0;0,0212;0,5532;0,5320;1,0000;0,0000;0,0000
101538;FZPEMA;FUNDAMENTOS ZOOLÓGICOS PARA EL ESTUDIO DEL MEDIO AMBIENTE;1;2C;660059;OGP;ORGANIZACIÓN Y GESTIÓN DE PROYECTOS;4;1C;0;0;0,0138;0,5454;0,5316;1,0000;0,0000;0,0000
101552;ADA;ANÁLISIS DE DATOS AMBIENTALES;4;1C;101554;TTPSS;TEORÍAS Y TÉCNICAS PARA LA SOSTENIBILIDAD SOCIOAMBIENTAL;4;2C;0;0;0,0076;0,5363;0,5287;1,0000;0,0000;0,0000
101520;FB;FUNDAMENTOS DE BIOLOGÍA;1;1C;660007;EDAF;EDAFOLOGÍA;2;2C;0;0;0,0555;0,5832;0,5277;1,0000;0,0000;0,0275
101532;BIA;BASES DE INGENIERIA AMBIENTAL;2;2C;101561;GRUI;GESTIÓN DE RESIDUOS URBANOS E INDUSTRIALES;4;2C;0;0;0,0327;0,5599;0,5272;1,0000;0,0000;0,0000
101541;EIAIPC;EVALUACIÓN DE IMPACTO AMBIENTAL: INSTRUMENTOS DE PREVENCIÓN Y CONTROL;4;1C;101549;GE;GESTIÓN DE ECOSISTEMAS;2;2C;0;0;0,0317;0,5572;0,5255;1,0000;0,0000;0,0000
101530;AHMA;ACTIVIDADES HUMANAS Y MEDIO AMBIENTE;1;2C;101548;TASP;TOXICOLOGÍA AMBIENTAL Y SALUD PÚBLICA;3;1C;0;0;0,0207;0,5435;0,5228;1,0000;0,0000;0,0000
101542;SGAA;SISTEMAS DE GESTIÓN Y AUDITORÍAS AMBIENTALES;3;2C;101548;TASP;TOXICOLOGÍA AMBIENTAL Y SALUD PÚBLICA;3;1C;0;0;0,0334;0,5557;0,5223;1,0000;0,0000;0,0000
101548;TASP;TOXICOLOGÍA AMBIENTAL Y SALUD PÚBLICA;3;1C;101552;ADA;ANÁLISIS DE DATOS AMBIENTALES;4;1C;0;0;0,0313;0,5536;0,5223;1,0000;0,0000;0,0000
101534;CA;CONTAMINACIÓN ATMOSFÉRICA;3;2C;660007;EDAF;EDAFOLOGÍA;2;2C;0;0;0,0098;0,5319;0,5221;1,0000;0,0000;0,0000
101545;EST;ESTADÍSTICA;1;2C;101561;GRUI;GESTIÓN DE RESIDUOS URBANOS E INDUSTRIALES;4;2C;0;0;0,0058;0,5250;0,5192;1,0000;0,0000;0,0000
101535;CSPROAI;CONTAMINACIÓN DE LOS SUELOS POR RESIDUOS ORGÁNICOS, AGRÍCOLAS E INDUSTRIALES;3;2C;101558;CCMC;CONTROL DE LA CONTAMINACIÓN MEDIANTE CATÁLISIS;4;2C;0;0;0,0548;0,5730;0,5182;1,0000;0,0000;0,0240
101528;FM;FUNDAMENTOS DE MATEMÁTICAS;1;1C;101555;EV;ECOFISIOLOGÍA VEGETAL;4;2C;0;0;0,0064;0,5218;0,5154;1,0000;0,0000;0,0000
101532;BIA;BASES DE INGENIERIA AMBIENTAL;2;2C;101537;GMF;GESTIÓN DEL MEDIO FÍSICO;3;1C;0;0;0,0128;0,5277;0,5149;1,0000;0,0000;0,0000
101554;TTPSS;TEORÍAS Y TÉCNICAS PARA LA SOSTENIBILIDAD SOCIOAMBIENTAL;4;2C;101557;GCP;GESTIÓN DE CAZA Y PESCA;4;2C;0;0;0,0431;0,5577;0,5146;1,0000;0,0000;0,0000
101536;OTRN;ORDENACIÓN DEL TERRITORIO Y RIESGOS NATURALES;3;1C;101537;GMF;GESTIÓN DEL MEDIO FÍSICO;3;1C;0;0;0,0532;0,5673;0,5141;1,0000;0,0160;0,0000
101533;TAR;TRATAMIENTO DE AGUAS RESIDUALES;3;1C;101539;BBPGM;BASES BOTÁNICAS PARA LA GESTIÓN DEL MEDIOAMBIENTE;1;2C;0;0;0,0202;0,5340;0,5138;1,0000;0,0000;0,0000
101529;EA;ECONOMÍA AMBIENTAL;2;2C;101563;FA;FISICOQUÍMICA DE AGUAS;4;2C;0;0;0,0290;0,5426;0,5136;1,0000;0,0000;0,0000
101535;CSPROAI;CONTAMINACIÓN DE LOS SUELOS POR RESIDUOS ORGÁNICOS, AGRÍCOLAS E INDUSTRIALES;3;2C;101555;EV;ECOFISIOLOGÍA VEGETAL;4;2C;0;0;0,0257;0,5386;0,5129;1,0000;0,0000;0,0000
101539;BBPGM;BASES BOTÁNICAS PARA LA GESTIÓN DEL MEDIOAMBIENTE;1;2C;101555;EV;ECOFISIOLOGÍA VEGETAL;4;2C;0;0;0,0628;0,5741;0,5113;1,0000;0,0000;0,0640
101521;E;ECOLOGÍA;2;1C;101539;BBPGM;BASES BOTÁNICAS PARA LA GESTIÓN DEL MEDIOAMBIENTE;1;2C;0;0;0,0603;0,5662;0,5059;1,0000;0,0000;0,0515
101527;MC;METEOROLOGÍA Y CLIMATOLOGÍA;2;1C;101543;SIG;SISTEMAS DE INFORMACIÓN GEOGRÁFICA;2;1C;0;0;0,0545;0,5594;0,5049;1,0000;0,0225;0,0000
101553;IGA;INTERACCIÓN DE GENES Y AMBIENTE;4;1C;660059;OGP;ORGANIZACIÓN Y GESTIÓN DE PROYECTOS;4;1C;0;0;0,0074;0,5119;0,5045;1,0000;0,0000;0,0000
101530;AHMA;ACTIVIDADES HUMANAS Y MEDIO AMBIENTE;1;2C;101531;ALA;ADMINISTRACIÓN Y LEGISLACIÓN AMBIENTAL;2;1C;0;0;0,0630;0,5671;0,5041;1,0000;0,0000;0,0650
101528;FM;FUNDAMENTOS DE MATEMÁTICAS;1;1C;101547;CE;CALIDAD Y EMPRESA;4;1C;0;0;0,0292;0,5317;0,5025;1,0000;0,0000;0,0000
101554;TTPSS;TEORÍAS Y TÉCNICAS PARA LA SOSTENIBILIDAD SOCIOAMBIENTAL;4;2C;101558;CCMC;CONTROL DE LA CONTAMINACIÓN MEDIANTE CATÁLISIS;4;2C;0;0;0,0043;0,5047;0,5004;1,0000;0,0000;0,0000
101539;BBPGM;BASES BOTÁNICAS PARA LA GESTIÓN DEL MEDIOAMBIENTE;1;2C;101541;EIAIPC;EVALUACIÓN DE IMPACTO AMBIENTAL: INSTRUMENTOS DE PREVENCIÓN Y CONTROL;4;1C;0;0;0,0166;0,5167;0,5001;1,0000;0,0000;0,0000
101520;FB;FUNDAMENTOS DE BIOLOGÍA;1;1C;660059;OGP;ORGANIZACIÓN Y GESTIÓN DE PROYECTOS;4;1C;0;0;0,0197;0,5190;0,4993;0,9986;0,0000;0,0000
101524;QA;QUÍMICA AMBIENTAL;2;1C;101535;CSPROAI;CONTAMINACIÓN DE LOS SUELOS POR RESIDUOS ORGÁNICOS, AGRÍCOLAS E INDUSTRIALES;3;2C;0;0;0,0849;0,5823;0,4974;0,9948;0,0000;0,1745
101545;EST;ESTADÍSTICA;1;2C;101547;CE;CALIDAD Y EMPRESA;4;1C;0;0;0,0001;0,4936;0,4935;0,9870;0,0000;0,0000
101520;FB;FUNDAMENTOS DE BIOLOGÍA;1;1C;101549;GE;GESTIÓN DE ECOSISTEMAS;2;2C;0;0;0,0156;0,5066;0,4910;0,9820;0,0000;0,0000
101531;ALA;ADMINISTRACIÓN Y LEGISLACIÓN AMBIENTAL;2;1C;101537;GMF;GESTIÓN DEL MEDIO FÍSICO;3;1C;0;0;0,0083;0,4990;0,4907;0,9814;0,0000;0,0000
101523;FQ;FUNDAMENTOS DE QUÍMICA;1;1C;101529;EA;ECONOMÍA AMBIENTAL;2;2C;0;0;0,0202;0,5097;0,4895;0,9790;0,0000;0,0000
101537;GMF;GESTIÓN DEL MEDIO FÍSICO;3;1C;101545;EST;ESTADÍSTICA;1;2C;0;0;0,0000;0,4877;0,4877;0,9754;0,0000;0,0000
101529;EA;ECONOMÍA AMBIENTAL;2;2C;101550;QAM;QUÍMICA ANALÍTICA MEDIOAMBIENTAL;3;1C;0;0;0,0097;0,4961;0,4864;0,9728;0,0000;0,0000
101547;CE;CALIDAD Y EMPRESA;4;1C;101548;TASP;TOXICOLOGÍA AMBIENTAL Y SALUD PÚBLICA;3;1C;0;0;0,0450;0,5290;0,4840;0,9680;0,0000;0,0000
101533;TAR;TRATAMIENTO DE AGUAS RESIDUALES;3;1C;101552;ADA;ANÁLISIS DE DATOS AMBIENTALES;4;1C;0;0;0,0000;0,4838;0,4838;0,9676;0,0000;0,0000
101541;EIAIPC;EVALUACIÓN DE IMPACTO AMBIENTAL: INSTRUMENTOS DE PREVENCIÓN Y CONTROL;4;1C;101553;IGA;INTERACCIÓN DE GENES Y AMBIENTE;4;1C;0;0;0,0067;0,4904;0,4837;0,9674;0,0000;0,0000
101544;CA;CARTOGRAFÍA APLICADA;1;2C;101545;EST;ESTADÍSTICA;1;2C;0;0;0,0206;0,5036;0,4830;0,9660;0,0000;0,0000
101542;SGAA;SISTEMAS DE GESTIÓN Y AUDITORÍAS AMBIENTALES;3;2C;101546;EA;EDUCACIÓN AMBIENTAL;4;1C;0;0;0,0634;0,5452;0,4818;0,9636;0,0000;0,0670
101541;EIAIPC;EVALUACIÓN DE IMPACTO AMBIENTAL: INSTRUMENTOS DE PREVENCIÓN Y CONTROL;4;1C;101548;TASP;TOXICOLOGÍA AMBIENTAL Y SALUD PÚBLICA;3;1C;0;0;0,0476;0,5290;0,4814;0,9628;0,0000;0,0000
101528;FM;FUNDAMENTOS DE MATEMÁTICAS;1;1C;101537;GMF;GESTIÓN DEL MEDIO FÍSICO;3;1C;0;0;0,0311;0,5107;0,4796;0,9592;0,0000;0,0000
101561;GRUI;GESTIÓN DE RESIDUOS URBANOS E INDUSTRIALES;4;2C;660006;GEO;GEOLOGÍA;1;1C;0;0;0,0084;0,4874;0,4790;0,9580;0,0000;0,0000
101527;MC;METEOROLOGÍA Y CLIMATOLOGÍA;2;1C;101530;AHMA;ACTIVIDADES HUMANAS Y MEDIO AMBIENTE;1;2C;0;0;0,0182;0,4934;0,4752;0,9504;0,0000;0,0000
101531;ALA;ADMINISTRACIÓN Y LEGISLACIÓN AMBIENTAL;2;1C;101552;ADA;ANÁLISIS DE DATOS AMBIENTALES;4;1C;0;0;0,0169;0,4920;0,4751;0,9502;0,0000;0,0000
101548;TASP;TOXICOLOGÍA AMBIENTAL Y SALUD PÚBLICA;3;1C;660059;OGP;ORGANIZACIÓN Y GESTIÓN DE PROYECTOS;4;1C;0;0;0,0214;0,4952;0,4738;0,9476;0,0000;0,0000
101528;FM;FUNDAMENTOS DE MATEMÁTICAS;1;1C;101549;GE;GESTIÓN DE ECOSISTEMAS;2;2C;0;0;0,0224;0,4928;0,4704;0,9408;0,0000;0,0000
101561;GRUI;GESTIÓN DE RESIDUOS URBANOS E INDUSTRIALES;4;2C;660007;EDAF;EDAFOLOGÍA;2;2C;0;0;0,0038;0,4727;0,4689;0,9378;0,0000;0,0000
101531;ALA;ADMINISTRACIÓN Y LEGISLACIÓN AMBIENTAL;2;1C;101565;TPEU;TECNICAS PARA LA EVALUACIÓN URBANA;4;2C;0;0;0,1898;0,6570;0,4672;0,9344;0,0000;0,6990
101528;FM;FUNDAMENTOS DE MATEMÁTICAS;1;1C;101533;TAR;TRATAMIENTO DE AGUAS RESIDUALES;3;1C;0;0;0,0043;0,4713;0,4670;0,9340;0,0000;0,0000
101526;FF;FUNDAMENTOS DE FÍSICA;1;1C;101561;GRUI;GESTIÓN DE RESIDUOS URBANOS E INDUSTRIALES;4;2C;0;0;0,0009;0,4663;0,4654;0,9308;0,0000;0,0000
101543;SIG;SISTEMAS DE INFORMACIÓN GEOGRÁFICA;2;1C;101561;GRUI;GESTIÓN DE RESIDUOS URBANOS E INDUSTRIALES;4;2C;0;0;0,0093;0,4714;0,4621;0,9242;0,0000;0,0000
101548;TASP;TOXICOLOGÍA AMBIENTAL Y SALUD PÚBLICA;3;1C;101549;GE;GESTIÓN DE ECOSISTEMAS;2;2C;0;0;0,0360;0,4975;0,4615;0,9230;0,0000;0,0000
101557;GCP;GESTIÓN DE CAZA Y PESCA;4;2C;101561;GRUI;GESTIÓN DE RESIDUOS URBANOS E INDUSTRIALES;4;2C;0;0;0,0304;0,4899;0,4595;0,9190;0,0000;0,0000
101524;QA;QUÍMICA AMBIENTAL;2;1C;101529;EA;ECONOMÍA AMBIENTAL;2;2C;0;0;0,0045;0,4628;0,4583;0,9166;0,0000;0,0000
101521;E;ECOLOGÍA;2;1C;101530;AHMA;ACTIVIDADES HUMANAS Y MEDIO AMBIENTE;1;2C;0;0;0,0428;0,5007;0,4579;0,9158;0,0000;0,0000
101526;FF;FUNDAMENTOS DE FÍSICA;1;1C;101534;CA;CONTAMINACIÓN ATMOSFÉRICA;3;2C;0;0;0,0090;0,4668;0,4578;0,9156;0,0000;0,0000
101552;ADA;ANÁLISIS DE DATOS AMBIENTALES;4;1C;101555;EV;ECOFISIOLOGÍA VEGETAL;4;2C;0;0;0,0029;0,4606;0,4577;0,9154;0,0000;0,0000
101539;BBPGM;BASES BOTÁNICAS PARA LA GESTIÓN DEL MEDIOAMBIENTE;1;2C;101563;FA;FISICOQUÍMICA DE AGUAS;4;2C;0;0;0,0107;0,4656;0,4549;0,9098;0,0000;0,0000
101552;ADA;ANÁLISIS DE DATOS AMBIENTALES;4;1C;101563;FA;FISICOQUÍMICA DE AGUAS;4;2C;0;0;0,0049;0,4597;0,4548;0,9096;0,0000;0,0000
101542;SGAA;SISTEMAS DE GESTIÓN Y AUDITORÍAS AMBIENTALES;3;2C;101545;EST;ESTADÍSTICA;1;2C;0;0;0,0002;0,4545;0,4543;0,9086;0,0000;0,0000
101538;FZPEMA;FUNDAMENTOS ZOOLÓGICOS PARA EL ESTUDIO DEL MEDIO AMBIENTE;1;2C;101541;EIAIPC;EVALUACIÓN DE IMPACTO AMBIENTAL: INSTRUMENTOS DE PREVENCIÓN Y CONTROL;4;1C;0;0;0,0365;0,4892;0,4527;0,9054;0,0000;0,0000
101543;SIG;SISTEMAS DE INFORMACIÓN GEOGRÁFICA;2;1C;101558;CCMC;CONTROL DE LA CONTAMINACIÓN MEDIANTE CATÁLISIS;4;2C;0;0;0,0080;0,4592;0,4512;0,9024;0,0000;0,0000
101536;OTRN;ORDENACIÓN DEL TERRITORIO Y RIESGOS NATURALES;3;1C;101560;PTU;PLANEAMIENTO TERRITORIAL Y URBANO;4;1C;0;0;0,3195;0,7694;0,4499;0,8998;0,0000;1,0000
101547;CE;CALIDAD Y EMPRESA;4;1C;101552;ADA;ANÁLISIS DE DATOS AMBIENTALES;4;1C;0;0;0,0080;0,4577;0,4497;0,8994;0,0000;0,0000
101530;AHMA;ACTIVIDADES HUMANAS Y MEDIO AMBIENTE;1;2C;101557;GCP;GESTIÓN DE CAZA Y PESCA;4;2C;0;0;0,0284;0,4761;0,4477;0,8954;0,0000;0,0000
101534;CA;CONTAMINACIÓN ATMOSFÉRICA;3;2C;101558;CCMC;CONTROL DE LA CONTAMINACIÓN MEDIANTE CATÁLISIS;4;2C;0;0;0,1016;0,5493;0,4477;0,8954;0,0000;0,2580
101528;FM;FUNDAMENTOS DE MATEMÁTICAS;1;1C;101550;QAM;QUÍMICA ANALÍTICA MEDIOAMBIENTAL;3;1C;0;0;0,0026;0,4502;0,4476;0,8952;0,0000;0,0000
101543;SIG;SISTEMAS DE INFORMACIÓN GEOGRÁFICA;2;1C;101549;GE;GESTIÓN DE ECOSISTEMAS;2;2C;0;0;0,0207;0,4674;0,4467;0,8934;0,0000;0,0000
101530;AHMA;ACTIVIDADES HUMANAS Y MEDIO AMBIENTE;1;2C;101532;BIA;BASES DE INGENIERIA AMBIENTAL;2;2C;0;0;0,0280;0,4746;0,4466;0,8932;0,0000;0,0000
101526;FF;FUNDAMENTOS DE FÍSICA;1;1C;101537;GMF;GESTIÓN DEL MEDIO FÍSICO;3;1C;0;0;0,0044;0,4504;0,4460;0,8920;0,0000;0,0000
101538;FZPEMA;FUNDAMENTOS ZOOLÓGICOS PARA EL ESTUDIO DEL MEDIO AMBIENTE;1;2C;101539;BBPGM;BASES BOTÁNICAS PARA LA GESTIÓN DEL MEDIOAMBIENTE;1;2C;0;0;0,1117;0,5519;0,4402;0,8804;0,3085;0,0000
101547;CE;CALIDAD Y EMPRESA;4;1C;101560;PTU;PLANEAMIENTO TERRITORIAL Y URBANO;4;1C;0;0;0,0380;0,4764;0,4384;0,8768;0,0000;0,0000
101536;OTRN;ORDENACIÓN DEL TERRITORIO Y RIESGOS NATURALES;3;1C;101549;GE;GESTIÓN DE ECOSISTEMAS;2;2C;0;0;0,0168;0,4532;0,4364;0,8728;0,0000;0,0000
101555;EV;ECOFISIOLOGÍA VEGETAL;4;2C;101561;GRUI;GESTIÓN DE RESIDUOS URBANOS E INDUSTRIALES;4;2C;0;0;0,0080;0,4442;0,4362;0,8724;0,0000;0,0000
101547;CE;CALIDAD Y EMPRESA;4;1C;101558;CCMC;CONTROL DE LA CONTAMINACIÓN MEDIANTE CATÁLISIS;4;2C;0;0;0,0195;0,4553;0,4358;0,8716;0,0000;0,0000
101530;AHMA;ACTIVIDADES HUMANAS Y MEDIO AMBIENTE;1;2C;101545;EST;ESTADÍSTICA;1;2C;0;0;0,0055;0,4394;0,4339;0,8678;0,0000;0,0000
101528;FM;FUNDAMENTOS DE MATEMÁTICAS;1;1C;101542;SGAA;SISTEMAS DE GESTIÓN Y AUDITORÍAS AMBIENTALES;3;2C;0;0;0,0099;0,4435;0,4336;0,8672;0,0000;0,0000
101520;FB;FUNDAMENTOS DE BIOLOGÍA;1;1C;101541;EIAIPC;EVALUACIÓN DE IMPACTO AMBIENTAL: INSTRUMENTOS DE PREVENCIÓN Y CONTROL;4;1C;0;0;0,0487;0,4799;0,4312;0,8624;0,0000;0,0000
101549;GE;GESTIÓN DE ECOSISTEMAS;2;2C;101552;ADA;ANÁLISIS DE DATOS AMBIENTALES;4;1C;0;0;0,0086;0,4398;0,4312;0,8624;0,0000;0,0000
101528;FM;FUNDAMENTOS DE MATEMÁTICAS;1;1C;101563;FA;FISICOQUÍMICA DE AGUAS;4;2C;0;0;0,0168;0,4474;0,4306;0,8612;0,0000;0,0000
101521;E;ECOLOGÍA;2;1C;101543;SIG;SISTEMAS DE INFORMACIÓN GEOGRÁFICA;2;1C;1;1;0,0949;0,5250;0,4301;0,8602;0,2245;0,0000
101536;OTRN;ORDENACIÓN DEL TERRITORIO Y RIESGOS NATURALES;3;1C;101539;BBPGM;BASES BOTÁNICAS PARA LA GESTIÓN DEL MEDIOAMBIENTE;1;2C;0;0;0,0483;0,4775;0,4292;0,8584;0,0000;0,0000
101530;AHMA;ACTIVIDADES HUMANAS Y MEDIO AMBIENTE;1;2C;101565;TPEU;TECNICAS PARA LA EVALUACIÓN URBANA;4;2C;0;0;0,0340;0,4618;0,4278;0,8556;0,0000;0,0000
101527;MC;METEOROLOGÍA Y CLIMATOLOGÍA;2;1C;101531;ALA;ADMINISTRACIÓN Y LEGISLACIÓN AMBIENTAL;2;1C;0;0;0,0139;0,4415;0,4276;0,8552;0,0000;0,0000
101550;QAM;QUÍMICA ANALÍTICA MEDIOAMBIENTAL;3;1C;101552;ADA;ANÁLISIS DE DATOS AMBIENTALES;4;1C;0;0;0,0155;0,4425;0,4270;0,8540;0,0000;0,0000
101541;EIAIPC;EVALUACIÓN DE IMPACTO AMBIENTAL: INSTRUMENTOS DE PREVENCIÓN Y CONTROL;4;1C;101546;EA;EDUCACIÓN AMBIENTAL;4;1C;0;0;0,0620;0,4887;0,4267;0,8534;0,0600;0,0000
101537;GMF;GESTIÓN DEL MEDIO FÍSICO;3;1C;101551;CNRAP;CONSERVACIÓN DE LA NATURALEZA:RESTAURACIÓN Y REHABILITACIÓN AMBIENTAL. PAISAJISMO;3;2C;0;0;0,0668;0,4906;0,4238;0,8476;0,0000;0,0000
101544;CA;CARTOGRAFÍA APLICADA;1;2C;101552;ADA;ANÁLISIS DE DATOS AMBIENTALES;4;1C;0;0;0,0197;0,4420;0,4223;0,8446;0,0000;0,0000
101535;CSPROAI;CONTAMINACIÓN DE LOS SUELOS POR RESIDUOS ORGÁNICOS, AGRÍCOLAS E INDUSTRIALES;3;2C;101548;TASP;TOXICOLOGÍA AMBIENTAL Y SALUD PÚBLICA;3;1C;0;0;0,0817;0,5028;0,4211;0,8422;0,0000;0,0000
101545;EST;ESTADÍSTICA;1;2C;101554;TTPSS;TEORÍAS Y TÉCNICAS PARA LA SOSTENIBILIDAD SOCIOAMBIENTAL;4;2C;0;0;0,0000;0,4205;0,4205;0,8410;0,0000;0,0000
101549;GE;GESTIÓN DE ECOSISTEMAS;2;2C;101557;GCP;GESTIÓN DE CAZA Y PESCA;4;2C;0;0;0,0983;0,5181;0,4198;0,8396;0,0000;0,2415
101532;BIA;BASES DE INGENIERIA AMBIENTAL;2;2C;101541;EIAIPC;EVALUACIÓN DE IMPACTO AMBIENTAL: INSTRUMENTOS DE PREVENCIÓN Y CONTROL;4;1C;0;0;0,0172;0,4367;0,4195;0,8390;0,0000;0,0000
101521;E;ECOLOGÍA;2;1C;101528;FM;FUNDAMENTOS DE MATEMÁTICAS;1;1C;0;0;0,0222;0,4414;0,4192;0,8384;0,0000;0,0000
101542;SGAA;SISTEMAS DE GESTIÓN Y AUDITORÍAS AMBIENTALES;3;2C;101558;CCMC;CONTROL DE LA CONTAMINACIÓN MEDIANTE CATÁLISIS;4;2C;0;0;0,0051;0,4228;0,4177;0,8354;0,0000;0,0000
101540;GEE;GESTIÓN ENERGÉTICA Y ECOEFICIENCIA;3;2C;101561;GRUI;GESTIÓN DE RESIDUOS URBANOS E INDUSTRIALES;4;2C;0;0;0,0222;0,4394;0,4172;0,8344;0,0000;0,0000
101543;SIG;SISTEMAS DE INFORMACIÓN GEOGRÁFICA;2;1C;101547;CE;CALIDAD Y EMPRESA;4;1C;0;0;0,0282;0,4444;0,4162;0,8324;0,0000;0,0000
101531;ALA;ADMINISTRACIÓN Y LEGISLACIÓN AMBIENTAL;2;1C;101561;GRUI;GESTIÓN DE RESIDUOS URBANOS E INDUSTRIALES;4;2C;0;0;0,0070;0,4226;0,4156;0,8312;0,0000;0,0000
101524;QA;QUÍMICA AMBIENTAL;2;1C;101539;BBPGM;BASES BOTÁNICAS PARA LA GESTIÓN DEL MEDIOAMBIENTE;1;2C;0;0;0,0069;0,4213;0,4144;0,8288;0,0000;0,0000
660006;GEO;GEOLOGÍA;1;1C;660007;EDAF;EDAFOLOGÍA;2;2C;0;0;0,0831;0,4953;0,4122;0,8244;0,0000;0,1655
101523;FQ;FUNDAMENTOS DE QUÍMICA;1;1C;101528;FM;FUNDAMENTOS DE MATEMÁTICAS;1;1C;0;0;0,0160;0,4270;0,4110;0,8220;0,0000;0,0000
101523;FQ;FUNDAMENTOS DE QUÍMICA;1;1C;101552;ADA;ANÁLISIS DE DATOS AMBIENTALES;4;1C;0;0;0,0099;0,4204;0,4105;0,8210;0,0000;0,0000
101532;BIA;BASES DE INGENIERIA AMBIENTAL;2;2C;101554;TTPSS;TEORÍAS Y TÉCNICAS PARA LA SOSTENIBILIDAD SOCIOAMBIENTAL;4;2C;0;0;0,0074;0,4166;0,4092;0,8184;0,0000;0,0000
101558;CCMC;CONTROL DE LA CONTAMINACIÓN MEDIANTE CATÁLISIS;4;2C;660059;OGP;ORGANIZACIÓN Y GESTIÓN DE PROYECTOS;4;1C;0;0;0,0107;0,4197;0,4090;0,8180;0,0000;0,0000
101527;MC;METEOROLOGÍA Y CLIMATOLOGÍA;2;1C;101554;TTPSS;TEORÍAS Y TÉCNICAS PARA LA SOSTENIBILIDAD SOCIOAMBIENTAL;4;2C;0;0;0,0071;0,4149;0,4078;0,8156;0,0000;0,0000
101527;MC;METEOROLOGÍA Y CLIMATOLOGÍA;2;1C;101551;CNRAP;CONSERVACIÓN DE LA NATURALEZA:RESTAURACIÓN Y REHABILITACIÓN AMBIENTAL. PAISAJISMO;3;2C;0;0;0,0423;0,4498;0,4075;0,8150;0,0000;0,0000
101530;AHMA;ACTIVIDADES HUMANAS Y MEDIO AMBIENTE;1;2C;101543;SIG;SISTEMAS DE INFORMACIÓN GEOGRÁFICA;2;1C;0;0;0,0228;0,4293;0,4065;0,8130;0,0000;0,0000
101524;QA;QUÍMICA AMBIENTAL;2;1C;101552;ADA;ANÁLISIS DE DATOS AMBIENTALES;4;1C;0;0;0,0015;0,4072;0,4057;0,8114;0,0000;0,0000
101528;FM;FUNDAMENTOS DE MATEMÁTICAS;1;1C;660006;GEO;GEOLOGÍA;1;1C;0;0;0,0140;0,4147;0,4007;0,8014;0,0000;0,0000
101528;FM;FUNDAMENTOS DE MATEMÁTICAS;1;1C;101541;EIAIPC;EVALUACIÓN DE IMPACTO AMBIENTAL: INSTRUMENTOS DE PREVENCIÓN Y CONTROL;4;1C;0;0;0,0032;0,4037;0,4005;0,8010;0,0000;0,0000
101548;TASP;TOXICOLOGÍA AMBIENTAL Y SALUD PÚBLICA;3;1C;101553;IGA;INTERACCIÓN DE GENES Y AMBIENTE;4;1C;0;0;0,0102;0,4091;0,3989;0,7978;0,0000;0,0000
101524;QA;QUÍMICA AMBIENTAL;2;1C;101528;FM;FUNDAMENTOS DE MATEMÁTICAS;1;1C;0;0;0,0090;0,4071;0,3981;0,7962;0,0000;0,0000
101539;BBPGM;BASES BOTÁNICAS PARA LA GESTIÓN DEL MEDIOAMBIENTE;1;2C;660006;GEO;GEOLOGÍA;1;1C;0;0;0,0148;0,4127;0,3979;0,7958;0,0000;0,0000
101532;BIA;BASES DE INGENIERIA AMBIENTAL;2;2C;660059;OGP;ORGANIZACIÓN Y GESTIÓN DE PROYECTOS;4;1C;0;0;0,0233;0,4202;0,3969;0,7938;0,0000;0,0000
101554;TTPSS;TEORÍAS Y TÉCNICAS PARA LA SOSTENIBILIDAD SOCIOAMBIENTAL;4;2C;101560;PTU;PLANEAMIENTO TERRITORIAL Y URBANO;4;1C;0;0;0,0206;0,4167;0,3961;0,7922;0,0000;0,0000
101542;SGAA;SISTEMAS DE GESTIÓN Y AUDITORÍAS AMBIENTALES;3;2C;101560;PTU;PLANEAMIENTO TERRITORIAL Y URBANO;4;1C;0;0;0,0483;0,4421;0,3938;0,7876;0,0000;0,0000
101537;GMF;GESTIÓN DEL MEDIO FÍSICO;3;1C;101540;GEE;GESTIÓN ENERGÉTICA Y ECOEFICIENCIA;3;2C;0;0;0,0076;0,4012;0,3936;0,7872;0,0000;0,0000
101532;BIA;BASES DE INGENIERIA AMBIENTAL;2;2C;101542;SGAA;SISTEMAS DE GESTIÓN Y AUDITORÍAS AMBIENTALES;3;2C;0;0;0,0161;0,4092;0,3931;0,7862;0,0000;0,0000
101538;FZPEMA;FUNDAMENTOS ZOOLÓGICOS PARA EL ESTUDIO DEL MEDIO AMBIENTE;1;2C;101560;PTU;PLANEAMIENTO TERRITORIAL Y URBANO;4;1C;0;0;0,0307;0,4221;0,3914;0,7828;0,0000;0,0000
101526;FF;FUNDAMENTOS DE FÍSICA;1;1C;660006;GEO;GEOLOGÍA;1;1C;0;0;0,0102;0,4006;0,3904;0,7808;0,0000;0,0000
101528;FM;FUNDAMENTOS DE MATEMÁTICAS;1;1C;660059;OGP;ORGANIZACIÓN Y GESTIÓN DE PROYECTOS;4;1C;0;0;0,0106;0,4007;0,3901;0,7802;0,0000;0,0000
101521;E;ECOLOGÍA;2;1C;101547;CE;CALIDAD Y EMPRESA;4;1C;0;0;0,0671;0,4556;0,3885;0,7770;0,0000;0,0855
101557;GCP;GESTIÓN DE CAZA Y PESCA;4;2C;660059;OGP;ORGANIZACIÓN Y GESTIÓN DE PROYECTOS;4;1C;0;0;0,0343;0,4213;0,3870;0,7740;0,0000;0,0000
101539;BBPGM;BASES BOTÁNICAS PARA LA GESTIÓN DEL MEDIOAMBIENTE;1;2C;101557;GCP;GESTIÓN DE CAZA Y PESCA;4;2C;0;0;0,0171;0,3995;0,3824;0,7648;0,0000;0,0000
101541;EIAIPC;EVALUACIÓN DE IMPACTO AMBIENTAL: INSTRUMENTOS DE PREVENCIÓN Y CONTROL;4;1C;101558;CCMC;CONTROL DE LA CONTAMINACIÓN MEDIANTE CATÁLISIS;4;2C;0;0;0,0403;0,4205;0,3802;0,7604;0,0000;0,0000
101523;FQ;FUNDAMENTOS DE QUÍMICA;1;1C;101539;BBPGM;BASES BOTÁNICAS PARA LA GESTIÓN DEL MEDIOAMBIENTE;1;2C;0;0;0,0101;0,3899;0,3798;0,7596;0,0000;0,0000
101532;BIA;BASES DE INGENIERIA AMBIENTAL;2;2C;101534;CA;CONTAMINACIÓN ATMOSFÉRICA;3;2C;0;0;0,0531;0,4326;0,3795;0,7590;0,0000;0,0155
101531;ALA;ADMINISTRACIÓN Y LEGISLACIÓN AMBIENTAL;2;1C;101558;CCMC;CONTROL DE LA CONTAMINACIÓN MEDIANTE CATÁLISIS;4;2C;0;0;0,0389;0,4155;0,3766;0,7532;0,0000;0,0000
101543;SIG;SISTEMAS DE INFORMACIÓN GEOGRÁFICA;2;1C;101554;TTPSS;TEORÍAS Y TÉCNICAS PARA LA SOSTENIBILIDAD SOCIOAMBIENTAL;4;2C;0;0;0,0072;0,3837;0,3765;0,7530;0,0000;0,0000
101542;SGAA;SISTEMAS DE GESTIÓN Y AUDITORÍAS AMBIENTALES;3;2C;101552;ADA;ANÁLISIS DE DATOS AMBIENTALES;4;1C;0;0;0,0039;0,3790;0,3751;0,7502;0,0000;0,0000
101553;IGA;INTERACCIÓN DE GENES Y AMBIENTE;4;1C;101558;CCMC;CONTROL DE LA CONTAMINACIÓN MEDIANTE CATÁLISIS;4;2C;0;0;0,0068;0,3808;0,3740;0,7480;0,0000;0,0000
101539;BBPGM;BASES BOTÁNICAS PARA LA GESTIÓN DEL MEDIOAMBIENTE;1;2C;101550;QAM;QUÍMICA ANALÍTICA MEDIOAMBIENTAL;3;1C;0;0;0,0240;0,3939;0,3699;0,7398;0,0000;0,0000
101532;BIA;BASES DE INGENIERIA AMBIENTAL;2;2C;660006;GEO;GEOLOGÍA;1;1C;0;0;0,0099;0,3784;0,3685;0,7370;0,0000;0,0000
101531;ALA;ADMINISTRACIÓN Y LEGISLACIÓN AMBIENTAL;2;1C;101536;OTRN;ORDENACIÓN DEL TERRITORIO Y RIESGOS NATURALES;3;1C;0;0;0,0183;0,3791;0,3608;0,7216;0,0000;0,0000
101538;FZPEMA;FUNDAMENTOS ZOOLÓGICOS PARA EL ESTUDIO DEL MEDIO AMBIENTE;1;2C;101558;CCMC;CONTROL DE LA CONTAMINACIÓN MEDIANTE CATÁLISIS;4;2C;0;0;0,0089;0,3690;0,3601;0,7202;0,0000;0,0000
101545;EST;ESTADÍSTICA;1;2C;101549;GE;GESTIÓN DE ECOSISTEMAS;2;2C;0;0;0,0020;0,3599;0,3579;0,7158;0,0000;0,0000
101549;GE;GESTIÓN DE ECOSISTEMAS;2;2C;101558;CCMC;CONTROL DE LA CONTAMINACIÓN MEDIANTE CATÁLISIS;4;2C;0;0;0,0172;0,3742;0,3570;0,7140;0,0000;0,0000
101534;CA;CONTAMINACIÓN ATMOSFÉRICA;3;2C;101561;GRUI;GESTIÓN DE RESIDUOS URBANOS E INDUSTRIALES;4;2C;0;0;0,0303;0,3852;0,3549;0,7098;0,0000;0,0000
101536;OTRN;ORDENACIÓN DEL TERRITORIO Y RIESGOS NATURALES;3;1C;101558;CCMC;CONTROL DE LA CONTAMINACIÓN MEDIANTE CATÁLISIS;4;2C;0;0;0,0020;0,3563;0,3543;0,7086;0,0000;0,0000
101522;MICRO;MICROBIOLOGÍA;2;2C;101539;BBPGM;BASES BOTÁNICAS PARA LA GESTIÓN DEL MEDIOAMBIENTE;1;2C;0;0;0,0634;0,4167;0,3533;0,7066;0,0000;0,0670
101532;BIA;BASES DE INGENIERIA AMBIENTAL;2;2C;101547;CE;CALIDAD Y EMPRESA;4;1C;0;0;0,0180;0,3703;0,3523;0,7046;0,0000;0,0000
101530;AHMA;ACTIVIDADES HUMANAS Y MEDIO AMBIENTE;1;2C;660006;GEO;GEOLOGÍA;1;1C;0;0;0,0213;0,3732;0,3519;0,7038;0,0000;0,0000
101533;TAR;TRATAMIENTO DE AGUAS RESIDUALES;3;1C;101537;GMF;GESTIÓN DEL MEDIO FÍSICO;3;1C;0;0;0,0056;0,3563;0,3507;0,7014;0,0000;0,0000
101540;GEE;GESTIÓN ENERGÉTICA Y ECOEFICIENCIA;3;2C;101543;SIG;SISTEMAS DE INFORMACIÓN GEOGRÁFICA;2;1C;0;0;0,0165;0,3651;0,3486;0,6972;0,0000;0,0000
101546;EA;EDUCACIÓN AMBIENTAL;4;1C;101554;TTPSS;TEORÍAS Y TÉCNICAS PARA LA SOSTENIBILIDAD SOCIOAMBIENTAL;4;2C;0;0;0,0369;0,3855;0,3486;0,6972;0,0000;0,0000
101551;CNRAP;CONSERVACIÓN DE LA NATURALEZA:RESTAURACIÓN Y REHABILITACIÓN AMBIENTAL. PAISAJISMO;3;2C;101558;CCMC;CONTROL DE LA CONTAMINACIÓN MEDIANTE CATÁLISIS;4;2C;0;0;0,0145;0,3620;0,3475;0,6950;0,0000;0,0000
101529;EA;ECONOMÍA AMBIENTAL;2;2C;101553;IGA;INTERACCIÓN DE GENES Y AMBIENTE;4;1C;0;0;0,0085;0,3549;0,3464;0,6928;0,0000;0,0000
101538;FZPEMA;FUNDAMENTOS ZOOLÓGICOS PARA EL ESTUDIO DEL MEDIO AMBIENTE;1;2C;101545;EST;ESTADÍSTICA;1;2C;0;0;0,0032;0,3482;0,3450;0,6900;0,0000;0,0000
101532;BIA;BASES DE INGENIERIA AMBIENTAL;2;2C;101543;SIG;SISTEMAS DE INFORMACIÓN GEOGRÁFICA;2;1C;0;0;0,0130;0,3537;0,3407;0,6814;0,0000;0,0000
101527;MC;METEOROLOGÍA Y CLIMATOLOGÍA;2;1C;101547;CE;CALIDAD Y EMPRESA;4;1C;0;0;0,0130;0,3532;0,3402;0,6804;0,0000;0,0000
101537;GMF;GESTIÓN DEL MEDIO FÍSICO;3;1C;660007;EDAF;EDAFOLOGÍA;2;2C;0;0;0,0877;0,4278;0,3401;0,6802;0,0000;0,1885
101527;MC;METEOROLOGÍA Y CLIMATOLOGÍA;2;1C;660059;OGP;ORGANIZACIÓN Y GESTIÓN DE PROYECTOS;4;1C;0;0;0,0204;0,3603;0,3399;0,6798;0,0000;0,0000
101538;FZPEMA;FUNDAMENTOS ZOOLÓGICOS PARA EL ESTUDIO DEL MEDIO AMBIENTE;1;2C;101548;TASP;TOXICOLOGÍA AMBIENTAL Y SALUD PÚBLICA;3;1C;0;0;0,0292;0,3680;0,3388;0,6776;0,0000;0,0000
101531;ALA;ADMINISTRACIÓN Y LEGISLACIÓN AMBIENTAL;2;1C;101554;TTPSS;TEORÍAS Y TÉCNICAS PARA LA SOSTENIBILIDAD SOCIOAMBIENTAL;4;2C;0;0;0,0241;0,3621;0,3380;0,6760;0,0000;0,0000
101530;AHMA;ACTIVIDADES HUMANAS Y MEDIO AMBIENTE;1;2C;660007;EDAF;EDAFOLOGÍA;2;2C;0;0;0,0098;0,3471;0,3373;0,6746;0,0000;0,0000
101534;CA;CONTAMINACIÓN ATMOSFÉRICA;3;2C;101540;GEE;GESTIÓN ENERGÉTICA Y ECOEFICIENCIA;3;2C;0;0;0,0501;0,3844;0,3343;0,6686;0,0005;0,0000
101560;PTU;PLANEAMIENTO TERRITORIAL Y URBANO;4;1C;101561;GRUI;GESTIÓN DE RESIDUOS URBANOS E INDUSTRIALES;4;2C;0;0;0,0390;0,3723;0,3333;0,6666;0,0000;0,0000
101526;FF;FUNDAMENTOS DE FÍSICA;1;1C;101530;AHMA;ACTIVIDADES HUMANAS Y MEDIO AMBIENTE;1;2C;0;0;0,0140;0,3472;0,3332;0,6664;0,0000;0,0000
101536;OTRN;ORDENACIÓN DEL TERRITORIO Y RIESGOS NATURALES;3;1C;101545;EST;ESTADÍSTICA;1;2C;0;0;0,0069;0,3401;0,3332;0,6664;0,0000;0,0000
101541;EIAIPC;EVALUACIÓN DE IMPACTO AMBIENTAL: INSTRUMENTOS DE PREVENCIÓN Y CONTROL;4;1C;101557;GCP;GESTIÓN DE CAZA Y PESCA;4;2C;0;0;0,0397;0,3703;0,3306;0,6612;0,0000;0,0000
101541;EIAIPC;EVALUACIÓN DE IMPACTO AMBIENTAL: INSTRUMENTOS DE PREVENCIÓN Y CONTROL;4;1C;101545;EST;ESTADÍSTICA;1;2C;0;0;0,0128;0,3430;0,3302;0,6604;0,0000;0,0000
101556;BA;BIOTECNOLOGÍA AMBIENTAL;4;2C;101558;CCMC;CONTROL DE LA CONTAMINACIÓN MEDIANTE CATÁLISIS;4;2C;0;0;0,0473;0,3755;0,3282;0,6564;0,0000;0,0000
101545;EST;ESTADÍSTICA;1;2C;660059;OGP;ORGANIZACIÓN Y GESTIÓN DE PROYECTOS;4;1C;0;0;0,0026;0,3291;0,3265;0,6530;0,0000;0,0000
101543;SIG;SISTEMAS DE INFORMACIÓN GEOGRÁFICA;2;1C;660007;EDAF;EDAFOLOGÍA;2;2C;0;0;0,0165;0,3424;0,3259;0,6518;0,0000;0,0000
101537;GMF;GESTIÓN DEL MEDIO FÍSICO;3;1C;101555;EV;ECOFISIOLOGÍA VEGETAL;4;2C;0;0;0,0153;0,3403;0,3250;0,6500;0,0000;0,0000
101545;EST;ESTADÍSTICA;1;2C;660006;GEO;GEOLOGÍA;1;1C;0;0;0,0000;0,3241;0,3241;0,6482;0,0000;0,0000
101527;MC;METEOROLOGÍA Y CLIMATOLOGÍA;2;1C;101541;EIAIPC;EVALUACIÓN DE IMPACTO AMBIENTAL: INSTRUMENTOS DE PREVENCIÓN Y CONTROL;4;1C;0;0;0,0285;0,3510;0,3225;0,6450;0,0000;0,0000
101552;ADA;ANÁLISIS DE DATOS AMBIENTALES;4;1C;660059;OGP;ORGANIZACIÓN Y GESTIÓN DE PROYECTOS;4;1C;0;0;0,0056;0,3266;0,3210;0,6420;0,0000;0,0000
101526;FF;FUNDAMENTOS DE FÍSICA;1;1C;101554;TTPSS;TEORÍAS Y TÉCNICAS PARA LA SOSTENIBILIDAD SOCIOAMBIENTAL;4;2C;0;0;0,0026;0,3223;0,3197;0,6394;0,0000;0,0000
101526;FF;FUNDAMENTOS DE FÍSICA;1;1C;101543;SIG;SISTEMAS DE INFORMACIÓN GEOGRÁFICA;2;1C;0;0;0,0108;0,3292;0,3184;0,6368;0,0000;0,0000
101527;MC;METEOROLOGÍA Y CLIMATOLOGÍA;2;1C;101542;SGAA;SISTEMAS DE GESTIÓN Y AUDITORÍAS AMBIENTALES;3;2C;0;0;0,0150;0,3312;0,3162;0,6324;0,0000;0,0000
101521;E;ECOLOGÍA;2;1C;660059;OGP;ORGANIZACIÓN Y GESTIÓN DE PROYECTOS;4;1C;0;0;0,0358;0,3519;0,3161;0,6322;0,0000;0,0000
101540;GEE;GESTIÓN ENERGÉTICA Y ECOEFICIENCIA;3;2C;660006;GEO;GEOLOGÍA;1;1C;0;0;0,0053;0,3207;0,3154;0,6308;0,0000;0,0000
101528;FM;FUNDAMENTOS DE MATEMÁTICAS;1;1C;101536;OTRN;ORDENACIÓN DEL TERRITORIO Y RIESGOS NATURALES;3;1C;0;0;0,0085;0,3231;0,3146;0,6292;0,0000;0,0000
101554;TTPSS;TEORÍAS Y TÉCNICAS PARA LA SOSTENIBILIDAD SOCIOAMBIENTAL;4;2C;660006;GEO;GEOLOGÍA;1;1C;0;0;0,0131;0,3276;0,3145;0,6290;0,0000;0,0000
101545;EST;ESTADÍSTICA;1;2C;101552;ADA;ANÁLISIS DE DATOS AMBIENTALES;4;1C;0;0;0,4622;0,7762;0,3140;0,6280;0,0000;1,0000
101521;E;ECOLOGÍA;2;1C;101552;ADA;ANÁLISIS DE DATOS AMBIENTALES;4;1C;0;0;0,0210;0,3347;0,3137;0,6274;0,0000;0,0000
101521;E;ECOLOGÍA;2;1C;101537;GMF;GESTIÓN DEL MEDIO FÍSICO;3;1C;0;0;0,0459;0,3585;0,3126;0,6252;0,0000;0,0000
101537;GMF;GESTIÓN DEL MEDIO FÍSICO;3;1C;101546;EA;EDUCACIÓN AMBIENTAL;4;1C;0;0;0,0406;0,3509;0,3103;0,6206;0,0000;0,0000
101543;SIG;SISTEMAS DE INFORMACIÓN GEOGRÁFICA;2;1C;101548;TASP;TOXICOLOGÍA AMBIENTAL Y SALUD PÚBLICA;3;1C;0;0;0,0249;0,3344;0,3095;0,6190;0,0000;0,0000
101541;EIAIPC;EVALUACIÓN DE IMPACTO AMBIENTAL: INSTRUMENTOS DE PREVENCIÓN Y CONTROL;4;1C;101552;ADA;ANÁLISIS DE DATOS AMBIENTALES;4;1C;0;0;0,0066;0,3157;0,3091;0,6182;0,0000;0,0000
101526;FF;FUNDAMENTOS DE FÍSICA;1;1C;101541;EIAIPC;EVALUACIÓN DE IMPACTO AMBIENTAL: INSTRUMENTOS DE PREVENCIÓN Y CONTROL;4;1C;0;0;0,0016;0,3101;0,3085;0,6170;0,0000;0,0000
101545;EST;ESTADÍSTICA;1;2C;101553;IGA;INTERACCIÓN DE GENES Y AMBIENTE;4;1C;0;0;0,0321;0,3401;0,3080;0,6160;0,0000;0,0000
101524;QA;QUÍMICA AMBIENTAL;2;1C;101561;GRUI;GESTIÓN DE RESIDUOS URBANOS E INDUSTRIALES;4;2C;0;0;0,0042;0,3107;0,3065;0,6130;0,0000;0,0000
101531;ALA;ADMINISTRACIÓN Y LEGISLACIÓN AMBIENTAL;2;1C;660007;EDAF;EDAFOLOGÍA;2;2C;0;0;0,0068;0,3128;0,3060;0,6120;0,0000;0,0000
101536;OTRN;ORDENACIÓN DEL TERRITORIO Y RIESGOS NATURALES;3;1C;101565;TPEU;TECNICAS PARA LA EVALUACIÓN URBANA;4;2C;0;0;0,1471;0,4518;0,3047;0,6094;0,0000;0,4855
101558;CCMC;CONTROL DE LA CONTAMINACIÓN MEDIANTE CATÁLISIS;4;2C;101559;CPMP;CONTAMINACIÓN POR METALES PESADOS;4;2C;0;0;0,0270;0,3312;0,3042;0,6084;0,0000;0,0000
101530;AHMA;ACTIVIDADES HUMANAS Y MEDIO AMBIENTE;1;2C;101540;GEE;GESTIÓN ENERGÉTICA Y ECOEFICIENCIA;3;2C;0;0;0,0219;0,3253;0,3034;0,6068;0,0000;0,0000
101538;FZPEMA;FUNDAMENTOS ZOOLÓGICOS PARA EL ESTUDIO DEL MEDIO AMBIENTE;1;2C;101552;ADA;ANÁLISIS DE DATOS AMBIENTALES;4;1C;0;0;0,0060;0,3073;0,3013;0,6026;0,0000;0,0000
101526;FF;FUNDAMENTOS DE FÍSICA;1;1C;660059;OGP;ORGANIZACIÓN Y GESTIÓN DE PROYECTOS;4;1C;0;0;0,0026;0,3001;0,2975;0,5950;0,0000;0,0000
101532;BIA;BASES DE INGENIERIA AMBIENTAL;2;2C;101549;GE;GESTIÓN DE ECOSISTEMAS;2;2C;0;0;0,0352;0,3317;0,2965;0,5930;0,0000;0,0000
101524;QA;QUÍMICA AMBIENTAL;2;1C;101537;GMF;GESTIÓN DEL MEDIO FÍSICO;3;1C;0;0;0,0078;0,3034;0,2956;0,5912;0,0000;0,0000
101540;GEE;GESTIÓN ENERGÉTICA Y ECOEFICIENCIA;3;2C;101554;TTPSS;TEORÍAS Y TÉCNICAS PARA LA SOSTENIBILIDAD SOCIOAMBIENTAL;4;2C;0;0;0,0057;0,3013;0,2956;0,5912;0,0000;0,0000
101554;TTPSS;TEORÍAS Y TÉCNICAS PARA LA SOSTENIBILIDAD SOCIOAMBIENTAL;4;2C;660007;EDAF;EDAFOLOGÍA;2;2C;0;0;0,0027;0,2983;0,2956;0,5912;0,0000;0,0000
101536;OTRN;ORDENACIÓN DEL TERRITORIO Y RIESGOS NATURALES;3;1C;101552;ADA;ANÁLISIS DE DATOS AMBIENTALES;4;1C;0;0;0,0069;0,2995;0,2926;0,5852;0,0000;0,0000
101521;E;ECOLOGÍA;2;1C;101542;SGAA;SISTEMAS DE GESTIÓN Y AUDITORÍAS AMBIENTALES;3;2C;0;0;0,0428;0,3346;0,2918;0,5836;0,0000;0,0000
101520;FB;FUNDAMENTOS DE BIOLOGÍA;1;1C;660006;GEO;GEOLOGÍA;1;1C;0;0;0,0183;0,3082;0,2899;0,5798;0,0000;0,0000
101540;GEE;GESTIÓN ENERGÉTICA Y ECOEFICIENCIA;3;2C;101549;GE;GESTIÓN DE ECOSISTEMAS;2;2C;0;0;0,0036;0,2934;0,2898;0,5796;0,0000;0,0000
101520;FB;FUNDAMENTOS DE BIOLOGÍA;1;1C;101543;SIG;SISTEMAS DE INFORMACIÓN GEOGRÁFICA;2;1C;0;0;0,0201;0,3076;0,2875;0,5750;0,0000;0,0000
101553;IGA;INTERACCIÓN DE GENES Y AMBIENTE;4;1C;101560;PTU;PLANEAMIENTO TERRITORIAL Y URBANO;4;1C;0;0;0,0091;0,2965;0,2874;0,5748;0,0000;0,0000
101540;GEE;GESTIÓN ENERGÉTICA Y ECOEFICIENCIA;3;2C;660059;OGP;ORGANIZACIÓN Y GESTIÓN DE PROYECTOS;4;1C;0;0;0,0075;0,2947;0,2872;0,5744;0,0000;0,0000
101530;AHMA;ACTIVIDADES HUMANAS Y MEDIO AMBIENTE;1;2C;101555;EV;ECOFISIOLOGÍA VEGETAL;4;2C;0;0;0,0429;0,3291;0,2862;0,5724;0,0000;0,0000
101533;TAR;TRATAMIENTO DE AGUAS RESIDUALES;3;1C;101561;GRUI;GESTIÓN DE RESIDUOS URBANOS E INDUSTRIALES;4;2C;0;0;0,0676;0,3534;0,2858;0,5716;0,0000;0,0880
101561;GRUI;GESTIÓN DE RESIDUOS URBANOS E INDUSTRIALES;4;2C;101563;FA;FISICOQUÍMICA DE AGUAS;4;2C;0;0;0,0110;0,2966;0,2856;0,5712;0,0000;0,0000
101527;MC;METEOROLOGÍA Y CLIMATOLOGÍA;2;1C;101549;GE;GESTIÓN DE ECOSISTEMAS;2;2C;0;0;0,0277;0,3132;0,2855;0,5710;0,0000;0,0000
101535;CSPROAI;CONTAMINACIÓN DE LOS SUELOS POR RESIDUOS ORGÁNICOS, AGRÍCOLAS E INDUSTRIALES;3;2C;660007;EDAF;EDAFOLOGÍA;2;2C;0;0;0,1274;0,4121;0,2847;0,5694;0,0000;0,3870
101529;EA;ECONOMÍA AMBIENTAL;2;2C;101538;FZPEMA;FUNDAMENTOS ZOOLÓGICOS PARA EL ESTUDIO DEL MEDIO AMBIENTE;1;2C;0;0;0,0077;0,2907;0,2830;0,5660;0,0000;0,0000
101536;OTRN;ORDENACIÓN DEL TERRITORIO Y RIESGOS NATURALES;3;1C;101548;TASP;TOXICOLOGÍA AMBIENTAL Y SALUD PÚBLICA;3;1C;0;0;0,0223;0,3041;0,2818;0,5636;0,0000;0,0000
101551;CNRAP;CONSERVACIÓN DE LA NATURALEZA:RESTAURACIÓN Y REHABILITACIÓN AMBIENTAL. PAISAJISMO;3;2C;101561;GRUI;GESTIÓN DE RESIDUOS URBANOS E INDUSTRIALES;4;2C;0;0;0,0313;0,3129;0,2816;0,5632;0,0000;0,0000
101526;FF;FUNDAMENTOS DE FÍSICA;1;1C;101542;SGAA;SISTEMAS DE GESTIÓN Y AUDITORÍAS AMBIENTALES;3;2C;0;0;0,0007;0,2821;0,2814;0,5628;0,0000;0,0000
101529;EA;ECONOMÍA AMBIENTAL;2;2C;101546;EA;EDUCACIÓN AMBIENTAL;4;1C;0;0;0,0223;0,3029;0,2806;0,5612;0,0000;0,0000
101543;SIG;SISTEMAS DE INFORMACIÓN GEOGRÁFICA;2;1C;101555;EV;ECOFISIOLOGÍA VEGETAL;4;2C;0;0;0,0068;0,2831;0,2763;0,5526;0,0000;0,0000
101533;TAR;TRATAMIENTO DE AGUAS RESIDUALES;3;1C;101542;SGAA;SISTEMAS DE GESTIÓN Y AUDITORÍAS AMBIENTALES;3;2C;0;0;0,0046;0,2801;0,2755;0,5510;0,0000;0,0000
101537;GMF;GESTIÓN DEL MEDIO FÍSICO;3;1C;101563;FA;FISICOQUÍMICA DE AGUAS;4;2C;0;0;0,0204;0,2952;0,2748;0,5496;0,0000;0,0000
660007;EDAF;EDAFOLOGÍA;2;2C;660059;OGP;ORGANIZACIÓN Y GESTIÓN DE PROYECTOS;4;1C;0;0;0,0033;0,2776;0,2743;0,5486;0,0000;0,0000
101548;TASP;TOXICOLOGÍA AMBIENTAL Y SALUD PÚBLICA;3;1C;660006;GEO;GEOLOGÍA;1;1C;0;0;0,0211;0,2947;0,2736;0,5472;0,0000;0,0000
101526;FF;FUNDAMENTOS DE FÍSICA;1;1C;101549;GE;GESTIÓN DE ECOSISTEMAS;2;2C;0;0;0,0098;0,2821;0,2723;0,5446;0,0000;0,0000
101534;CA;CONTAMINACIÓN ATMOSFÉRICA;3;2C;101563;FA;FISICOQUÍMICA DE AGUAS;4;2C;0;0;0,0311;0,3031;0,2720;0,5440;0,0000;0,0000
101530;AHMA;ACTIVIDADES HUMANAS Y MEDIO AMBIENTE;1;2C;101534;CA;CONTAMINACIÓN ATMOSFÉRICA;3;2C;0;0;0,0065;0,2764;0,2699;0,5398;0,0000;0,0000
101540;GEE;GESTIÓN ENERGÉTICA Y ECOEFICIENCIA;3;2C;101542;SGAA;SISTEMAS DE GESTIÓN Y AUDITORÍAS AMBIENTALES;3;2C;0;0;0,0046;0,2740;0,2694;0,5388;0,0000;0,0000
101523;FQ;FUNDAMENTOS DE QUÍMICA;1;1C;101534;CA;CONTAMINACIÓN ATMOSFÉRICA;3;2C;0;0;0,0113;0,2739;0,2626;0,5252;0,0000;0,0000
101542;SGAA;SISTEMAS DE GESTIÓN Y AUDITORÍAS AMBIENTALES;3;2C;101543;SIG;SISTEMAS DE INFORMACIÓN GEOGRÁFICA;2;1C;0;0;0,0134;0,2759;0,2625;0,5250;0,0000;0,0000
101528;FM;FUNDAMENTOS DE MATEMÁTICAS;1;1C;101560;PTU;PLANEAMIENTO TERRITORIAL Y URBANO;4;1C;0;0;0,0099;0,2719;0,2620;0,5240;0,0000;0,0000
101541;EIAIPC;EVALUACIÓN DE IMPACTO AMBIENTAL: INSTRUMENTOS DE PREVENCIÓN Y CONTROL;4;1C;660007;EDAF;EDAFOLOGÍA;2;2C;0;0;0,0082;0,2680;0,2598;0,5196;0,0000;0,0000
101521;E;ECOLOGÍA;2;1C;101541;EIAIPC;EVALUACIÓN DE IMPACTO AMBIENTAL: INSTRUMENTOS DE PREVENCIÓN Y CONTROL;4;1C;0;0;0,0469;0,3064;0,2595;0,5190;0,0000;0,0000
101552;ADA;ANÁLISIS DE DATOS AMBIENTALES;4;1C;101553;IGA;INTERACCIÓN DE GENES Y AMBIENTE;4;1C;0;0;0,0273;0,2868;0,2595;0,5190;0,0000;0,0000
101539;BBPGM;BASES BOTÁNICAS PARA LA GESTIÓN DEL MEDIOAMBIENTE;1;2C;101560;PTU;PLANEAMIENTO TERRITORIAL Y URBANO;4;1C;0;0;0,0275;0,2861;0,2586;0,5172;0,0000;0,0000
101555;EV;ECOFISIOLOGÍA VEGETAL;4;2C;101559;CPMP;CONTAMINACIÓN POR METALES PESADOS;4;2C;0;0;0,0692;0,3275;0,2583;0,5166;0,0960;0,0000
101540;GEE;GESTIÓN ENERGÉTICA Y ECOEFICIENCIA;3;2C;101547;CE;CALIDAD Y EMPRESA;4;1C;0;0;0,0005;0,2582;0,2577;0,5154;0,0000;0,0000
101529;EA;ECONOMÍA AMBIENTAL;2;2C;101560;PTU;PLANEAMIENTO TERRITORIAL Y URBANO;4;1C;0;0;0,0146;0,2722;0,2576;0,5152;0,0000;0,0000
101537;GMF;GESTIÓN DEL MEDIO FÍSICO;3;1C;101560;PTU;PLANEAMIENTO TERRITORIAL Y URBANO;4;1C;0;0;0,0184;0,2759;0,2575;0,5150;0,0000;0,0000
101540;GEE;GESTIÓN ENERGÉTICA Y ECOEFICIENCIA;3;2C;101541;EIAIPC;EVALUACIÓN DE IMPACTO AMBIENTAL: INSTRUMENTOS DE PREVENCIÓN Y CONTROL;4;1C;0;0;0,0321;0,2895;0,2574;0,5148;0,0000;0,0000
101534;CA;CONTAMINACIÓN ATMOSFÉRICA;3;2C;101548;TASP;TOXICOLOGÍA AMBIENTAL Y SALUD PÚBLICA;3;1C;0;0;0,0496;0,3062;0,2566;0,5132;0,0000;0,0000
101523;FQ;FUNDAMENTOS DE QUÍMICA;1;1C;101535;CSPROAI;CONTAMINACIÓN DE LOS SUELOS POR RESIDUOS ORGÁNICOS, AGRÍCOLAS E INDUSTRIALES;3;2C;0;0;0,0048;0,2609;0,2561;0,5122;0,0000;0,0000
101533;TAR;TRATAMIENTO DE AGUAS RESIDUALES;3;1C;101553;IGA;INTERACCIÓN DE GENES Y AMBIENTE;4;1C;0;0;0,0071;0,2627;0,2556;0,5112;0,0000;0,0000
101520;FB;FUNDAMENTOS DE BIOLOGÍA;1;1C;101560;PTU;PLANEAMIENTO TERRITORIAL Y URBANO;4;1C;0;0;0,0234;0,2789;0,2555;0,5110;0,0000;0,0000
101532;BIA;BASES DE INGENIERIA AMBIENTAL;2;2C;101535;CSPROAI;CONTAMINACIÓN DE LOS SUELOS POR RESIDUOS ORGÁNICOS, AGRÍCOLAS E INDUSTRIALES;3;2C;0;0;0,0093;0,2628;0,2535;0,5070;0,0000;0,0000
101537;GMF;GESTIÓN DEL MEDIO FÍSICO;3;1C;101543;SIG;SISTEMAS DE INFORMACIÓN GEOGRÁFICA;2;1C;0;0;0,0088;0,2623;0,2535;0,5070;0,0000;0,0000
101533;TAR;TRATAMIENTO DE AGUAS RESIDUALES;3;1C;101534;CA;CONTAMINACIÓN ATMOSFÉRICA;3;2C;0;0;0,0344;0,2878;0,2534;0,5068;0,0000;0,0000
101557;GCP;GESTIÓN DE CAZA Y PESCA;4;2C;101560;PTU;PLANEAMIENTO TERRITORIAL Y URBANO;4;1C;0;0;0,0425;0,2956;0,2531;0,5062;0,0000;0,0000
101536;OTRN;ORDENACIÓN DEL TERRITORIO Y RIESGOS NATURALES;3;1C;101544;CA;CARTOGRAFÍA APLICADA;1;2C;0;0;0,0422;0,2951;0,2529;0,5058;0,0000;0,0000
101549;GE;GESTIÓN DE ECOSISTEMAS;2;2C;660007;EDAF;EDAFOLOGÍA;2;2C;0;0;0,0232;0,2746;0,2514;0,5028;0,0000;0,0000
101534;CA;CONTAMINACIÓN ATMOSFÉRICA;3;2C;101555;EV;ECOFISIOLOGÍA VEGETAL;4;2C;0;0;0,0219;0,2732;0,2513;0,5026;0,0000;0,0000
101531;ALA;ADMINISTRACIÓN Y LEGISLACIÓN AMBIENTAL;2;1C;101532;BIA;BASES DE INGENIERIA AMBIENTAL;2;2C;0;0;0,0319;0,2813;0,2494;0,4988;0,0000;0,0000
101527;MC;METEOROLOGÍA Y CLIMATOLOGÍA;2;1C;101544;CA;CARTOGRAFÍA APLICADA;1;2C;0;0;0,0249;0,2742;0,2493;0,4986;0,0000;0,0000
101533;TAR;TRATAMIENTO DE AGUAS RESIDUALES;3;1C;101547;CE;CALIDAD Y EMPRESA;4;1C;0;0;0,0163;0,2640;0,2477;0,4954;0,0000;0,0000
101534;CA;CONTAMINACIÓN ATMOSFÉRICA;3;2C;101539;BBPGM;BASES BOTÁNICAS PARA LA GESTIÓN DEL MEDIOAMBIENTE;1;2C;0;0;0,0121;0,2591;0,2470;0,4940;0,0000;0,0000
101522;MICRO;MICROBIOLOGÍA;2;2C;101553;IGA;INTERACCIÓN DE GENES Y AMBIENTE;4;1C;0;0;0,0603;0,3063;0,2460;0,4920;0,0000;0,0515
101534;CA;CONTAMINACIÓN ATMOSFÉRICA;3;2C;101545;EST;ESTADÍSTICA;1;2C;0;0;0,0062;0,2521;0,2459;0,4918;0,0000;0,0000
101535;CSPROAI;CONTAMINACIÓN DE LOS SUELOS POR RESIDUOS ORGÁNICOS, AGRÍCOLAS E INDUSTRIALES;3;2C;101563;FA;FISICOQUÍMICA DE AGUAS;4;2C;0;0;0,0201;0,2656;0,2455;0,4910;0,0000;0,0000
101520;FB;FUNDAMENTOS DE BIOLOGÍA;1;1C;101522;MICRO;MICROBIOLOGÍA;2;2C;0;0;0,1206;0,3645;0,2439;0,4878;0,0000;0,3530
101541;EIAIPC;EVALUACIÓN DE IMPACTO AMBIENTAL: INSTRUMENTOS DE PREVENCIÓN Y CONTROL;4;1C;101555;EV;ECOFISIOLOGÍA VEGETAL;4;2C;0;0;0,0062;0,2496;0,2434;0,4868;0,0000;0,0000
101529;EA;ECONOMÍA AMBIENTAL;2;2C;101536;OTRN;ORDENACIÓN DEL TERRITORIO Y RIESGOS NATURALES;3;1C;0;0;0,0312;0,2735;0,2423;0,4846;0,0000;0,0000
101528;FM;FUNDAMENTOS DE MATEMÁTICAS;1;1C;101534;CA;CONTAMINACIÓN ATMOSFÉRICA;3;2C;0;0;0,0174;0,2588;0,2414;0,4828;0,0000;0,0000
101554;TTPSS;TEORÍAS Y TÉCNICAS PARA LA SOSTENIBILIDAD SOCIOAMBIENTAL;4;2C;101555;EV;ECOFISIOLOGÍA VEGETAL;4;2C;0;0;0,0176;0,2590;0,2414;0,4828;0,0000;0,0000
101526;FF;FUNDAMENTOS DE FÍSICA;1;1C;101547;CE;CALIDAD Y EMPRESA;4;1C;0;0;0,0072;0,2481;0,2409;0,4818;0,0000;0,0000
101549;GE;GESTIÓN DE ECOSISTEMAS;2;2C;101555;EV;ECOFISIOLOGÍA VEGETAL;4;2C;0;0;0,0090;0,2497;0,2407;0,4814;0,0000;0,0000
101555;EV;ECOFISIOLOGÍA VEGETAL;4;2C;660059;OGP;ORGANIZACIÓN Y GESTIÓN DE PROYECTOS;4;1C;0;0;0,0079;0,2470;0,2391;0,4782;0,0000;0,0000
101524;QA;QUÍMICA AMBIENTAL;2;1C;101534;CA;CONTAMINACIÓN ATMOSFÉRICA;3;2C;0;0;0,1037;0,3420;0,2383;0,4766;0,0000;0,2685
101528;FM;FUNDAMENTOS DE MATEMÁTICAS;1;1C;101538;FZPEMA;FUNDAMENTOS ZOOLÓGICOS PARA EL ESTUDIO DEL MEDIO AMBIENTE;1;2C;0;0;0,0145;0,2518;0,2373;0,4746;0,0000;0,0000
101530;AHMA;ACTIVIDADES HUMANAS Y MEDIO AMBIENTE;1;2C;101533;TAR;TRATAMIENTO DE AGUAS RESIDUALES;3;1C;0;0;0,0000;0,2373;0,2373;0,4746;0,0000;0,0000
101548;TASP;TOXICOLOGÍA AMBIENTAL Y SALUD PÚBLICA;3;1C;101559;CPMP;CONTAMINACIÓN POR METALES PESADOS;4;2C;0;0;0,0629;0,2993;0,2364;0,4728;0,0000;0,0645
101520;FB;FUNDAMENTOS DE BIOLOGÍA;1;1C;101534;CA;CONTAMINACIÓN ATMOSFÉRICA;3;2C;0;0;0,0175;0,2532;0,2357;0,4714;0,0000;0,0000
101542;SGAA;SISTEMAS DE GESTIÓN Y AUDITORÍAS AMBIENTALES;3;2C;101555;EV;ECOFISIOLOGÍA VEGETAL;4;2C;0;0;0,0036;0,2389;0,2353;0,4706;0,0000;0,0000
101529;EA;ECONOMÍA AMBIENTAL;2;2C;660006;GEO;GEOLOGÍA;1;1C;0;0;0,0040;0,2391;0,2351;0,4702;0,0000;0,0000
101530;AHMA;ACTIVIDADES HUMANAS Y MEDIO AMBIENTE;1;2C;101556;BA;BIOTECNOLOGÍA AMBIENTAL;4;2C;0;0;0,0379;0,2726;0,2347;0,4694;0,0000;0,0000
101533;TAR;TRATAMIENTO DE AGUAS RESIDUALES;3;1C;660059;OGP;ORGANIZACIÓN Y GESTIÓN DE PROYECTOS;4;1C;0;0;0,0045;0,2356;0,2311;0,4622;0,0000;0,0000
101543;SIG;SISTEMAS DE INFORMACIÓN GEOGRÁFICA;2;1C;101550;QAM;QUÍMICA ANALÍTICA MEDIOAMBIENTAL;3;1C;0;0;0,0294;0,2604;0,2310;0,4620;0,0000;0,0000
101523;FQ;FUNDAMENTOS DE QUÍMICA;1;1C;101561;GRUI;GESTIÓN DE RESIDUOS URBANOS E INDUSTRIALES;4;2C;0;0;0,0034;0,2337;0,2303;0,4606;0,0000;0,0000
101546;EA;EDUCACIÓN AMBIENTAL;4;1C;101561;GRUI;GESTIÓN DE RESIDUOS URBANOS E INDUSTRIALES;4;2C;0;0;0,0209;0,2501;0,2292;0,4584;0,0000;0,0000
101558;CCMC;CONTROL DE LA CONTAMINACIÓN MEDIANTE CATÁLISIS;4;2C;101560;PTU;PLANEAMIENTO TERRITORIAL Y URBANO;4;1C;0;0;0,0240;0,2524;0,2284;0,4568;0,0000;0,0000
101528;FM;FUNDAMENTOS DE MATEMÁTICAS;1;1C;101531;ALA;ADMINISTRACIÓN Y LEGISLACIÓN AMBIENTAL;2;1C;0;0;0,0046;0,2324;0,2278;0,4556;0,0000;0,0000
101547;CE;CALIDAD Y EMPRESA;4;1C;101555;EV;ECOFISIOLOGÍA VEGETAL;4;2C;0;0;0,0070;0,2342;0,2272;0,4544;0,0000;0,0000
101543;SIG;SISTEMAS DE INFORMACIÓN GEOGRÁFICA;2;1C;660059;OGP;ORGANIZACIÓN Y GESTIÓN DE PROYECTOS;4;1C;0;0;0,0240;0,2498;0,2258;0,4516;0,0000;0,0000
101532;BIA;BASES DE INGENIERIA AMBIENTAL;2;2C;101553;IGA;INTERACCIÓN DE GENES Y AMBIENTE;4;1C;0;0;0,0408;0,2646;0,2238;0,4476;0,0000;0,0000
101533;TAR;TRATAMIENTO DE AGUAS RESIDUALES;3;1C;101543;SIG;SISTEMAS DE INFORMACIÓN GEOGRÁFICA;2;1C;0;0;0,0150;0,2385;0,2235;0,4470;0,0000;0,0000
101539;BBPGM;BASES BOTÁNICAS PARA LA GESTIÓN DEL MEDIOAMBIENTE;1;2C;101544;CA;CARTOGRAFÍA APLICADA;1;2C;0;0;0,0188;0,2409;0,2221;0,4442;0,0000;0,0000
101526;FF;FUNDAMENTOS DE FÍSICA;1;1C;101531;ALA;ADMINISTRACIÓN Y LEGISLACIÓN AMBIENTAL;2;1C;0;0;0,0146;0,2359;0,2213;0,4426;0,0000;0,0000
101544;CA;CARTOGRAFÍA APLICADA;1;2C;101558;CCMC;CONTROL DE LA CONTAMINACIÓN MEDIANTE CATÁLISIS;4;2C;0;0;0,0213;0,2423;0,2210;0,4420;0,0000;0,0000
101533;TAR;TRATAMIENTO DE AGUAS RESIDUALES;3;1C;101554;TTPSS;TEORÍAS Y TÉCNICAS PARA LA SOSTENIBILIDAD SOCIOAMBIENTAL;4;2C;0;0;0,0043;0,2250;0,2207;0,4414;0,0000;0,0000
101533;TAR;TRATAMIENTO DE AGUAS RESIDUALES;3;1C;101541;EIAIPC;EVALUACIÓN DE IMPACTO AMBIENTAL: INSTRUMENTOS DE PREVENCIÓN Y CONTROL;4;1C;0;0;0,0079;0,2285;0,2206;0,4412;0,0000;0,0000
101521;E;ECOLOGÍA;2;1C;101548;TASP;TOXICOLOGÍA AMBIENTAL Y SALUD PÚBLICA;3;1C;0;0;0,0594;0,2797;0,2203;0,4406;0,0000;0,0470
101524;QA;QUÍMICA AMBIENTAL;2;1C;101559;CPMP;CONTAMINACIÓN POR METALES PESADOS;4;2C;0;0;0,1642;0,3842;0,2200;0,4400;0,0000;0,5710
101527;MC;METEOROLOGÍA Y CLIMATOLOGÍA;2;1C;101535;CSPROAI;CONTAMINACIÓN DE LOS SUELOS POR RESIDUOS ORGÁNICOS, AGRÍCOLAS E INDUSTRIALES;3;2C;0;0;0,0081;0,2263;0,2182;0,4364;0,0000;0,0000
101532;BIA;BASES DE INGENIERIA AMBIENTAL;2;2C;101538;FZPEMA;FUNDAMENTOS ZOOLÓGICOS PARA EL ESTUDIO DEL MEDIO AMBIENTE;1;2C;0;0;0,0119;0,2281;0,2162;0,4324;0,0000;0,0000
101527;MC;METEOROLOGÍA Y CLIMATOLOGÍA;2;1C;101553;IGA;INTERACCIÓN DE GENES Y AMBIENTE;4;1C;0;0;0,0047;0,2198;0,2151;0,4302;0,0000;0,0000
101531;ALA;ADMINISTRACIÓN Y LEGISLACIÓN AMBIENTAL;2;1C;101542;SGAA;SISTEMAS DE GESTIÓN Y AUDITORÍAS AMBIENTALES;3;2C;0;0;0,0185;0,2334;0,2149;0,4298;0,0000;0,0000
101528;FM;FUNDAMENTOS DE MATEMÁTICAS;1;1C;101553;IGA;INTERACCIÓN DE GENES Y AMBIENTE;4;1C;0;0;0,0108;0,2254;0,2146;0,4292;0,0000;0,0000
101530;AHMA;ACTIVIDADES HUMANAS Y MEDIO AMBIENTE;1;2C;101551;CNRAP;CONSERVACIÓN DE LA NATURALEZA:RESTAURACIÓN Y REHABILITACIÓN AMBIENTAL. PAISAJISMO;3;2C;0;0;0,0216;0,2361;0,2145;0,4290;0,0000;0,0000
101555;EV;ECOFISIOLOGÍA VEGETAL;4;2C;660006;GEO;GEOLOGÍA;1;1C;0;0;0,0151;0,2271;0,2120;0,4240;0,0000;0,0000
101527;MC;METEOROLOGÍA Y CLIMATOLOGÍA;2;1C;101536;OTRN;ORDENACIÓN DEL TERRITORIO Y RIESGOS NATURALES;3;1C;0;0;0,0225;0,2336;0,2111;0,4222;0,0000;0,0000
101527;MC;METEOROLOGÍA Y CLIMATOLOGÍA;2;1C;101538;FZPEMA;FUNDAMENTOS ZOOLÓGICOS PARA EL ESTUDIO DEL MEDIO AMBIENTE;1;2C;0;0;0,0105;0,2205;0,2100;0,4200;0,0000;0,0000
101524;QA;QUÍMICA AMBIENTAL;2;1C;660006;GEO;GEOLOGÍA;1;1C;0;0;0,0515;0,2595;0,2080;0,4160;0,0000;0,0075
101533;TAR;TRATAMIENTO DE AGUAS RESIDUALES;3;1C;101538;FZPEMA;FUNDAMENTOS ZOOLÓGICOS PARA EL ESTUDIO DEL MEDIO AMBIENTE;1;2C;0;0;0,0071;0,2149;0,2078;0,4156;0,0000;0,0000
101523;FQ;FUNDAMENTOS DE QUÍMICA;1;1C;101543;SIG;SISTEMAS DE INFORMACIÓN GEOGRÁFICA;2;1C;0;0;0,0143;0,2200;0,2057;0,4114;0,0000;0,0000
101548;TASP;TOXICOLOGÍA AMBIENTAL Y SALUD PÚBLICA;3;1C;101557;GCP;GESTIÓN DE CAZA Y PESCA;4;2C;0;0;0,0327;0,2384;0,2057;0,4114;0,0000;0,0000
101543;SIG;SISTEMAS DE INFORMACIÓN GEOGRÁFICA;2;1C;101563;FA;FISICOQUÍMICA DE AGUAS;4;2C;0;0;0,0167;0,2223;0,2056;0,4112;0,0000;0,0000
101528;FM;FUNDAMENTOS DE MATEMÁTICAS;1;1C;101535;CSPROAI;CONTAMINACIÓN DE LOS SUELOS POR RESIDUOS ORGÁNICOS, AGRÍCOLAS E INDUSTRIALES;3;2C;0;0;0,0190;0,2229;0,2039;0,4078;0,0000;0,0000
101534;CA;CONTAMINACIÓN ATMOSFÉRICA;3;2C;101554;TTPSS;TEORÍAS Y TÉCNICAS PARA LA SOSTENIBILIDAD SOCIOAMBIENTAL;4;2C;0;0;0,0083;0,2122;0,2039;0,4078;0,0000;0,0000
101532;BIA;BASES DE INGENIERIA AMBIENTAL;2;2C;101536;OTRN;ORDENACIÓN DEL TERRITORIO Y RIESGOS NATURALES;3;1C;0;0;0,0055;0,2090;0,2035;0,4070;0,0000;0,0000
101530;AHMA;ACTIVIDADES HUMANAS Y MEDIO AMBIENTE;1;2C;101546;EA;EDUCACIÓN AMBIENTAL;4;1C;0;0;0,0193;0,2226;0,2033;0,4066;0,0000;0,0000
101553;IGA;INTERACCIÓN DE GENES Y AMBIENTE;4;1C;660006;GEO;GEOLOGÍA;1;1C;0;0;0,0082;0,2112;0,2030;0,4060;0,0000;0,0000
101556;BA;BIOTECNOLOGÍA AMBIENTAL;4;2C;101561;GRUI;GESTIÓN DE RESIDUOS URBANOS E INDUSTRIALES;4;2C;0;0;0,0372;0,2402;0,2030;0,4060;0,0000;0,0000
101533;TAR;TRATAMIENTO DE AGUAS RESIDUALES;3;1C;101549;GE;GESTIÓN DE ECOSISTEMAS;2;2C;0;0;0,0125;0,2151;0,2026;0,4052;0,0000;0,0000
101549;GE;GESTIÓN DE ECOSISTEMAS;2;2C;101560;PTU;PLANEAMIENTO TERRITORIAL Y URBANO;4;1C;0;0;0,0420;0,2431;0,2011;0,4022;0,0000;0,0000
101553;IGA;INTERACCIÓN DE GENES Y AMBIENTE;4;1C;101555;EV;ECOFISIOLOGÍA VEGETAL;4;2C;0;0;0,0066;0,2076;0,2010;0,4020;0,0000;0,0000
101533;TAR;TRATAMIENTO DE AGUAS RESIDUALES;3;1C;660006;GEO;GEOLOGÍA;1;1C;0;0;0,0115;0,2114;0,1999;0,3998;0,0000;0,0000
101548;TASP;TOXICOLOGÍA AMBIENTAL Y SALUD PÚBLICA;3;1C;101560;PTU;PLANEAMIENTO TERRITORIAL Y URBANO;4;1C;0;0;0,0158;0,2157;0,1999;0,3998;0,0000;0,0000
101551;CNRAP;CONSERVACIÓN DE LA NATURALEZA:RESTAURACIÓN Y REHABILITACIÓN AMBIENTAL. PAISAJISMO;3;2C;660007;EDAF;EDAFOLOGÍA;2;2C;0;0;0,0813;0,2810;0,1997;0,3994;0,0000;0,1565
101536;OTRN;ORDENACIÓN DEL TERRITORIO Y RIESGOS NATURALES;3;1C;101543;SIG;SISTEMAS DE INFORMACIÓN GEOGRÁFICA;2;1C;0;0;0,0244;0,2236;0,1992;0,3984;0,0000;0,0000
101534;CA;CONTAMINACIÓN ATMOSFÉRICA;3;2C;101550;QAM;QUÍMICA ANALÍTICA MEDIOAMBIENTAL;3;1C;0;0;0,0403;0,2393;0,1990;0,3980;0,0000;0,0000
101521;E;ECOLOGÍA;2;1C;660007;EDAF;EDAFOLOGÍA;2;2C;0;0;0,0695;0,2683;0,1988;0,3976;0,0000;0,0000
101523;FQ;FUNDAMENTOS DE QUÍMICA;1;1C;101537;GMF;GESTIÓN DEL MEDIO FÍSICO;3;1C;0;0;0,0103;0,2087;0,1984;0,3968;0,0000;0,0000
101528;FM;FUNDAMENTOS DE MATEMÁTICAS;1;1C;101551;CNRAP;CONSERVACIÓN DE LA NATURALEZA:RESTAURACIÓN Y REHABILITACIÓN AMBIENTAL. PAISAJISMO;3;2C;0;0;0,0126;0,2096;0,1970;0,3940;0,0000;0,0000
101531;ALA;ADMINISTRACIÓN Y LEGISLACIÓN AMBIENTAL;2;1C;101548;TASP;TOXICOLOGÍA AMBIENTAL Y SALUD PÚBLICA;3;1C;0;0;0,0178;0,2139;0,1961;0,3922;0,0000;0,0000
101550;QAM;QUÍMICA ANALÍTICA MEDIOAMBIENTAL;3;1C;101561;GRUI;GESTIÓN DE RESIDUOS URBANOS E INDUSTRIALES;4;2C;0;0;0,0096;0,2056;0,1960;0,3920;0,0000;0,0000
101541;EIAIPC;EVALUACIÓN DE IMPACTO AMBIENTAL: INSTRUMENTOS DE PREVENCIÓN Y CONTROL;4;1C;101543;SIG;SISTEMAS DE INFORMACIÓN GEOGRÁFICA;2;1C;0;0;0,0063;0,2012;0,1949;0,3898;0,0000;0,0000
101529;EA;ECONOMÍA AMBIENTAL;2;2C;101531;ALA;ADMINISTRACIÓN Y LEGISLACIÓN AMBIENTAL;2;1C;0;0;0,0181;0,2124;0,1943;0,3886;0,0000;0,0000
101531;ALA;ADMINISTRACIÓN Y LEGISLACIÓN AMBIENTAL;2;1C;101539;BBPGM;BASES BOTÁNICAS PARA LA GESTIÓN DEL MEDIOAMBIENTE;1;2C;0;0;0,0099;0,2016;0,1917;0,3834;0,0000;0,0000
101537;GMF;GESTIÓN DEL MEDIO FÍSICO;3;1C;101550;QAM;QUÍMICA ANALÍTICA MEDIOAMBIENTAL;3;1C;0;0;0,0159;0,2054;0,1895;0,3790;0,0000;0,0000
101557;GCP;GESTIÓN DE CAZA Y PESCA;4;2C;101558;CCMC;CONTROL DE LA CONTAMINACIÓN MEDIANTE CATÁLISIS;4;2C;0;0;0,0141;0,1991;0,1850;0,3700;0,0000;0,0000
101533;TAR;TRATAMIENTO DE AGUAS RESIDUALES;3;1C;101535;CSPROAI;CONTAMINACIÓN DE LOS SUELOS POR RESIDUOS ORGÁNICOS, AGRÍCOLAS E INDUSTRIALES;3;2C;0;0;0,0204;0,2037;0,1833;0,3666;0,0000;0,0000
101526;FF;FUNDAMENTOS DE FÍSICA;1;1C;101535;CSPROAI;CONTAMINACIÓN DE LOS SUELOS POR RESIDUOS ORGÁNICOS, AGRÍCOLAS E INDUSTRIALES;3;2C;0;0;0,0023;0,1855;0,1832;0,3664;0,0000;0,0000
101543;SIG;SISTEMAS DE INFORMACIÓN GEOGRÁFICA;2;1C;660006;GEO;GEOLOGÍA;1;1C;0;0;0,0145;0,1977;0,1832;0,3664;0,0000;0,0000
101546;EA;EDUCACIÓN AMBIENTAL;4;1C;101547;CE;CALIDAD Y EMPRESA;4;1C;0;0;0,0357;0,2182;0,1825;0,3650;0,0000;0,0000
101521;E;ECOLOGÍA;2;1C;101540;GEE;GESTIÓN ENERGÉTICA Y ECOEFICIENCIA;3;2C;0;0;0,0254;0,2075;0,1821;0,3642;0,0000;0,0000
101542;SGAA;SISTEMAS DE GESTIÓN Y AUDITORÍAS AMBIENTALES;3;2C;101563;FA;FISICOQUÍMICA DE AGUAS;4;2C;0;0;0,0208;0,2026;0,1818;0,3636;0,0000;0,0000
101543;SIG;SISTEMAS DE INFORMACIÓN GEOGRÁFICA;2;1C;101560;PTU;PLANEAMIENTO TERRITORIAL Y URBANO;4;1C;0;0;0,0134;0,1944;0,1810;0,3620;0,0000;0,0000
101542;SGAA;SISTEMAS DE GESTIÓN Y AUDITORÍAS AMBIENTALES;3;2C;660007;EDAF;EDAFOLOGÍA;2;2C;0;0;0,0005;0,1810;0,1805;0,3610;0,0000;0,0000
101521;E;ECOLOGÍA;2;1C;101526;FF;FUNDAMENTOS DE FÍSICA;1;1C;0;0;0,0132;0,1922;0,1790;0,3580;0,0000;0,0000
101538;FZPEMA;FUNDAMENTOS ZOOLÓGICOS PARA EL ESTUDIO DEL MEDIO AMBIENTE;1;2C;660006;GEO;GEOLOGÍA;1;1C;0;0;0,0173;0,1951;0,1778;0,3556;0,0000;0,0000
101544;CA;CARTOGRAFÍA APLICADA;1;2C;101560;PTU;PLANEAMIENTO TERRITORIAL Y URBANO;4;1C;0;0;0,0458;0,2231;0,1773;0,3546;0,0000;0,0000
101530;AHMA;ACTIVIDADES HUMANAS Y MEDIO AMBIENTE;1;2C;101535;CSPROAI;CONTAMINACIÓN DE LOS SUELOS POR RESIDUOS ORGÁNICOS, AGRÍCOLAS E INDUSTRIALES;3;2C;0;0;0,0095;0,1845;0,1750;0,3500;0,0000;0,0000
101526;FF;FUNDAMENTOS DE FÍSICA;1;1C;101551;CNRAP;CONSERVACIÓN DE LA NATURALEZA:RESTAURACIÓN Y REHABILITACIÓN AMBIENTAL. PAISAJISMO;3;2C;0;0;0,0134;0,1883;0,1749;0,3498;0,0000;0,0000
101563;FA;FISICOQUÍMICA DE AGUAS;4;2C;660059;OGP;ORGANIZACIÓN Y GESTIÓN DE PROYECTOS;4;1C;0;0;0,0034;0,1778;0,1744;0,3488;0,0000;0,0000
101544;CA;CARTOGRAFÍA APLICADA;1;2C;101547;CE;CALIDAD Y EMPRESA;4;1C;0;0;0,0304;0,2014;0,1710;0,3420;0,0000;0,0000
101524;QA;QUÍMICA AMBIENTAL;2;1C;101530;AHMA;ACTIVIDADES HUMANAS Y MEDIO AMBIENTE;1;2C;0;0;0,0190;0,1899;0,1709;0,3418;0,0000;0,0000
101521;E;ECOLOGÍA;2;1C;101527;MC;METEOROLOGÍA Y CLIMATOLOGÍA;2;1C;0;0;0,0249;0,1952;0,1703;0,3406;0,0000;0,0000
101535;CSPROAI;CONTAMINACIÓN DE LOS SUELOS POR RESIDUOS ORGÁNICOS, AGRÍCOLAS E INDUSTRIALES;3;2C;660006;GEO;GEOLOGÍA;1;1C;0;0;0,0153;0,1847;0,1694;0,3388;0,0000;0,0000
101541;EIAIPC;EVALUACIÓN DE IMPACTO AMBIENTAL: INSTRUMENTOS DE PREVENCIÓN Y CONTROL;4;1C;101563;FA;FISICOQUÍMICA DE AGUAS;4;2C;0;0;0,0091;0,1775;0,1684;0,3368;0,0000;0,0000
101521;E;ECOLOGÍA;2;1C;101558;CCMC;CONTROL DE LA CONTAMINACIÓN MEDIANTE CATÁLISIS;4;2C;0;0;0,0223;0,1906;0,1683;0,3366;0,0000;0,0000
101530;AHMA;ACTIVIDADES HUMANAS Y MEDIO AMBIENTE;1;2C;101563;FA;FISICOQUÍMICA DE AGUAS;4;2C;0;0;0,0081;0,1755;0,1674;0,3348;0,0000;0,0000
101547;CE;CALIDAD Y EMPRESA;4;1C;101563;FA;FISICOQUÍMICA DE AGUAS;4;2C;0;0;0,0135;0,1788;0,1653;0,3306;0,0000;0,0000
101547;CE;CALIDAD Y EMPRESA;4;1C;660007;EDAF;EDAFOLOGÍA;2;2C;0;0;0,0109;0,1756;0,1647;0,3294;0,0000;0,0000
101524;QA;QUÍMICA AMBIENTAL;2;1C;101542;SGAA;SISTEMAS DE GESTIÓN Y AUDITORÍAS AMBIENTALES;3;2C;0;0;0,0156;0,1788;0,1632;0,3264;0,0000;0,0000
101520;FB;FUNDAMENTOS DE BIOLOGÍA;1;1C;101535;CSPROAI;CONTAMINACIÓN DE LOS SUELOS POR RESIDUOS ORGÁNICOS, AGRÍCOLAS E INDUSTRIALES;3;2C;0;0;0,0245;0,1863;0,1618;0,3236;0,0000;0,0000
101554;TTPSS;TEORÍAS Y TÉCNICAS PARA LA SOSTENIBILIDAD SOCIOAMBIENTAL;4;2C;101565;TPEU;TECNICAS PARA LA EVALUACIÓN URBANA;4;2C;0;0;0,0287;0,1890;0,1603;0,3206;0,0000;0,0000
101524;QA;QUÍMICA AMBIENTAL;2;1C;101553;IGA;INTERACCIÓN DE GENES Y AMBIENTE;4;1C;0;0;0,0080;0,1674;0,1594;0,3188;0,0000;0,0000
101527;MC;METEOROLOGÍA Y CLIMATOLOGÍA;2;1C;101560;PTU;PLANEAMIENTO TERRITORIAL Y URBANO;4;1C;0;0;0,0184;0,1771;0,1587;0,3174;0,0000;0,0000
101529;EA;ECONOMÍA AMBIENTAL;2;2C;101534;CA;CONTAMINACIÓN ATMOSFÉRICA;3;2C;0;0;0,0096;0,1669;0,1573;0,3146;0,0000;0,0000
101535;CSPROAI;CONTAMINACIÓN DE LOS SUELOS POR RESIDUOS ORGÁNICOS, AGRÍCOLAS E INDUSTRIALES;3;2C;101537;GMF;GESTIÓN DEL MEDIO FÍSICO;3;1C;0;0;0,0306;0,1872;0,1566;0,3132;0,0000;0,0000
101552;ADA;ANÁLISIS DE DATOS AMBIENTALES;4;1C;101560;PTU;PLANEAMIENTO TERRITORIAL Y URBANO;4;1C;0;0;0,0024;0,1583;0,1559;0,3118;0,0000;0,0000
101545;EST;ESTADÍSTICA;1;2C;101560;PTU;PLANEAMIENTO TERRITORIAL Y URBANO;4;1C;0;0;0,0086;0,1641;0,1555;0,3110;0,0000;0,0000
101528;FM;FUNDAMENTOS DE MATEMÁTICAS;1;1C;101546;EA;EDUCACIÓN AMBIENTAL;4;1C;0;0;0,0099;0,1648;0,1549;0,3098;0,0000;0,0000
101551;CNRAP;CONSERVACIÓN DE LA NATURALEZA:RESTAURACIÓN Y REHABILITACIÓN AMBIENTAL. PAISAJISMO;3;2C;101554;TTPSS;TEORÍAS Y TÉCNICAS PARA LA SOSTENIBILIDAD SOCIOAMBIENTAL;4;2C;0;0;0,0262;0,1809;0,1547;0,3094;0,0000;0,0000
101535;CSPROAI;CONTAMINACIÓN DE LOS SUELOS POR RESIDUOS ORGÁNICOS, AGRÍCOLAS E INDUSTRIALES;3;2C;101561;GRUI;GESTIÓN DE RESIDUOS URBANOS E INDUSTRIALES;4;2C;0;0;0,0817;0,2363;0,1546;0,3092;0,0000;0,1585
101542;SGAA;SISTEMAS DE GESTIÓN Y AUDITORÍAS AMBIENTALES;3;2C;101550;QAM;QUÍMICA ANALÍTICA MEDIOAMBIENTAL;3;1C;0;0;0,0071;0,1615;0,1544;0,3088;0,0000;0,0000
101545;EST;ESTADÍSTICA;1;2C;101557;GCP;GESTIÓN DE CAZA Y PESCA;4;2C;0;0;0,0078;0,1621;0,1543;0,3086;0,0000;0,0000
101524;QA;QUÍMICA AMBIENTAL;2;1C;101541;EIAIPC;EVALUACIÓN DE IMPACTO AMBIENTAL: INSTRUMENTOS DE PREVENCIÓN Y CONTROL;4;1C;0;0;0,0185;0,1718;0,1533;0,3066;0,0000;0,0000
101531;ALA;ADMINISTRACIÓN Y LEGISLACIÓN AMBIENTAL;2;1C;101540;GEE;GESTIÓN ENERGÉTICA Y ECOEFICIENCIA;3;2C;0;0;0,0097;0,1624;0,1527;0,3054;0,0000;0,0000
101563;FA;FISICOQUÍMICA DE AGUAS;4;2C;660006;GEO;GEOLOGÍA;1;1C;0;0;0,0605;0,2126;0,1521;0,3042;0,0000;0,0525
101553;IGA;INTERACCIÓN DE GENES Y AMBIENTE;4;1C;101563;FA;FISICOQUÍMICA DE AGUAS;4;2C;0;0;0,0070;0,1584;0,1514;0,3028;0,0000;0,0000
101542;SGAA;SISTEMAS DE GESTIÓN Y AUDITORÍAS AMBIENTALES;3;2C;101565;TPEU;TECNICAS PARA LA EVALUACIÓN URBANA;4;2C;0;0;0,0314;0,1817;0,1503;0,3006;0,0000;0,0000
101522;MICRO;MICROBIOLOGÍA;2;2C;101545;EST;ESTADÍSTICA;1;2C;0;0;0,0056;0,1555;0,1499;0,2998;0,0000;0,0000
101554;TTPSS;TEORÍAS Y TÉCNICAS PARA LA SOSTENIBILIDAD SOCIOAMBIENTAL;4;2C;101563;FA;FISICOQUÍMICA DE AGUAS;4;2C;0;0;0,0066;0,1543;0,1477;0,2954;0,0000;0,0000
101559;CPMP;CONTAMINACIÓN POR METALES PESADOS;4;2C;660007;EDAF;EDAFOLOGÍA;2;2C;0;0;0,0586;0,2063;0,1477;0,2954;0,0000;0,0430
101521;E;ECOLOGÍA;2;1C;101545;EST;ESTADÍSTICA;1;2C;0;0;0,0147;0,1617;0,1470;0,2940;0,0000;0,0000
101545;EST;ESTADÍSTICA;1;2C;101546;EA;EDUCACIÓN AMBIENTAL;4;1C;0;0;0,0093;0,1556;0,1463;0,2926;0,0000;0,0000
101524;QA;QUÍMICA AMBIENTAL;2;1C;660059;OGP;ORGANIZACIÓN Y GESTIÓN DE PROYECTOS;4;1C;0;0;0,0019;0,1478;0,1459;0,2918;0,0000;0,0000
101529;EA;ECONOMÍA AMBIENTAL;2;2C;101557;GCP;GESTIÓN DE CAZA Y PESCA;4;2C;0;0;0,0087;0,1528;0,1441;0,2882;0,0000;0,0000
101535;CSPROAI;CONTAMINACIÓN DE LOS SUELOS POR RESIDUOS ORGÁNICOS, AGRÍCOLAS E INDUSTRIALES;3;2C;101539;BBPGM;BASES BOTÁNICAS PARA LA GESTIÓN DEL MEDIOAMBIENTE;1;2C;0;0;0,0248;0,1689;0,1441;0,2882;0,0000;0,0000
101529;EA;ECONOMÍA AMBIENTAL;2;2C;101565;TPEU;TECNICAS PARA LA EVALUACIÓN URBANA;4;2C;0;0;0,0150;0,1587;0,1437;0,2874;0,0000;0,0000
101523;FQ;FUNDAMENTOS DE QUÍMICA;1;1C;660006;GEO;GEOLOGÍA;1;1C;0;0;0,0240;0,1676;0,1436;0,2872;0,0000;0,0000
101550;QAM;QUÍMICA ANALÍTICA MEDIOAMBIENTAL;3;1C;660059;OGP;ORGANIZACIÓN Y GESTIÓN DE PROYECTOS;4;1C;0;0;0,0144;0,1579;0,1435;0,2870;0,0000;0,0000
101541;EIAIPC;EVALUACIÓN DE IMPACTO AMBIENTAL: INSTRUMENTOS DE PREVENCIÓN Y CONTROL;4;1C;101550;QAM;QUÍMICA ANALÍTICA MEDIOAMBIENTAL;3;1C;0;0;0,0121;0,1535;0,1414;0,2828;0,0000;0,0000
101532;BIA;BASES DE INGENIERIA AMBIENTAL;2;2C;101560;PTU;PLANEAMIENTO TERRITORIAL Y URBANO;4;1C;0;0;0,0302;0,1713;0,1411;0,2822;0,0000;0,0000
101539;BBPGM;BASES BOTÁNICAS PARA LA GESTIÓN DEL MEDIOAMBIENTE;1;2C;101551;CNRAP;CONSERVACIÓN DE LA NATURALEZA:RESTAURACIÓN Y REHABILITACIÓN AMBIENTAL. PAISAJISMO;3;2C;0;0;0,0264;0,1675;0,1411;0,2822;0,0000;0,0000
101531;ALA;ADMINISTRACIÓN Y LEGISLACIÓN AMBIENTAL;2;1C;101535;CSPROAI;CONTAMINACIÓN DE LOS SUELOS POR RESIDUOS ORGÁNICOS, AGRÍCOLAS E INDUSTRIALES;3;2C;0;0;0,0014;0,1411;0,1397;0,2794;0,0000;0,0000
101521;E;ECOLOGÍA;2;1C;101532;BIA;BASES DE INGENIERIA AMBIENTAL;2;2C;0;0;0,0272;0,1662;0,1390;0,2780;0,0000;0,0000
101524;QA;QUÍMICA AMBIENTAL;2;1C;101547;CE;CALIDAD Y EMPRESA;4;1C;0;0;0,0056;0,1438;0,1382;0,2764;0,0000;0,0000
101524;QA;QUÍMICA AMBIENTAL;2;1C;101543;SIG;SISTEMAS DE INFORMACIÓN GEOGRÁFICA;2;1C;0;0;0,0142;0,1500;0,1358;0,2716;0,0000;0,0000
101540;GEE;GESTIÓN ENERGÉTICA Y ECOEFICIENCIA;3;2C;101553;IGA;INTERACCIÓN DE GENES Y AMBIENTE;4;1C;0;0;0,0016;0,1374;0,1358;0,2716;0,0000;0,0000
101550;QAM;QUÍMICA ANALÍTICA MEDIOAMBIENTAL;3;1C;660006;GEO;GEOLOGÍA;1;1C;0;0;0,0057;0,1415;0,1358;0,2716;0,0000;0,0000
101523;FQ;FUNDAMENTOS DE QUÍMICA;1;1C;101541;EIAIPC;EVALUACIÓN DE IMPACTO AMBIENTAL: INSTRUMENTOS DE PREVENCIÓN Y CONTROL;4;1C;0;0;0,0030;0,1375;0,1345;0,2690;0,0000;0,0000
101549;GE;GESTIÓN DE ECOSISTEMAS;2;2C;660006;GEO;GEOLOGÍA;1;1C;0;0;0,0297;0,1641;0,1344;0,2688;0,0000;0,0000
101526;FF;FUNDAMENTOS DE FÍSICA;1;1C;101553;IGA;INTERACCIÓN DE GENES Y AMBIENTE;4;1C;0;0;0,0187;0,1513;0,1326;0,2652;0,0000;0,0000
101535;CSPROAI;CONTAMINACIÓN DE LOS SUELOS POR RESIDUOS ORGÁNICOS, AGRÍCOLAS E INDUSTRIALES;3;2C;101540;GEE;GESTIÓN ENERGÉTICA Y ECOEFICIENCIA;3;2C;0;0;0,0119;0,1438;0,1319;0,2638;0,0000;0,0000
101531;ALA;ADMINISTRACIÓN Y LEGISLACIÓN AMBIENTAL;2;1C;101547;CE;CALIDAD Y EMPRESA;4;1C;0;0;0,0360;0,1676;0,1316;0,2632;0,0000;0,0000
101549;GE;GESTIÓN DE ECOSISTEMAS;2;2C;101563;FA;FISICOQUÍMICA DE AGUAS;4;2C;0;0;0,0210;0,1519;0,1309;0,2618;0,0000;0,0000
101532;BIA;BASES DE INGENIERIA AMBIENTAL;2;2C;101551;CNRAP;CONSERVACIÓN DE LA NATURALEZA:RESTAURACIÓN Y REHABILITACIÓN AMBIENTAL. PAISAJISMO;3;2C;0;0;0,0211;0,1509;0,1298;0,2596;0,0000;0,0000
101522;MICRO;MICROBIOLOGÍA;2;2C;101528;FM;FUNDAMENTOS DE MATEMÁTICAS;1;1C;0;0;0,0137;0,1422;0,1285;0,2570;0,0000;0,0000
101523;FQ;FUNDAMENTOS DE QUÍMICA;1;1C;660059;OGP;ORGANIZACIÓN Y GESTIÓN DE PROYECTOS;4;1C;0;0;0,0041;0,1323;0,1282;0,2564;0,0000;0,0000
101533;TAR;TRATAMIENTO DE AGUAS RESIDUALES;3;1C;101536;OTRN;ORDENACIÓN DEL TERRITORIO Y RIESGOS NATURALES;3;1C;0;0;0,0030;0,1312;0,1282;0,2564;0,0000;0,0000
101561;GRUI;GESTIÓN DE RESIDUOS URBANOS E INDUSTRIALES;4;2C;101565;TPEU;TECNICAS PARA LA EVALUACIÓN URBANA;4;2C;0;0;0,0169;0,1447;0,1278;0,2556;0,0000;0,0000
101531;ALA;ADMINISTRACIÓN Y LEGISLACIÓN AMBIENTAL;2;1C;101538;FZPEMA;FUNDAMENTOS ZOOLÓGICOS PARA EL ESTUDIO DEL MEDIO AMBIENTE;1;2C;0;0;0,0335;0,1602;0,1267;0,2534;0,0000;0,0000
101524;QA;QUÍMICA AMBIENTAL;2;1C;101554;TTPSS;TEORÍAS Y TÉCNICAS PARA LA SOSTENIBILIDAD SOCIOAMBIENTAL;4;2C;0;0;0,0095;0,1350;0,1255;0,2510;0,0000;0,0000
101530;AHMA;ACTIVIDADES HUMANAS Y MEDIO AMBIENTE;1;2C;101544;CA;CARTOGRAFÍA APLICADA;1;2C;0;0;0,0119;0,1349;0,1230;0,2460;0,0000;0,0000
101534;CA;CONTAMINACIÓN ATMOSFÉRICA;3;2C;101535;CSPROAI;CONTAMINACIÓN DE LOS SUELOS POR RESIDUOS ORGÁNICOS, AGRÍCOLAS E INDUSTRIALES;3;2C;0;0;0,0409;0,1634;0,1225;0,2450;0,0000;0,0000
101547;CE;CALIDAD Y EMPRESA;4;1C;660006;GEO;GEOLOGÍA;1;1C;0;0;0,0231;0,1453;0,1222;0,2444;0,0000;0,0000
101529;EA;ECONOMÍA AMBIENTAL;2;2C;101535;CSPROAI;CONTAMINACIÓN DE LOS SUELOS POR RESIDUOS ORGÁNICOS, AGRÍCOLAS E INDUSTRIALES;3;2C;0;0;0,0222;0,1437;0,1215;0,2430;0,0000;0,0000
101555;EV;ECOFISIOLOGÍA VEGETAL;4;2C;101556;BA;BIOTECNOLOGÍA AMBIENTAL;4;2C;0;0;0,0930;0,2123;0,1193;0,2386;0,2150;0,0000
101535;CSPROAI;CONTAMINACIÓN DE LOS SUELOS POR RESIDUOS ORGÁNICOS, AGRÍCOLAS E INDUSTRIALES;3;2C;101552;ADA;ANÁLISIS DE DATOS AMBIENTALES;4;1C;0;0;0,0057;0,1247;0,1190;0,2380;0,0000;0,0000
101547;CE;CALIDAD Y EMPRESA;4;1C;101550;QAM;QUÍMICA ANALÍTICA MEDIOAMBIENTAL;3;1C;0;0;0,0137;0,1321;0,1184;0,2368;0,0000;0,0000
101530;AHMA;ACTIVIDADES HUMANAS Y MEDIO AMBIENTE;1;2C;101550;QAM;QUÍMICA ANALÍTICA MEDIOAMBIENTAL;3;1C;0;0;0,0013;0,1180;0,1167;0,2334;0,0000;0,0000
101546;EA;EDUCACIÓN AMBIENTAL;4;1C;101548;TASP;TOXICOLOGÍA AMBIENTAL Y SALUD PÚBLICA;3;1C;0;0;0,0265;0,1428;0,1163;0,2326;0,0000;0,0000
101523;FQ;FUNDAMENTOS DE QUÍMICA;1;1C;101542;SGAA;SISTEMAS DE GESTIÓN Y AUDITORÍAS AMBIENTALES;3;2C;0;0;0,0137;0,1297;0,1160;0,2320;0,0000;0,0000
101524;QA;QUÍMICA AMBIENTAL;2;1C;101538;FZPEMA;FUNDAMENTOS ZOOLÓGICOS PARA EL ESTUDIO DEL MEDIO AMBIENTE;1;2C;0;0;0,0144;0,1290;0,1146;0,2292;0,0000;0,0000
101520;FB;FUNDAMENTOS DE BIOLOGÍA;1;1C;101531;ALA;ADMINISTRACIÓN Y LEGISLACIÓN AMBIENTAL;2;1C;0;0;0,0228;0,1367;0,1139;0,2278;0,0000;0,0000
660006;GEO;GEOLOGÍA;1;1C;660059;OGP;ORGANIZACIÓN Y GESTIÓN DE PROYECTOS;4;1C;0;0;0,0026;0,1164;0,1138;0,2276;0,0000;0,0000
101535;CSPROAI;CONTAMINACIÓN DE LOS SUELOS POR RESIDUOS ORGÁNICOS, AGRÍCOLAS E INDUSTRIALES;3;2C;101541;EIAIPC;EVALUACIÓN DE IMPACTO AMBIENTAL: INSTRUMENTOS DE PREVENCIÓN Y CONTROL;4;1C;0;0;0,0226;0,1359;0,1133;0,2266;0,0000;0,0000
101538;FZPEMA;FUNDAMENTOS ZOOLÓGICOS PARA EL ESTUDIO DEL MEDIO AMBIENTE;1;2C;101555;EV;ECOFISIOLOGÍA VEGETAL;4;2C;0;0;0,0166;0,1294;0,1128;0,2256;0,0000;0,0000
101532;BIA;BASES DE INGENIERIA AMBIENTAL;2;2C;101565;TPEU;TECNICAS PARA LA EVALUACIÓN URBANA;4;2C;0;0;0,0219;0,1342;0,1123;0,2246;0,0000;0,0000
101521;E;ECOLOGÍA;2;1C;101555;EV;ECOFISIOLOGÍA VEGETAL;4;2C;0;0;0,0411;0,1531;0,1120;0,2240;0,0000;0,0000
101534;CA;CONTAMINACIÓN ATMOSFÉRICA;3;2C;101553;IGA;INTERACCIÓN DE GENES Y AMBIENTE;4;1C;0;0;0,0040;0,1159;0,1119;0,2238;0,0000;0,0000
101523;FQ;FUNDAMENTOS DE QUÍMICA;1;1C;101530;AHMA;ACTIVIDADES HUMANAS Y MEDIO AMBIENTE;1;2C;0;0;0,0133;0,1247;0,1114;0,2228;0,0000;0,0000
101535;CSPROAI;CONTAMINACIÓN DE LOS SUELOS POR RESIDUOS ORGÁNICOS, AGRÍCOLAS E INDUSTRIALES;3;2C;101545;EST;ESTADÍSTICA;1;2C;0;0;0,0068;0,1176;0,1108;0,2216;0,0000;0,0000
101541;EIAIPC;EVALUACIÓN DE IMPACTO AMBIENTAL: INSTRUMENTOS DE PREVENCIÓN Y CONTROL;4;1C;660006;GEO;GEOLOGÍA;1;1C;0;0;0,0095;0,1197;0,1102;0,2204;0,0000;0,0000
101546;EA;EDUCACIÓN AMBIENTAL;4;1C;660059;OGP;ORGANIZACIÓN Y GESTIÓN DE PROYECTOS;4;1C;0;0;0,0128;0,1226;0,1098;0,2196;0,0000;0,0000
101552;ADA;ANÁLISIS DE DATOS AMBIENTALES;4;1C;101557;GCP;GESTIÓN DE CAZA Y PESCA;4;2C;0;0;0,0054;0,1137;0,1083;0,2166;0,0000;0,0000
101538;FZPEMA;FUNDAMENTOS ZOOLÓGICOS PARA EL ESTUDIO DEL MEDIO AMBIENTE;1;2C;101563;FA;FISICOQUÍMICA DE AGUAS;4;2C;0;0;0,0124;0,1193;0,1069;0,2138;0,0000;0,0000
101535;CSPROAI;CONTAMINACIÓN DE LOS SUELOS POR RESIDUOS ORGÁNICOS, AGRÍCOLAS E INDUSTRIALES;3;2C;101542;SGAA;SISTEMAS DE GESTIÓN Y AUDITORÍAS AMBIENTALES;3;2C;0;0;0,0070;0,1110;0,1040;0,2080;0,0000;0,0000
101547;CE;CALIDAD Y EMPRESA;4;1C;101565;TPEU;TECNICAS PARA LA EVALUACIÓN URBANA;4;2C;0;0;0,0347;0,1371;0,1024;0,2048;0,0000;0,0000
101542;SGAA;SISTEMAS DE GESTIÓN Y AUDITORÍAS AMBIENTALES;3;2C;660006;GEO;GEOLOGÍA;1;1C;0;0;0,0224;0,1241;0,1017;0,2034;0,0000;0,0000
101535;CSPROAI;CONTAMINACIÓN DE LOS SUELOS POR RESIDUOS ORGÁNICOS, AGRÍCOLAS E INDUSTRIALES;3;2C;101554;TTPSS;TEORÍAS Y TÉCNICAS PARA LA SOSTENIBILIDAD SOCIOAMBIENTAL;4;2C;0;0;0,0069;0,1074;0,1005;0,2010;0,0000;0,0000
101538;FZPEMA;FUNDAMENTOS ZOOLÓGICOS PARA EL ESTUDIO DEL MEDIO AMBIENTE;1;2C;101544;CA;CARTOGRAFÍA APLICADA;1;2C;0;0;0,0275;0,1276;0,1001;0,2002;0,0000;0,0000
101558;CCMC;CONTROL DE LA CONTAMINACIÓN MEDIANTE CATÁLISIS;4;2C;101565;TPEU;TECNICAS PARA LA EVALUACIÓN URBANA;4;2C;0;0;0,0101;0,1079;0,0978;0,1956;0,0000;0,0000
101532;BIA;BASES DE INGENIERIA AMBIENTAL;2;2C;101546;EA;EDUCACIÓN AMBIENTAL;4;1C;0;0;0,0167;0,1132;0,0965;0,1930;0,0000;0,0000
101534;CA;CONTAMINACIÓN ATMOSFÉRICA;3;2C;101538;FZPEMA;FUNDAMENTOS ZOOLÓGICOS PARA EL ESTUDIO DEL MEDIO AMBIENTE;1;2C;0;0;0,0073;0,1037;0,0964;0,1928;0,0000;0,0000
101526;FF;FUNDAMENTOS DE FÍSICA;1;1C;101538;FZPEMA;FUNDAMENTOS ZOOLÓGICOS PARA EL ESTUDIO DEL MEDIO AMBIENTE;1;2C;0;0;0,0005;0,0967;0,0962;0,1924;0,0000;0,0000
101538;FZPEMA;FUNDAMENTOS ZOOLÓGICOS PARA EL ESTUDIO DEL MEDIO AMBIENTE;1;2C;101543;SIG;SISTEMAS DE INFORMACIÓN GEOGRÁFICA;2;1C;0;0;0,0247;0,1195;0,0948;0,1896;0,0000;0,0000
101520;FB;FUNDAMENTOS DE BIOLOGÍA;1;1C;101544;CA;CARTOGRAFÍA APLICADA;1;2C;0;0;0,0217;0,1162;0,0945;0,1890;0,0000;0,0000
101535;CSPROAI;CONTAMINACIÓN DE LOS SUELOS POR RESIDUOS ORGÁNICOS, AGRÍCOLAS E INDUSTRIALES;3;2C;101553;IGA;INTERACCIÓN DE GENES Y AMBIENTE;4;1C;0;0;0,0011;0,0937;0,0926;0,1852;0,0000;0,0000
101540;GEE;GESTIÓN ENERGÉTICA Y ECOEFICIENCIA;3;2C;101551;CNRAP;CONSERVACIÓN DE LA NATURALEZA:RESTAURACIÓN Y REHABILITACIÓN AMBIENTAL. PAISAJISMO;3;2C;0;0;0,0123;0,1037;0,0914;0,1828;0,0000;0,0000
101535;CSPROAI;CONTAMINACIÓN DE LOS SUELOS POR RESIDUOS ORGÁNICOS, AGRÍCOLAS E INDUSTRIALES;3;2C;101538;FZPEMA;FUNDAMENTOS ZOOLÓGICOS PARA EL ESTUDIO DEL MEDIO AMBIENTE;1;2C;0;0;0,0193;0,1105;0,0912;0,1824;0,0000;0,0000
101535;CSPROAI;CONTAMINACIÓN DE LOS SUELOS POR RESIDUOS ORGÁNICOS, AGRÍCOLAS E INDUSTRIALES;3;2C;101560;PTU;PLANEAMIENTO TERRITORIAL Y URBANO;4;1C;0;0;0,0052;0,0954;0,0902;0,1804;0,0000;0,0000
101548;TASP;TOXICOLOGÍA AMBIENTAL Y SALUD PÚBLICA;3;1C;101565;TPEU;TECNICAS PARA LA EVALUACIÓN URBANA;4;2C;0;0;0,0355;0,1249;0,0894;0,1788;0,0000;0,0000
101533;TAR;TRATAMIENTO DE AGUAS RESIDUALES;3;1C;101557;GCP;GESTIÓN DE CAZA Y PESCA;4;2C;0;0;0,0228;0,1121;0,0893;0,1786;0,0000;0,0000
101531;ALA;ADMINISTRACIÓN Y LEGISLACIÓN AMBIENTAL;2;1C;101545;EST;ESTADÍSTICA;1;2C;0;0;0,0039;0,0930;0,0891;0,1782;0,0000;0,0000
101538;FZPEMA;FUNDAMENTOS ZOOLÓGICOS PARA EL ESTUDIO DEL MEDIO AMBIENTE;1;2C;101540;GEE;GESTIÓN ENERGÉTICA Y ECOEFICIENCIA;3;2C;0;0;0,0056;0,0927;0,0871;0,1742;0,0000;0,0000
101535;CSPROAI;CONTAMINACIÓN DE LOS SUELOS POR RESIDUOS ORGÁNICOS, AGRÍCOLAS E INDUSTRIALES;3;2C;101536;OTRN;ORDENACIÓN DEL TERRITORIO Y RIESGOS NATURALES;3;1C;0;0;0,0056;0,0907;0,0851;0,1702;0,0000;0,0000
101545;EST;ESTADÍSTICA;1;2C;101551;CNRAP;CONSERVACIÓN DE LA NATURALEZA:RESTAURACIÓN Y REHABILITACIÓN AMBIENTAL. PAISAJISMO;3;2C;0;0;0,0015;0,0853;0,0838;0,1676;0,0000;0,0000
101523;FQ;FUNDAMENTOS DE QUÍMICA;1;1C;101547;CE;CALIDAD Y EMPRESA;4;1C;0;0;0,0149;0,0953;0,0804;0,1608;0,0000;0,0000
101535;CSPROAI;CONTAMINACIÓN DE LOS SUELOS POR RESIDUOS ORGÁNICOS, AGRÍCOLAS E INDUSTRIALES;3;2C;101547;CE;CALIDAD Y EMPRESA;4;1C;0;0;0,0219;0,1011;0,0792;0,1584;0,0000;0,0000
101553;IGA;INTERACCIÓN DE GENES Y AMBIENTE;4;1C;660007;EDAF;EDAFOLOGÍA;2;2C;0;0;0,0086;0,0865;0,0779;0,1558;0,0000;0,0000
101546;EA;EDUCACIÓN AMBIENTAL;4;1C;101552;ADA;ANÁLISIS DE DATOS AMBIENTALES;4;1C;0;0;0,0052;0,0820;0,0768;0,1536;0,0000;0,0000
101550;QAM;QUÍMICA ANALÍTICA MEDIOAMBIENTAL;3;1C;101553;IGA;INTERACCIÓN DE GENES Y AMBIENTE;4;1C;0;0;0,0026;0,0794;0,0768;0,1536;0,0000;0,0000
101531;ALA;ADMINISTRACIÓN Y LEGISLACIÓN AMBIENTAL;2;1C;101553;IGA;INTERACCIÓN DE GENES Y AMBIENTE;4;1C;0;0;0,0239;0,1006;0,0767;0,1534;0,0000;0,0000
101536;OTRN;ORDENACIÓN DEL TERRITORIO Y RIESGOS NATURALES;3;1C;660006;GEO;GEOLOGÍA;1;1C;0;0;0,0503;0,1261;0,0758;0,1516;0,0000;0,0015
101522;MICRO;MICROBIOLOGÍA;2;2C;101555;EV;ECOFISIOLOGÍA VEGETAL;4;2C;0;0;0,0588;0,1335;0,0747;0,1494;0,0000;0,0440
101535;CSPROAI;CONTAMINACIÓN DE LOS SUELOS POR RESIDUOS ORGÁNICOS, AGRÍCOLAS E INDUSTRIALES;3;2C;101544;CA;CARTOGRAFÍA APLICADA;1;2C;0;0;0,0300;0,1047;0,0747;0,1494;0,0000;0,0000
101535;CSPROAI;CONTAMINACIÓN DE LOS SUELOS POR RESIDUOS ORGÁNICOS, AGRÍCOLAS E INDUSTRIALES;3;2C;101543;SIG;SISTEMAS DE INFORMACIÓN GEOGRÁFICA;2;1C;0;0;0,0029;0,0767;0,0738;0,1476;0,0000;0,0000
101531;ALA;ADMINISTRACIÓN Y LEGISLACIÓN AMBIENTAL;2;1C;101546;EA;EDUCACIÓN AMBIENTAL;4;1C;0;0;0,0305;0,1039;0,0734;0,1468;0,0000;0,0000
101535;CSPROAI;CONTAMINACIÓN DE LOS SUELOS POR RESIDUOS ORGÁNICOS, AGRÍCOLAS E INDUSTRIALES;3;2C;660059;OGP;ORGANIZACIÓN Y GESTIÓN DE PROYECTOS;4;1C;0;0;0,0063;0,0779;0,0716;0,1432;0,0000;0,0000
101523;FQ;FUNDAMENTOS DE QUÍMICA;1;1C;101554;TTPSS;TEORÍAS Y TÉCNICAS PARA LA SOSTENIBILIDAD SOCIOAMBIENTAL;4;2C;0;0;0,0075;0,0789;0,0714;0,1428;0,0000;0,0000
101544;CA;CARTOGRAFÍA APLICADA;1;2C;101561;GRUI;GESTIÓN DE RESIDUOS URBANOS E INDUSTRIALES;4;2C;0;0;0,0120;0,0833;0,0713;0,1426;0,0000;0,0000
101527;MC;METEOROLOGÍA Y CLIMATOLOGÍA;2;1C;101565;TPEU;TECNICAS PARA LA EVALUACIÓN URBANA;4;2C;0;0;0,0176;0,0872;0,0696;0,1392;0,0000;0,0000
101559;CPMP;CONTAMINACIÓN POR METALES PESADOS;4;2C;101561;GRUI;GESTIÓN DE RESIDUOS URBANOS E INDUSTRIALES;4;2C;0;0;0,0100;0,0794;0,0694;0,1388;0,0000;0,0000
101532;BIA;BASES DE INGENIERIA AMBIENTAL;2;2C;101557;GCP;GESTIÓN DE CAZA Y PESCA;4;2C;0;0;0,0123;0,0804;0,0681;0,1362;0,0000;0,0000
101529;EA;ECONOMÍA AMBIENTAL;2;2C;101544;CA;CARTOGRAFÍA APLICADA;1;2C;0;0;0,0106;0,0784;0,0678;0,1356;0,0000;0,0000
101524;QA;QUÍMICA AMBIENTAL;2;1C;101549;GE;GESTIÓN DE ECOSISTEMAS;2;2C;0;0;0,0272;0,0938;0,0666;0,1332;0,0000;0,0000
101521;E;ECOLOGÍA;2;1C;101553;IGA;INTERACCIÓN DE GENES Y AMBIENTE;4;1C;0;0;0,0294;0,0927;0,0633;0,1266;0,0000;0,0000
101520;FB;FUNDAMENTOS DE BIOLOGÍA;1;1C;101556;BA;BIOTECNOLOGÍA AMBIENTAL;4;2C;0;0;0,0777;0,1408;0,0631;0,1262;0,0000;0,1385
101522;MICRO;MICROBIOLOGÍA;2;2C;101541;EIAIPC;EVALUACIÓN DE IMPACTO AMBIENTAL: INSTRUMENTOS DE PREVENCIÓN Y CONTROL;4;1C;0;0;0,0253;0,0882;0,0629;0,1258;0,0000;0,0000
101522;MICRO;MICROBIOLOGÍA;2;2C;101554;TTPSS;TEORÍAS Y TÉCNICAS PARA LA SOSTENIBILIDAD SOCIOAMBIENTAL;4;2C;0;0;0,0228;0,0847;0,0619;0,1238;0,0000;0,0000
101522;MICRO;MICROBIOLOGÍA;2;2C;660007;EDAF;EDAFOLOGÍA;2;2C;0;0;0,0545;0,1158;0,0613;0,1226;0,0225;0,0000
101531;ALA;ADMINISTRACIÓN Y LEGISLACIÓN AMBIENTAL;2;1C;101549;GE;GESTIÓN DE ECOSISTEMAS;2;2C;0;0;0,0116;0,0722;0,0606;0,1212;0,0000;0,0000
101550;QAM;QUÍMICA ANALÍTICA MEDIOAMBIENTAL;3;1C;101554;TTPSS;TEORÍAS Y TÉCNICAS PARA LA SOSTENIBILIDAD SOCIOAMBIENTAL;4;2C;0;0;0,0189;0,0794;0,0605;0,1210;0,0000;0,0000
101557;GCP;GESTIÓN DE CAZA Y PESCA;4;2C;660006;GEO;GEOLOGÍA;1;1C;0;0;0,0165;0,0766;0,0601;0,1202;0,0000;0,0000
101534;CA;CONTAMINACIÓN ATMOSFÉRICA;3;2C;101541;EIAIPC;EVALUACIÓN DE IMPACTO AMBIENTAL: INSTRUMENTOS DE PREVENCIÓN Y CONTROL;4;1C;0;0;0,0201;0,0792;0,0591;0,1182;0,0000;0,0000
101535;CSPROAI;CONTAMINACIÓN DE LOS SUELOS POR RESIDUOS ORGÁNICOS, AGRÍCOLAS E INDUSTRIALES;3;2C;101550;QAM;QUÍMICA ANALÍTICA MEDIOAMBIENTAL;3;1C;0;0;0,0425;0,1014;0,0589;0,1178;0,0000;0,0000
101522;MICRO;MICROBIOLOGÍA;2;2C;101558;CCMC;CONTROL DE LA CONTAMINACIÓN MEDIANTE CATÁLISIS;4;2C;0;0;0,0196;0,0779;0,0583;0,1166;0,0000;0,0000
101524;QA;QUÍMICA AMBIENTAL;2;1C;101531;ALA;ADMINISTRACIÓN Y LEGISLACIÓN AMBIENTAL;2;1C;0;0;0,0297;0,0867;0,0570;0,1140;0,0000;0,0000
101536;OTRN;ORDENACIÓN DEL TERRITORIO Y RIESGOS NATURALES;3;1C;101540;GEE;GESTIÓN ENERGÉTICA Y ECOEFICIENCIA;3;2C;0;0;0,0012;0,0577;0,0565;0,1130;0,0000;0,0000
101522;MICRO;MICROBIOLOGÍA;2;2C;660059;OGP;ORGANIZACIÓN Y GESTIÓN DE PROYECTOS;4;1C;0;0;0,0161;0,0715;0,0554;0,1108;0,0000;0,0000
101523;FQ;FUNDAMENTOS DE QUÍMICA;1;1C;101549;GE;GESTIÓN DE ECOSISTEMAS;2;2C;0;0;0,0235;0,0787;0,0552;0,1104;0,0000;0,0000
101522;MICRO;MICROBIOLOGÍA;2;2C;101527;MC;METEOROLOGÍA Y CLIMATOLOGÍA;2;1C;0;0;0,0176;0,0727;0,0551;0,1102;0,0000;0,0000
101536;OTRN;ORDENACIÓN DEL TERRITORIO Y RIESGOS NATURALES;3;1C;101555;EV;ECOFISIOLOGÍA VEGETAL;4;2C;0;0;0,0095;0,0640;0,0545;0,1090;0,0000;0,0000
101528;FM;FUNDAMENTOS DE MATEMÁTICAS;1;1C;101565;TPEU;TECNICAS PARA LA EVALUACIÓN URBANA;4;2C;0;0;0,0062;0,0606;0,0544;0,1088;0,0000;0,0000
101521;E;ECOLOGÍA;2;1C;660006;GEO;GEOLOGÍA;1;1C;0;0;0,0384;0,0926;0,0542;0,1084;0,0000;0,0000
101522;MICRO;MICROBIOLOGÍA;2;2C;101552;ADA;ANÁLISIS DE DATOS AMBIENTALES;4;1C;0;0;0,0088;0,0629;0,0541;0,1082;0,0000;0,0000
101549;GE;GESTIÓN DE ECOSISTEMAS;2;2C;101550;QAM;QUÍMICA ANALÍTICA MEDIOAMBIENTAL;3;1C;0;0;0,0166;0,0707;0,0541;0,1082;0,0000;0,0000
101522;MICRO;MICROBIOLOGÍA;2;2C;660006;GEO;GEOLOGÍA;1;1C;0;0;0,0394;0,0931;0,0537;0,1074;0,0000;0,0000
101546;EA;EDUCACIÓN AMBIENTAL;4;1C;101553;IGA;INTERACCIÓN DE GENES Y AMBIENTE;4;1C;0;0;0,0113;0,0649;0,0536;0,1072;0,0000;0,0000
101532;BIA;BASES DE INGENIERIA AMBIENTAL;2;2C;101556;BA;BIOTECNOLOGÍA AMBIENTAL;4;2C;0;0;0,0323;0,0858;0,0535;0,1070;0,0000;0,0000
101526;FF;FUNDAMENTOS DE FÍSICA;1;1C;101546;EA;EDUCACIÓN AMBIENTAL;4;1C;0;0;0,0043;0,0575;0,0532;0,1064;0,0000;0,0000
101526;FF;FUNDAMENTOS DE FÍSICA;1;1C;101536;OTRN;ORDENACIÓN DEL TERRITORIO Y RIESGOS NATURALES;3;1C;0;0;0,0022;0,0538;0,0516;0,1032;0,0000;0,0000
101534;CA;CONTAMINACIÓN ATMOSFÉRICA;3;2C;660059;OGP;ORGANIZACIÓN Y GESTIÓN DE PROYECTOS;4;1C;0;0;0,0104;0,0617;0,0513;0,1026;0,0000;0,0000
101520;FB;FUNDAMENTOS DE BIOLOGÍA;1;1C;101521;E;ECOLOGÍA;2;1C;0;0;0,0488;0,0981;0,0493;0,0986;0,0000;0,0000
101527;MC;METEOROLOGÍA Y CLIMATOLOGÍA;2;1C;101546;EA;EDUCACIÓN AMBIENTAL;4;1C;0;0;0,0095;0,0583;0,0488;0,0976;0,0000;0,0000
101546;EA;EDUCACIÓN AMBIENTAL;4;1C;101558;CCMC;CONTROL DE LA CONTAMINACIÓN MEDIANTE CATÁLISIS;4;2C;0;0;0,0060;0,0538;0,0478;0,0956;0,0000;0,0000
101544;CA;CARTOGRAFÍA APLICADA;1;2C;660006;GEO;GEOLOGÍA;1;1C;0;0;0,0257;0,0720;0,0463;0,0926;0,0000;0,0000
101565;TPEU;TECNICAS PARA LA EVALUACIÓN URBANA;4;2C;660007;EDAF;EDAFOLOGÍA;2;2C;0;0;0,0337;0,0796;0,0459;0,0918;0,0000;0,0000
101551;CNRAP;CONSERVACIÓN DE LA NATURALEZA:RESTAURACIÓN Y REHABILITACIÓN AMBIENTAL. PAISAJISMO;3;2C;101553;IGA;INTERACCIÓN DE GENES Y AMBIENTE;4;1C;0;0;0,0141;0,0594;0,0453;0,0906;0,0000;0,0000
101526;FF;FUNDAMENTOS DE FÍSICA;1;1C;101565;TPEU;TECNICAS PARA LA EVALUACIÓN URBANA;4;2C;0;0;0,0048;0,0500;0,0452;0,0904;0,0000;0,0000
101546;EA;EDUCACIÓN AMBIENTAL;4;1C;101549;GE;GESTIÓN DE ECOSISTEMAS;2;2C;0;0;0,0315;0,0762;0,0447;0,0894;0,0000;0,0000
101538;FZPEMA;FUNDAMENTOS ZOOLÓGICOS PARA EL ESTUDIO DEL MEDIO AMBIENTE;1;2C;101550;QAM;QUÍMICA ANALÍTICA MEDIOAMBIENTAL;3;1C;0;0;0,0233;0,0677;0,0444;0,0888;0,0000;0,0000
101531;ALA;ADMINISTRACIÓN Y LEGISLACIÓN AMBIENTAL;2;1C;101555;EV;ECOFISIOLOGÍA VEGETAL;4;2C;0;0;0,0154;0,0596;0,0442;0,0884;0,0000;0,0000
101534;CA;CONTAMINACIÓN ATMOSFÉRICA;3;2C;101542;SGAA;SISTEMAS DE GESTIÓN Y AUDITORÍAS AMBIENTALES;3;2C;0;0;0,0031;0,0448;0,0417;0,0834;0,0000;0,0000
101539;BBPGM;BASES BOTÁNICAS PARA LA GESTIÓN DEL MEDIOAMBIENTE;1;2C;101556;BA;BIOTECNOLOGÍA AMBIENTAL;4;2C;0;0;0,0267;0,0680;0,0413;0,0826;0,0000;0,0000
101554;TTPSS;TEORÍAS Y TÉCNICAS PARA LA SOSTENIBILIDAD SOCIOAMBIENTAL;4;2C;101556;BA;BIOTECNOLOGÍA AMBIENTAL;4;2C;0;0;0,0178;0,0573;0,0395;0,0790;0,0000;0,0000
101526;FF;FUNDAMENTOS DE FÍSICA;1;1C;101560;PTU;PLANEAMIENTO TERRITORIAL Y URBANO;4;1C;0;0;0,0011;0,0385;0,0374;0,0748;0,0000;0,0000
101522;MICRO;MICROBIOLOGÍA;2;2C;101537;GMF;GESTIÓN DEL MEDIO FÍSICO;3;1C;0;0;0,0198;0,0571;0,0373;0,0746;0,0000;0,0000
101535;CSPROAI;CONTAMINACIÓN DE LOS SUELOS POR RESIDUOS ORGÁNICOS, AGRÍCOLAS E INDUSTRIALES;3;2C;101551;CNRAP;CONSERVACIÓN DE LA NATURALEZA:RESTAURACIÓN Y REHABILITACIÓN AMBIENTAL. PAISAJISMO;3;2C;0;0;0,0247;0,0610;0,0363;0,0726;0,0000;0,0000
101553;IGA;INTERACCIÓN DE GENES Y AMBIENTE;4;1C;101556;BA;BIOTECNOLOGÍA AMBIENTAL;4;2C;0;0;0,0270;0,0631;0,0361;0,0722;0,0000;0,0000
101528;FM;FUNDAMENTOS DE MATEMÁTICAS;1;1C;101556;BA;BIOTECNOLOGÍA AMBIENTAL;4;2C;0;0;0,0086;0,0446;0,0360;0,0720;0,0000;0,0000
101542;SGAA;SISTEMAS DE GESTIÓN Y AUDITORÍAS AMBIENTALES;3;2C;101544;CA;CARTOGRAFÍA APLICADA;1;2C;0;0;0,0117;0,0465;0,0348;0,0696;0,0000;0,0000
101537;GMF;GESTIÓN DEL MEDIO FÍSICO;3;1C;101559;CPMP;CONTAMINACIÓN POR METALES PESADOS;4;2C;0;0;0,0055;0,0399;0,0344;0,0688;0,0000;0,0000
101559;CPMP;CONTAMINACIÓN POR METALES PESADOS;4;2C;660006;GEO;GEOLOGÍA;1;1C;0;0;0,0197;0,0539;0,0342;0,0684;0,0000;0,0000
101528;FM;FUNDAMENTOS DE MATEMÁTICAS;1;1C;101557;GCP;GESTIÓN DE CAZA Y PESCA;4;2C;0;0;0,0008;0,0348;0,0340;0,0680;0,0000;0,0000
101539;BBPGM;BASES BOTÁNICAS PARA LA GESTIÓN DEL MEDIOAMBIENTE;1;2C;101565;TPEU;TECNICAS PARA LA EVALUACIÓN URBANA;4;2C;0;0;0,0103;0,0434;0,0331;0,0662;0,0000;0,0000
101524;QA;QUÍMICA AMBIENTAL;2;1C;101536;OTRN;ORDENACIÓN DEL TERRITORIO Y RIESGOS NATURALES;3;1C;0;0;0,0177;0,0506;0,0329;0,0658;0,0000;0,0000
101560;PTU;PLANEAMIENTO TERRITORIAL Y URBANO;4;1C;660007;EDAF;EDAFOLOGÍA;2;2C;0;0;0,0107;0,0431;0,0324;0,0648;0,0000;0,0000
101538;FZPEMA;FUNDAMENTOS ZOOLÓGICOS PARA EL ESTUDIO DEL MEDIO AMBIENTE;1;2C;101551;CNRAP;CONSERVACIÓN DE LA NATURALEZA:RESTAURACIÓN Y REHABILITACIÓN AMBIENTAL. PAISAJISMO;3;2C;0;0;0,0360;0,0683;0,0323;0,0646;0,0000;0,0000
101522;MICRO;MICROBIOLOGÍA;2;2C;101529;EA;ECONOMÍA AMBIENTAL;2;2C;0;0;0,0166;0,0483;0,0317;0,0634;0,0000;0,0000
101537;GMF;GESTIÓN DEL MEDIO FÍSICO;3;1C;101565;TPEU;TECNICAS PARA LA EVALUACIÓN URBANA;4;2C;0;0;0,0122;0,0436;0,0314;0,0628;0,0000;0,0000
101540;GEE;GESTIÓN ENERGÉTICA Y ECOEFICIENCIA;3;2C;101565;TPEU;TECNICAS PARA LA EVALUACIÓN URBANA;4;2C;0;0;0,0103;0,0411;0,0308;0,0616;0,0000;0,0000
101535;CSPROAI;CONTAMINACIÓN DE LOS SUELOS POR RESIDUOS ORGÁNICOS, AGRÍCOLAS E INDUSTRIALES;3;2C;101557;GCP;GESTIÓN DE CAZA Y PESCA;4;2C;0;0;0,0146;0,0449;0,0303;0,0606;0,0000;0,0000
101529;EA;ECONOMÍA AMBIENTAL;2;2C;101556;BA;BIOTECNOLOGÍA AMBIENTAL;4;2C;0;0;0,0156;0,0458;0,0302;0,0604;0,0000;0,0000
101535;CSPROAI;CONTAMINACIÓN DE LOS SUELOS POR RESIDUOS ORGÁNICOS, AGRÍCOLAS E INDUSTRIALES;3;2C;101565;TPEU;TECNICAS PARA LA EVALUACIÓN URBANA;4;2C;0;0;0,0228;0,0529;0,0301;0,0602;0,0000;0,0000
101536;OTRN;ORDENACIÓN DEL TERRITORIO Y RIESGOS NATURALES;3;1C;101550;QAM;QUÍMICA ANALÍTICA MEDIOAMBIENTAL;3;1C;0;0;0,0131;0,0431;0,0300;0,0600;0,0000;0,0000
101520;FB;FUNDAMENTOS DE BIOLOGÍA;1;1C;101551;CNRAP;CONSERVACIÓN DE LA NATURALEZA:RESTAURACIÓN Y REHABILITACIÓN AMBIENTAL. PAISAJISMO;3;2C;0;0;0,0297;0,0581;0,0284;0,0568;0,0000;0,0000
101522;MICRO;MICROBIOLOGÍA;2;2C;101548;TASP;TOXICOLOGÍA AMBIENTAL Y SALUD PÚBLICA;3;1C;0;0;0,0391;0,0675;0,0284;0,0568;0,0000;0,0000
101540;GEE;GESTIÓN ENERGÉTICA Y ECOEFICIENCIA;3;2C;101560;PTU;PLANEAMIENTO TERRITORIAL Y URBANO;4;1C;0;0;0,0101;0,0384;0,0283;0,0566;0,0000;0,0000
101536;OTRN;ORDENACIÓN DEL TERRITORIO Y RIESGOS NATURALES;3;1C;101563;FA;FISICOQUÍMICA DE AGUAS;4;2C;0;0;0,0196;0,0474;0,0278;0,0556;0,0000;0,0000
101531;ALA;ADMINISTRACIÓN Y LEGISLACIÓN AMBIENTAL;2;1C;101533;TAR;TRATAMIENTO DE AGUAS RESIDUALES;3;1C;0;0;0,0016;0,0289;0,0273;0,0546;0,0000;0,0000
101538;FZPEMA;FUNDAMENTOS ZOOLÓGICOS PARA EL ESTUDIO DEL MEDIO AMBIENTE;1;2C;101565;TPEU;TECNICAS PARA LA EVALUACIÓN URBANA;4;2C;0;0;0,0292;0,0556;0,0264;0,0528;0,0000;0,0000
101522;MICRO;MICROBIOLOGÍA;2;2C;101533;TAR;TRATAMIENTO DE AGUAS RESIDUALES;3;1C;0;0;0,0361;0,0617;0,0256;0,0512;0,0000;0,0000
101535;CSPROAI;CONTAMINACIÓN DE LOS SUELOS POR RESIDUOS ORGÁNICOS, AGRÍCOLAS E INDUSTRIALES;3;2C;101549;GE;GESTIÓN DE ECOSISTEMAS;2;2C;0;0;0,0123;0,0378;0,0255;0,0510;0,0000;0,0000
101543;SIG;SISTEMAS DE INFORMACIÓN GEOGRÁFICA;2;1C;101553;IGA;INTERACCIÓN DE GENES Y AMBIENTE;4;1C;0;0;0,0146;0,0394;0,0248;0,0496;0,0000;0,0000
101531;ALA;ADMINISTRACIÓN Y LEGISLACIÓN AMBIENTAL;2;1C;101563;FA;FISICOQUÍMICA DE AGUAS;4;2C;0;0;0,0091;0,0331;0,0240;0,0480;0,0000;0,0000
101534;CA;CONTAMINACIÓN ATMOSFÉRICA;3;2C;101536;OTRN;ORDENACIÓN DEL TERRITORIO Y RIESGOS NATURALES;3;1C;0;0;0,0100;0,0338;0,0238;0,0476;0,0000;0,0000
101540;GEE;GESTIÓN ENERGÉTICA Y ECOEFICIENCIA;3;2C;101546;EA;EDUCACIÓN AMBIENTAL;4;1C;0;0;0,0056;0,0293;0,0237;0,0474;0,0000;0,0000
101522;MICRO;MICROBIOLOGÍA;2;2C;101530;AHMA;ACTIVIDADES HUMANAS Y MEDIO AMBIENTE;1;2C;0;0;0,0151;0,0383;0,0232;0,0464;0,0000;0,0000
101552;ADA;ANÁLISIS DE DATOS AMBIENTALES;4;1C;101556;BA;BIOTECNOLOGÍA AMBIENTAL;4;2C;0;0;0,0080;0,0311;0,0231;0,0462;0,0000;0,0000
101522;MICRO;MICROBIOLOGÍA;2;2C;101561;GRUI;GESTIÓN DE RESIDUOS URBANOS E INDUSTRIALES;4;2C;0;0;0,0173;0,0402;0,0229;0,0458;0,0000;0,0000
101522;MICRO;MICROBIOLOGÍA;2;2C;101526;FF;FUNDAMENTOS DE FÍSICA;1;1C;0;0;0,0078;0,0306;0,0228;0,0456;0,0000;0,0000
101530;AHMA;ACTIVIDADES HUMANAS Y MEDIO AMBIENTE;1;2C;101559;CPMP;CONTAMINACIÓN POR METALES PESADOS;4;2C;0;0;0,0059;0,0286;0,0227;0,0454;0,0000;0,0000
101555;EV;ECOFISIOLOGÍA VEGETAL;4;2C;101560;PTU;PLANEAMIENTO TERRITORIAL Y URBANO;4;1C;0;0;0,0068;0,0295;0,0227;0,0454;0,0000;0,0000
101523;FQ;FUNDAMENTOS DE QUÍMICA;1;1C;101553;IGA;INTERACCIÓN DE GENES Y AMBIENTE;4;1C;0;0;0,0277;0,0490;0,0213;0,0426;0,0000;0,0000
101535;CSPROAI;CONTAMINACIÓN DE LOS SUELOS POR RESIDUOS ORGÁNICOS, AGRÍCOLAS E INDUSTRIALES;3;2C;101556;BA;BIOTECNOLOGÍA AMBIENTAL;4;2C;0;0;0,0563;0,0771;0,0208;0,0416;0,0000;0,0315
101527;MC;METEOROLOGÍA Y CLIMATOLOGÍA;2;1C;101557;GCP;GESTIÓN DE CAZA Y PESCA;4;2C;0;0;0,0048;0,0252;0,0204;0,0408;0,0000;0,0000
101531;ALA;ADMINISTRACIÓN Y LEGISLACIÓN AMBIENTAL;2;1C;101559;CPMP;CONTAMINACIÓN POR METALES PESADOS;4;2C;0;0;0,0157;0,0344;0,0187;0,0374;0,0000;0,0000
101556;BA;BIOTECNOLOGÍA AMBIENTAL;4;2C;660059;OGP;ORGANIZACIÓN Y GESTIÓN DE PROYECTOS;4;1C;0;0;0,0110;0,0295;0,0185;0,0370;0,0000;0,0000
101543;SIG;SISTEMAS DE INFORMACIÓN GEOGRÁFICA;2;1C;101546;EA;EDUCACIÓN AMBIENTAL;4;1C;0;0;0,0166;0,0347;0,0181;0,0362;0,0000;0,0000
101535;CSPROAI;CONTAMINACIÓN DE LOS SUELOS POR RESIDUOS ORGÁNICOS, AGRÍCOLAS E INDUSTRIALES;3;2C;101546;EA;EDUCACIÓN AMBIENTAL;4;1C;0;0;0,0099;0,0279;0,0180;0,0360;0,0000;0,0000
101548;TASP;TOXICOLOGÍA AMBIENTAL Y SALUD PÚBLICA;3;1C;101551;CNRAP;CONSERVACIÓN DE LA NATURALEZA:RESTAURACIÓN Y REHABILITACIÓN AMBIENTAL. PAISAJISMO;3;2C;0;0;0,0215;0,0395;0,0180;0,0360;0,0000;0,0000
101543;SIG;SISTEMAS DE INFORMACIÓN GEOGRÁFICA;2;1C;101551;CNRAP;CONSERVACIÓN DE LA NATURALEZA:RESTAURACIÓN Y REHABILITACIÓN AMBIENTAL. PAISAJISMO;3;2C;0;0;0,0273;0,0445;0,0172;0,0344;0,0000;0,0000
101529;EA;ECONOMÍA AMBIENTAL;2;2C;101551;CNRAP;CONSERVACIÓN DE LA NATURALEZA:RESTAURACIÓN Y REHABILITACIÓN AMBIENTAL. PAISAJISMO;3;2C;0;0;0,0098;0,0262;0,0164;0,0328;0,0000;0,0000
101522;MICRO;MICROBIOLOGÍA;2;2C;101538;FZPEMA;FUNDAMENTOS ZOOLÓGICOS PARA EL ESTUDIO DEL MEDIO AMBIENTE;1;2C;0;0;0,0360;0,0491;0,0131;0,0262;0,0000;0,0000
101541;EIAIPC;EVALUACIÓN DE IMPACTO AMBIENTAL: INSTRUMENTOS DE PREVENCIÓN Y CONTROL;4;1C;101556;BA;BIOTECNOLOGÍA AMBIENTAL;4;2C;0;0;0,0164;0,0289;0,0125;0,0250;0,0000;0,0000
101534;CA;CONTAMINACIÓN ATMOSFÉRICA;3;2C;101549;GE;GESTIÓN DE ECOSISTEMAS;2;2C;0;0;0,0186;0,0308;0,0122;0,0244;0,0000;0,0000
101522;MICRO;MICROBIOLOGÍA;2;2C;101535;CSPROAI;CONTAMINACIÓN DE LOS SUELOS POR RESIDUOS ORGÁNICOS, AGRÍCOLAS E INDUSTRIALES;3;2C;0;0;0,0296;0,0417;0,0121;0,0242;0,0000;0,0000
101544;CA;CARTOGRAFÍA APLICADA;1;2C;660059;OGP;ORGANIZACIÓN Y GESTIÓN DE PROYECTOS;4;1C;0;0;0,0055;0,0173;0,0118;0,0236;0,0000;0,0000
101523;FQ;FUNDAMENTOS DE QUÍMICA;1;1C;101538;FZPEMA;FUNDAMENTOS ZOOLÓGICOS PARA EL ESTUDIO DEL MEDIO AMBIENTE;1;2C;0;0;0,0064;0,0181;0,0117;0,0234;0,0000;0,0000
101522;MICRO;MICROBIOLOGÍA;2;2C;101532;BIA;BASES DE INGENIERIA AMBIENTAL;2;2C;0;0;0,0199;0,0297;0,0098;0,0196;0,0000;0,0000
101524;QA;QUÍMICA AMBIENTAL;2;1C;101551;CNRAP;CONSERVACIÓN DE LA NATURALEZA:RESTAURACIÓN Y REHABILITACIÓN AMBIENTAL. PAISAJISMO;3;2C;0;0;0,0264;0,0362;0,0098;0,0196;0,0000;0,0000
101534;CA;CONTAMINACIÓN ATMOSFÉRICA;3;2C;101559;CPMP;CONTAMINACIÓN POR METALES PESADOS;4;2C;0;0;0,0238;0,0334;0,0096;0,0192;0,0000;0,0000
101528;FM;FUNDAMENTOS DE MATEMÁTICAS;1;1C;101559;CPMP;CONTAMINACIÓN POR METALES PESADOS;4;2C;0;0;0,0024;0,0116;0,0092;0,0184;0,0000;0,0000
101541;EIAIPC;EVALUACIÓN DE IMPACTO AMBIENTAL: INSTRUMENTOS DE PREVENCIÓN Y CONTROL;4;1C;101559;CPMP;CONTAMINACIÓN POR METALES PESADOS;4;2C;0;0;0,0065;0,0137;0,0072;0,0144;0,0000;0,0000
101531;ALA;ADMINISTRACIÓN Y LEGISLACIÓN AMBIENTAL;2;1C;101543;SIG;SISTEMAS DE INFORMACIÓN GEOGRÁFICA;2;1C;0;0;0,0095;0,0165;0,0070;0,0140;0,0000;0,0000
101520;FB;FUNDAMENTOS DE BIOLOGÍA;1;1C;101565;TPEU;TECNICAS PARA LA EVALUACIÓN URBANA;4;2C;0;0;0,0221;0,0290;0,0069;0,0138;0,0000;0,0000
101521;E;ECOLOGÍA;2;1C;101533;TAR;TRATAMIENTO DE AGUAS RESIDUALES;3;1C;0;0;0,0181;0,0244;0,0063;0,0126;0,0000;0,0000
101534;CA;CONTAMINACIÓN ATMOSFÉRICA;3;2C;101543;SIG;SISTEMAS DE INFORMACIÓN GEOGRÁFICA;2;1C;0;0;0,0090;0,0139;0,0049;0,0098;0,0000;0,0000
101521;E;ECOLOGÍA;2;1C;101560;PTU;PLANEAMIENTO TERRITORIAL Y URBANO;4;1C;0;0;0,0411;0,0458;0,0047;0,0094;0,0000;0,0000
101538;FZPEMA;FUNDAMENTOS ZOOLÓGICOS PARA EL ESTUDIO DEL MEDIO AMBIENTE;1;2C;660007;EDAF;EDAFOLOGÍA;2;2C;0;0;0,0120;0,0161;0,0041;0,0082;0,0000;0,0000
101538;FZPEMA;FUNDAMENTOS ZOOLÓGICOS PARA EL ESTUDIO DEL MEDIO AMBIENTE;1;2C;101546;EA;EDUCACIÓN AMBIENTAL;4;1C;0;0;0,0175;0,0215;0,0040;0,0080;0,0000;0,0000
101541;EIAIPC;EVALUACIÓN DE IMPACTO AMBIENTAL: INSTRUMENTOS DE PREVENCIÓN Y CONTROL;4;1C;101551;CNRAP;CONSERVACIÓN DE LA NATURALEZA:RESTAURACIÓN Y REHABILITACIÓN AMBIENTAL. PAISAJISMO;3;2C;0;0;0,0137;0,0174;0,0037;0,0074;0,0000;0,0000
101523;FQ;FUNDAMENTOS DE QUÍMICA;1;1C;101531;ALA;ADMINISTRACIÓN Y LEGISLACIÓN AMBIENTAL;2;1C;0;0;0,0126;0,0160;0,0034;0,0068;0,0000;0,0000
101544;CA;CARTOGRAFÍA APLICADA;1;2C;101550;QAM;QUÍMICA ANALÍTICA MEDIOAMBIENTAL;3;1C;0;0;0,0263;0,0297;0,0034;0,0068;0,0000;0,0000
101537;GMF;GESTIÓN DEL MEDIO FÍSICO;3;1C;101556;BA;BIOTECNOLOGÍA AMBIENTAL;4;2C;0;0;0,0251;0,0284;0,0033;0,0066;0,0000;0,0000
101533;TAR;TRATAMIENTO DE AGUAS RESIDUALES;3;1C;101560;PTU;PLANEAMIENTO TERRITORIAL Y URBANO;4;1C;0;0;0,0029;0,0059;0,0030;0,0060;0,0000;0,0000
101531;ALA;ADMINISTRACIÓN Y LEGISLACIÓN AMBIENTAL;2;1C;101557;GCP;GESTIÓN DE CAZA Y PESCA;4;2C;0;0;0,0244;0,0270;0,0026;0,0052;0,0000;0,0000
101534;CA;CONTAMINACIÓN ATMOSFÉRICA;3;2C;101547;CE;CALIDAD Y EMPRESA;4;1C;0;0;0,0143;0,0164;0,0021;0,0042;0,0000;0,0000
101551;CNRAP;CONSERVACIÓN DE LA NATURALEZA:RESTAURACIÓN Y REHABILITACIÓN AMBIENTAL. PAISAJISMO;3;2C;660059;OGP;ORGANIZACIÓN Y GESTIÓN DE PROYECTOS;4;1C;0;0;0,0064;0,0085;0,0021;0,0042;0,0000;0,0000
101531;ALA;ADMINISTRACIÓN Y LEGISLACIÓN AMBIENTAL;2;1C;101550;QAM;QUÍMICA ANALÍTICA MEDIOAMBIENTAL;3;1C;0;0;0,0062;0,0073;0,0011;0,0022;0,0000;0,0000
101536;OTRN;ORDENACIÓN DEL TERRITORIO Y RIESGOS NATURALES;3;1C;101551;CNRAP;CONSERVACIÓN DE LA NATURALEZA:RESTAURACIÓN Y REHABILITACIÓN AMBIENTAL. PAISAJISMO;3;2C;0;0;0,0315;0,0323;0,0008;0,0016;0,0000;0,0000
101555;EV;ECOFISIOLOGÍA VEGETAL;4;2C;101557;GCP;GESTIÓN DE CAZA Y PESCA;4;2C;0;0;0,0118;0,0125;0,0007;0,0014;0,0000;0,0000
101532;BIA;BASES DE INGENIERIA AMBIENTAL;2;2C;101559;CPMP;CONTAMINACIÓN POR METALES PESADOS;4;2C;0;0;0,0113;0,0119;0,0006;0,0012;0,0000;0,0000
101552;ADA;ANÁLISIS DE DATOS AMBIENTALES;4;1C;101559;CPMP;CONTAMINACIÓN POR METALES PESADOS;4;2C;0;0;0,0000;0,0000;0,0000;0,0000;0,0000;0,0000
101524;QA;QUÍMICA AMBIENTAL;2;1C;101557;GCP;GESTIÓN DE CAZA Y PESCA;4;2C;0;0;0,0287;0,0286;-0,0001;0,0000;0,0000;0,0000
101545;EST;ESTADÍSTICA;1;2C;101559;CPMP;CONTAMINACIÓN POR METALES PESADOS;4;2C;0;0;0,0001;0,0000;-0,0001;0,0000;0,0000;0,0000
101534;CA;CONTAMINACIÓN ATMOSFÉRICA;3;2C;101556;BA;BIOTECNOLOGÍA AMBIENTAL;4;2C;0;0;0,0479;0,0476;-0,0003;0,0000;0,0000;0,0000
101559;CPMP;CONTAMINACIÓN POR METALES PESADOS;4;2C;660059;OGP;ORGANIZACIÓN Y GESTIÓN DE PROYECTOS;4;1C;0;0;0,0004;0,0000;-0,0004;0,0000;0,0000;0,0000
101532;BIA;BASES DE INGENIERIA AMBIENTAL;2;2C;101544;CA;CARTOGRAFÍA APLICADA;1;2C;0;0;0,0117;0,0111;-0,0006;0,0000;0,0000;0,0000
101526;FF;FUNDAMENTOS DE FÍSICA;1;1C;101557;GCP;GESTIÓN DE CAZA Y PESCA;4;2C;0;0;0,0008;0,0000;-0,0008;0,0000;0,0000;0,0000
101545;EST;ESTADÍSTICA;1;2C;101565;TPEU;TECNICAS PARA LA EVALUACIÓN URBANA;4;2C;0;0;0,0008;0,0000;-0,0008;0,0000;0,0000;0,0000
101560;PTU;PLANEAMIENTO TERRITORIAL Y URBANO;4;1C;660006;GEO;GEOLOGÍA;1;1C;0;0;0,0088;0,0080;-0,0008;0,0000;0,0000;0,0000
101555;EV;ECOFISIOLOGÍA VEGETAL;4;2C;101565;TPEU;TECNICAS PARA LA EVALUACIÓN URBANA;4;2C;0;0;0,0119;0,0110;-0,0009;0,0000;0,0000;0,0000
101520;FB;FUNDAMENTOS DE BIOLOGÍA;1;1C;101546;EA;EDUCACIÓN AMBIENTAL;4;1C;0;0;0,0111;0,0101;-0,0010;0,0000;0,0000;0,0000
101534;CA;CONTAMINACIÓN ATMOSFÉRICA;3;2C;101557;GCP;GESTIÓN DE CAZA Y PESCA;4;2C;0;0;0,0137;0,0126;-0,0011;0,0000;0,0000;0,0000
101526;FF;FUNDAMENTOS DE FÍSICA;1;1C;101544;CA;CARTOGRAFÍA APLICADA;1;2C;0;0;0,0014;0,0000;-0,0014;0,0000;0,0000;0,0000
101526;FF;FUNDAMENTOS DE FÍSICA;1;1C;101559;CPMP;CONTAMINACIÓN POR METALES PESADOS;4;2C;0;0;0,0015;0,0000;-0,0015;0,0000;0,0000;0,0000
101536;OTRN;ORDENACIÓN DEL TERRITORIO Y RIESGOS NATURALES;3;1C;101559;CPMP;CONTAMINACIÓN POR METALES PESADOS;4;2C;0;0;0,0020;0,0000;-0,0020;0,0000;0,0000;0,0000
101523;FQ;FUNDAMENTOS DE QUÍMICA;1;1C;101536;OTRN;ORDENACIÓN DEL TERRITORIO Y RIESGOS NATURALES;3;1C;0;0;0,0021;0,0000;-0,0021;0,0000;0,0000;0,0000
101523;FQ;FUNDAMENTOS DE QUÍMICA;1;1C;101559;CPMP;CONTAMINACIÓN POR METALES PESADOS;4;2C;0;0;0,0505;0,0484;-0,0021;0,0000;0,0000;0,0000
101552;ADA;ANÁLISIS DE DATOS AMBIENTALES;4;1C;101565;TPEU;TECNICAS PARA LA EVALUACIÓN URBANA;4;2C;0;0;0,0022;0,0000;-0,0022;0,0000;0,0000;0,0000
101557;GCP;GESTIÓN DE CAZA Y PESCA;4;2C;660007;EDAF;EDAFOLOGÍA;2;2C;0;0;0,0023;0,0000;-0,0023;0,0000;0,0000;0,0000
101546;EA;EDUCACIÓN AMBIENTAL;4;1C;660007;EDAF;EDAFOLOGÍA;2;2C;0;0;0,0028;0,0000;-0,0028;0,0000;0,0000;0,0000
101543;SIG;SISTEMAS DE INFORMACIÓN GEOGRÁFICA;2;1C;101559;CPMP;CONTAMINACIÓN POR METALES PESADOS;4;2C;0;0;0,0029;0,0000;-0,0029;0,0000;0,0000;0,0000
101544;CA;CARTOGRAFÍA APLICADA;1;2C;101554;TTPSS;TEORÍAS Y TÉCNICAS PARA LA SOSTENIBILIDAD SOCIOAMBIENTAL;4;2C;0;0;0,0093;0,0064;-0,0029;0,0000;0,0000;0,0000
101540;GEE;GESTIÓN ENERGÉTICA Y ECOEFICIENCIA;3;2C;101559;CPMP;CONTAMINACIÓN POR METALES PESADOS;4;2C;0;0;0,0034;0,0000;-0,0034;0,0000;0,0000;0,0000
101533;TAR;TRATAMIENTO DE AGUAS RESIDUALES;3;1C;101546;EA;EDUCACIÓN AMBIENTAL;4;1C;0;0;0,0038;0,0000;-0,0038;0,0000;0,0000;0,0000
101544;CA;CARTOGRAFÍA APLICADA;1;2C;101553;IGA;INTERACCIÓN DE GENES Y AMBIENTE;4;1C;0;0;0,0038;0,0000;-0,0038;0,0000;0,0000;0,0000
101546;EA;EDUCACIÓN AMBIENTAL;4;1C;101555;EV;ECOFISIOLOGÍA VEGETAL;4;2C;0;0;0,0038;0,0000;-0,0038;0,0000;0,0000;0,0000
101533;TAR;TRATAMIENTO DE AGUAS RESIDUALES;3;1C;101565;TPEU;TECNICAS PARA LA EVALUACIÓN URBANA;4;2C;0;0;0,0039;0,0000;-0,0039;0,0000;0,0000;0,0000
101526;FF;FUNDAMENTOS DE FÍSICA;1;1C;101556;BA;BIOTECNOLOGÍA AMBIENTAL;4;2C;0;0;0,0066;0,0026;-0,0040;0,0000;0,0000;0,0000
101537;GMF;GESTIÓN DEL MEDIO FÍSICO;3;1C;101544;CA;CARTOGRAFÍA APLICADA;1;2C;0;0;0,0042;0,0000;-0,0042;0,0000;0,0000;0,0000
101527;MC;METEOROLOGÍA Y CLIMATOLOGÍA;2;1C;101559;CPMP;CONTAMINACIÓN POR METALES PESADOS;4;2C;0;0;0,0045;0,0000;-0,0045;0,0000;0,0000;0,0000
101542;SGAA;SISTEMAS DE GESTIÓN Y AUDITORÍAS AMBIENTALES;3;2C;101559;CPMP;CONTAMINACIÓN POR METALES PESADOS;4;2C;0;0;0,0045;0,0000;-0,0045;0,0000;0,0000;0,0000
101546;EA;EDUCACIÓN AMBIENTAL;4;1C;101559;CPMP;CONTAMINACIÓN POR METALES PESADOS;4;2C;0;0;0,0045;0,0000;-0,0045;0,0000;0,0000;0,0000
101524;QA;QUÍMICA AMBIENTAL;2;1C;101546;EA;EDUCACIÓN AMBIENTAL;4;1C;0;0;0,0046;0,0000;-0,0046;0,0000;0,0000;0,0000
101545;EST;ESTADÍSTICA;1;2C;101556;BA;BIOTECNOLOGÍA AMBIENTAL;4;2C;0;0;0,0047;0,0000;-0,0047;0,0000;0,0000;0,0000
101565;TPEU;TECNICAS PARA LA EVALUACIÓN URBANA;4;2C;660006;GEO;GEOLOGÍA;1;1C;0;0;0,0047;0,0000;-0,0047;0,0000;0,0000;0,0000
101534;CA;CONTAMINACIÓN ATMOSFÉRICA;3;2C;101546;EA;EDUCACIÓN AMBIENTAL;4;1C;0;0;0,0048;0,0000;-0,0048;0,0000;0,0000;0,0000
101538;FZPEMA;FUNDAMENTOS ZOOLÓGICOS PARA EL ESTUDIO DEL MEDIO AMBIENTE;1;2C;101559;CPMP;CONTAMINACIÓN POR METALES PESADOS;4;2C;0;0;0,0125;0,0076;-0,0049;0,0000;0,0000;0,0000
101523;FQ;FUNDAMENTOS DE QUÍMICA;1;1C;101546;EA;EDUCACIÓN AMBIENTAL;4;1C;0;0;0,0051;0,0000;-0,0051;0,0000;0,0000;0,0000
101554;TTPSS;TEORÍAS Y TÉCNICAS PARA LA SOSTENIBILIDAD SOCIOAMBIENTAL;4;2C;101559;CPMP;CONTAMINACIÓN POR METALES PESADOS;4;2C;0;0;0,0057;0,0006;-0,0051;0,0000;0,0000;0,0000
101524;QA;QUÍMICA AMBIENTAL;2;1C;101560;PTU;PLANEAMIENTO TERRITORIAL Y URBANO;4;1C;0;0;0,0052;0,0000;-0,0052;0,0000;0,0000;0,0000
101523;FQ;FUNDAMENTOS DE QUÍMICA;1;1C;101557;GCP;GESTIÓN DE CAZA Y PESCA;4;2C;0;0;0,0054;0,0000;-0,0054;0,0000;0,0000;0,0000
101529;EA;ECONOMÍA AMBIENTAL;2;2C;101559;CPMP;CONTAMINACIÓN POR METALES PESADOS;4;2C;0;0;0,0055;0,0000;-0,0055;0,0000;0,0000;0,0000
101539;BBPGM;BASES BOTÁNICAS PARA LA GESTIÓN DEL MEDIOAMBIENTE;1;2C;101546;EA;EDUCACIÓN AMBIENTAL;4;1C;0;0;0,0055;0,0000;-0,0055;0,0000;0,0000;0,0000
101547;CE;CALIDAD Y EMPRESA;4;1C;101559;CPMP;CONTAMINACIÓN POR METALES PESADOS;4;2C;0;0;0,0056;0,0000;-0,0056;0,0000;0,0000;0,0000
101559;CPMP;CONTAMINACIÓN POR METALES PESADOS;4;2C;101565;TPEU;TECNICAS PARA LA EVALUACIÓN URBANA;4;2C;0;0;0,0057;0,0000;-0,0057;0,0000;0,0000;0,0000
101553;IGA;INTERACCIÓN DE GENES Y AMBIENTE;4;1C;101559;CPMP;CONTAMINACIÓN POR METALES PESADOS;4;2C;0;0;0,0058;0,0000;-0,0058;0,0000;0,0000;0,0000
101522;MICRO;MICROBIOLOGÍA;2;2C;101542;SGAA;SISTEMAS DE GESTIÓN Y AUDITORÍAS AMBIENTALES;3;2C;0;0;0,0131;0,0071;-0,0060;0,0000;0,0000;0,0000
101523;FQ;FUNDAMENTOS DE QUÍMICA;1;1C;101565;TPEU;TECNICAS PARA LA EVALUACIÓN URBANA;4;2C;0;0;0,0063;0,0000;-0,0063;0,0000;0,0000;0,0000
101533;TAR;TRATAMIENTO DE AGUAS RESIDUALES;3;1C;101544;CA;CARTOGRAFÍA APLICADA;1;2C;0;0;0,0063;0,0000;-0,0063;0,0000;0,0000;0,0000
101546;EA;EDUCACIÓN AMBIENTAL;4;1C;101563;FA;FISICOQUÍMICA DE AGUAS;4;2C;0;0;0,0063;0,0000;-0,0063;0,0000;0,0000;0,0000
101546;EA;EDUCACIÓN AMBIENTAL;4;1C;660006;GEO;GEOLOGÍA;1;1C;0;0;0,0063;0,0000;-0,0063;0,0000;0,0000;0,0000
101534;CA;CONTAMINACIÓN ATMOSFÉRICA;3;2C;101565;TPEU;TECNICAS PARA LA EVALUACIÓN URBANA;4;2C;0;0;0,0064;0,0000;-0,0064;0,0000;0,0000;0,0000
101563;FA;FISICOQUÍMICA DE AGUAS;4;2C;101565;TPEU;TECNICAS PARA LA EVALUACIÓN URBANA;4;2C;0;0;0,0064;0,0000;-0,0064;0,0000;0,0000;0,0000
101534;CA;CONTAMINACIÓN ATMOSFÉRICA;3;2C;101560;PTU;PLANEAMIENTO TERRITORIAL Y URBANO;4;1C;0;0;0,0065;0,0000;-0,0065;0,0000;0,0000;0,0000
101541;EIAIPC;EVALUACIÓN DE IMPACTO AMBIENTAL: INSTRUMENTOS DE PREVENCIÓN Y CONTROL;4;1C;101544;CA;CARTOGRAFÍA APLICADA;1;2C;0;0;0,0065;0,0000;-0,0065;0,0000;0,0000;0,0000
101543;SIG;SISTEMAS DE INFORMACIÓN GEOGRÁFICA;2;1C;101557;GCP;GESTIÓN DE CAZA Y PESCA;4;2C;0;0;0,0066;0,0000;-0,0066;0,0000;0,0000;0,0000
101539;BBPGM;BASES BOTÁNICAS PARA LA GESTIÓN DEL MEDIOAMBIENTE;1;2C;101559;CPMP;CONTAMINACIÓN POR METALES PESADOS;4;2C;0;0;0,0068;0,0000;-0,0068;0,0000;0,0000;0,0000
101543;SIG;SISTEMAS DE INFORMACIÓN GEOGRÁFICA;2;1C;101565;TPEU;TECNICAS PARA LA EVALUACIÓN URBANA;4;2C;0;0;0,0069;0,0000;-0,0069;0,0000;0,0000;0,0000
101524;QA;QUÍMICA AMBIENTAL;2;1C;101565;TPEU;TECNICAS PARA LA EVALUACIÓN URBANA;4;2C;0;0;0,0071;0,0000;-0,0071;0,0000;0,0000;0,0000
101550;QAM;QUÍMICA ANALÍTICA MEDIOAMBIENTAL;3;1C;101560;PTU;PLANEAMIENTO TERRITORIAL Y URBANO;4;1C;0;0;0,0073;0,0000;-0,0073;0,0000;0,0000;0,0000
101533;TAR;TRATAMIENTO DE AGUAS RESIDUALES;3;1C;101551;CNRAP;CONSERVACIÓN DE LA NATURALEZA:RESTAURACIÓN Y REHABILITACIÓN AMBIENTAL. PAISAJISMO;3;2C;0;0;0,0074;0,0000;-0,0074;0,0000;0,0000;0,0000
101522;MICRO;MICROBIOLOGÍA;2;2C;101560;PTU;PLANEAMIENTO TERRITORIAL Y URBANO;4;1C;0;0;0,0178;0,0101;-0,0077;0,0000;0,0000;0,0000
101542;SGAA;SISTEMAS DE GESTIÓN Y AUDITORÍAS AMBIENTALES;3;2C;101551;CNRAP;CONSERVACIÓN DE LA NATURALEZA:RESTAURACIÓN Y REHABILITACIÓN AMBIENTAL. PAISAJISMO;3;2C;0;0;0,0077;0,0000;-0,0077;0,0000;0,0000;0,0000
101553;IGA;INTERACCIÓN DE GENES Y AMBIENTE;4;1C;101565;TPEU;TECNICAS PARA LA EVALUACIÓN URBANA;4;2C;0;0;0,0077;0,0000;-0,0077;0,0000;0,0000;0,0000
101540;GEE;GESTIÓN ENERGÉTICA Y ECOEFICIENCIA;3;2C;101544;CA;CARTOGRAFÍA APLICADA;1;2C;0;0;0,0078;0,0000;-0,0078;0,0000;0,0000;0,0000
101540;GEE;GESTIÓN ENERGÉTICA Y ECOEFICIENCIA;3;2C;101557;GCP;GESTIÓN DE CAZA Y PESCA;4;2C;0;0;0,0079;0,0000;-0,0079;0,0000;0,0000;0,0000
101556;BA;BIOTECNOLOGÍA AMBIENTAL;4;2C;101560;PTU;PLANEAMIENTO TERRITORIAL Y URBANO;4;1C;0;0;0,0153;0,0073;-0,0080;0,0000;0,0000;0,0000
101559;CPMP;CONTAMINACIÓN POR METALES PESADOS;4;2C;101560;PTU;PLANEAMIENTO TERRITORIAL Y URBANO;4;1C;0;0;0,0094;0,0013;-0,0081;0,0000;0,0000;0,0000
101546;EA;EDUCACIÓN AMBIENTAL;4;1C;101556;BA;BIOTECNOLOGÍA AMBIENTAL;4;2C;0;0;0,0082;0,0000;-0,0082;0,0000;0,0000;0,0000
101547;CE;CALIDAD Y EMPRESA;4;1C;101551;CNRAP;CONSERVACIÓN DE LA NATURALEZA:RESTAURACIÓN Y REHABILITACIÓN AMBIENTAL. PAISAJISMO;3;2C;0;0;0,0082;0,0000;-0,0082;0,0000;0,0000;0,0000
101534;CA;CONTAMINACIÓN ATMOSFÉRICA;3;2C;101544;CA;CARTOGRAFÍA APLICADA;1;2C;0;0;0,0083;0,0000;-0,0083;0,0000;0,0000;0,0000
101522;MICRO;MICROBIOLOGÍA;2;2C;101531;ALA;ADMINISTRACIÓN Y LEGISLACIÓN AMBIENTAL;2;1C;0;0;0,0084;0,0000;-0,0084;0,0000;0,0000;0,0000
101522;MICRO;MICROBIOLOGÍA;2;2C;101540;GEE;GESTIÓN ENERGÉTICA Y ECOEFICIENCIA;3;2C;0;0;0,0135;0,0049;-0,0086;0,0000;0,0000;0,0000
101536;OTRN;ORDENACIÓN DEL TERRITORIO Y RIESGOS NATURALES;3;1C;660007;EDAF;EDAFOLOGÍA;2;2C;0;0;0,0086;0,0000;-0,0086;0,0000;0,0000;0,0000
101542;SGAA;SISTEMAS DE GESTIÓN Y AUDITORÍAS AMBIENTALES;3;2C;101556;BA;BIOTECNOLOGÍA AMBIENTAL;4;2C;0;0;0,0086;0,0000;-0,0086;0,0000;0,0000;0,0000
101560;PTU;PLANEAMIENTO TERRITORIAL Y URBANO;4;1C;101563;FA;FISICOQUÍMICA DE AGUAS;4;2C;0;0;0,0086;0,0000;-0,0086;0,0000;0,0000;0,0000
101557;GCP;GESTIÓN DE CAZA Y PESCA;4;2C;101559;CPMP;CONTAMINACIÓN POR METALES PESADOS;4;2C;0;0;0,0087;0,0000;-0,0087;0,0000;0,0000;0,0000
101549;GE;GESTIÓN DE ECOSISTEMAS;2;2C;101559;CPMP;CONTAMINACIÓN POR METALES PESADOS;4;2C;0;0;0,0088;0,0000;-0,0088;0,0000;0,0000;0,0000
101522;MICRO;MICROBIOLOGÍA;2;2C;101547;CE;CALIDAD Y EMPRESA;4;1C;0;0;0,0092;0,0000;-0,0092;0,0000;0,0000;0,0000
101546;EA;EDUCACIÓN AMBIENTAL;4;1C;101550;QAM;QUÍMICA ANALÍTICA MEDIOAMBIENTAL;3;1C;0;0;0,0134;0,0039;-0,0095;0,0000;0,0000;0,0000
101531;ALA;ADMINISTRACIÓN Y LEGISLACIÓN AMBIENTAL;2;1C;101556;BA;BIOTECNOLOGÍA AMBIENTAL;4;2C;0;0;0,0185;0,0086;-0,0099;0,0000;0,0000;0,0000
101544;CA;CARTOGRAFÍA APLICADA;1;2C;101556;BA;BIOTECNOLOGÍA AMBIENTAL;4;2C;0;0;0,0109;0,0006;-0,0103;0,0000;0,0000;0,0000
101547;CE;CALIDAD Y EMPRESA;4;1C;101556;BA;BIOTECNOLOGÍA AMBIENTAL;4;2C;0;0;0,0105;0,0000;-0,0105;0,0000;0,0000;0,0000
101543;SIG;SISTEMAS DE INFORMACIÓN GEOGRÁFICA;2;1C;101556;BA;BIOTECNOLOGÍA AMBIENTAL;4;2C;0;0;0,0108;0,0000;-0,0108;0,0000;0,0000;0,0000
101523;FQ;FUNDAMENTOS DE QUÍMICA;1;1C;101560;PTU;PLANEAMIENTO TERRITORIAL Y URBANO;4;1C;0;0;0,0109;0,0000;-0,0109;0,0000;0,0000;0,0000
101536;OTRN;ORDENACIÓN DEL TERRITORIO Y RIESGOS NATURALES;3;1C;101546;EA;EDUCACIÓN AMBIENTAL;4;1C;0;0;0,0111;0,0000;-0,0111;0,0000;0,0000;0,0000
101522;MICRO;MICROBIOLOGÍA;2;2C;101565;TPEU;TECNICAS PARA LA EVALUACIÓN URBANA;4;2C;0;0;0,0112;0,0000;-0,0112;0,0000;0,0000;0,0000
101522;MICRO;MICROBIOLOGÍA;2;2C;101536;OTRN;ORDENACIÓN DEL TERRITORIO Y RIESGOS NATURALES;3;1C;0;0;0,0113;0,0000;-0,0113;0,0000;0,0000;0,0000
101544;CA;CARTOGRAFÍA APLICADA;1;2C;101557;GCP;GESTIÓN DE CAZA Y PESCA;4;2C;0;0;0,0114;0,0000;-0,0114;0,0000;0,0000;0,0000
101544;CA;CARTOGRAFÍA APLICADA;1;2C;101548;TASP;TOXICOLOGÍA AMBIENTAL Y SALUD PÚBLICA;3;1C;0;0;0,0115;0,0000;-0,0115;0,0000;0,0000;0,0000
101559;CPMP;CONTAMINACIÓN POR METALES PESADOS;4;2C;101563;FA;FISICOQUÍMICA DE AGUAS;4;2C;0;0;0,0603;0,0487;-0,0116;0,0000;0,0000;0,0000
101521;E;ECOLOGÍA;2;1C;101535;CSPROAI;CONTAMINACIÓN DE LOS SUELOS POR RESIDUOS ORGÁNICOS, AGRÍCOLAS E INDUSTRIALES;3;2C;0;0;0,0119;0,0000;-0,0119;0,0000;0,0000;0,0000
101527;MC;METEOROLOGÍA Y CLIMATOLOGÍA;2;1C;101556;BA;BIOTECNOLOGÍA AMBIENTAL;4;2C;0;0;0,0127;0,0000;-0,0127;0,0000;0,0000;0,0000
101544;CA;CARTOGRAFÍA APLICADA;1;2C;101555;EV;ECOFISIOLOGÍA VEGETAL;4;2C;0;0;0,0127;0,0000;-0,0127;0,0000;0,0000;0,0000
101520;FB;FUNDAMENTOS DE BIOLOGÍA;1;1C;101559;CPMP;CONTAMINACIÓN POR METALES PESADOS;4;2C;0;0;0,0128;0,0000;-0,0128;0,0000;0,0000;0,0000
101544;CA;CARTOGRAFÍA APLICADA;1;2C;660007;EDAF;EDAFOLOGÍA;2;2C;0;0;0,0128;0,0000;-0,0128;0,0000;0,0000;0,0000
101522;MICRO;MICROBIOLOGÍA;2;2C;101543;SIG;SISTEMAS DE INFORMACIÓN GEOGRÁFICA;2;1C;0;0;0,0129;0,0000;-0,0129;0,0000;0,0000;0,0000
101522;MICRO;MICROBIOLOGÍA;2;2C;101546;EA;EDUCACIÓN AMBIENTAL;4;1C;0;0;0,0129;0,0000;-0,0129;0,0000;0,0000;0,0000
101524;QA;QUÍMICA AMBIENTAL;2;1C;101544;CA;CARTOGRAFÍA APLICADA;1;2C;0;0;0,0130;0,0000;-0,0130;0,0000;0,0000;0,0000
101550;QAM;QUÍMICA ANALÍTICA MEDIOAMBIENTAL;3;1C;101559;CPMP;CONTAMINACIÓN POR METALES PESADOS;4;2C;0;0;0,0130;0,0000;-0,0130;0,0000;0,0000;0,0000
101544;CA;CARTOGRAFÍA APLICADA;1;2C;101565;TPEU;TECNICAS PARA LA EVALUACIÓN URBANA;4;2C;0;0;0,0131;0,0000;-0,0131;0,0000;0,0000;0,0000
101522;MICRO;MICROBIOLOGÍA;2;2C;101544;CA;CARTOGRAFÍA APLICADA;1;2C;0;0;0,0132;0,0000;-0,0132;0,0000;0,0000;0,0000
101540;GEE;GESTIÓN ENERGÉTICA Y ECOEFICIENCIA;3;2C;101556;BA;BIOTECNOLOGÍA AMBIENTAL;4;2C;0;0;0,0135;0,0000;-0,0135;0,0000;0,0000;0,0000
101546;EA;EDUCACIÓN AMBIENTAL;4;1C;101551;CNRAP;CONSERVACIÓN DE LA NATURALEZA:RESTAURACIÓN Y REHABILITACIÓN AMBIENTAL. PAISAJISMO;3;2C;0;0;0,0137;0,0000;-0,0137;0,0000;0,0000;0,0000
101551;CNRAP;CONSERVACIÓN DE LA NATURALEZA:RESTAURACIÓN Y REHABILITACIÓN AMBIENTAL. PAISAJISMO;3;2C;101555;EV;ECOFISIOLOGÍA VEGETAL;4;2C;0;0;0,0137;0,0000;-0,0137;0,0000;0,0000;0,0000
101550;QAM;QUÍMICA ANALÍTICA MEDIOAMBIENTAL;3;1C;101551;CNRAP;CONSERVACIÓN DE LA NATURALEZA:RESTAURACIÓN Y REHABILITACIÓN AMBIENTAL. PAISAJISMO;3;2C;0;0;0,0141;0,0000;-0,0141;0,0000;0,0000;0,0000
101522;MICRO;MICROBIOLOGÍA;2;2C;101534;CA;CONTAMINACIÓN ATMOSFÉRICA;3;2C;0;0;0,0143;0,0000;-0,0143;0,0000;0,0000;0,0000
101556;BA;BIOTECNOLOGÍA AMBIENTAL;4;2C;101565;TPEU;TECNICAS PARA LA EVALUACIÓN URBANA;4;2C;0;0;0,0145;0,0000;-0,0145;0,0000;0,0000;0,0000
101557;GCP;GESTIÓN DE CAZA Y PESCA;4;2C;101563;FA;FISICOQUÍMICA DE AGUAS;4;2C;0;0;0,0324;0,0179;-0,0145;0,0000;0,0000;0,0000
101533;TAR;TRATAMIENTO DE AGUAS RESIDUALES;3;1C;101559;CPMP;CONTAMINACIÓN POR METALES PESADOS;4;2C;0;0;0,0147;0,0000;-0,0147;0,0000;0,0000;0,0000
101551;CNRAP;CONSERVACIÓN DE LA NATURALEZA:RESTAURACIÓN Y REHABILITACIÓN AMBIENTAL. PAISAJISMO;3;2C;101559;CPMP;CONTAMINACIÓN POR METALES PESADOS;4;2C;0;0;0,0148;0,0000;-0,0148;0,0000;0,0000;0,0000
101556;BA;BIOTECNOLOGÍA AMBIENTAL;4;2C;660006;GEO;GEOLOGÍA;1;1C;0;0;0,0224;0,0076;-0,0148;0,0000;0,0000;0,0000
101536;OTRN;ORDENACIÓN DEL TERRITORIO Y RIESGOS NATURALES;3;1C;101556;BA;BIOTECNOLOGÍA AMBIENTAL;4;2C;0;0;0,0166;0,0015;-0,0151;0,0000;0,0000;0,0000
101523;FQ;FUNDAMENTOS DE QUÍMICA;1;1C;101544;CA;CARTOGRAFÍA APLICADA;1;2C;0;0;0,0156;0,0000;-0,0156;0,0000;0,0000;0,0000
101544;CA;CARTOGRAFÍA APLICADA;1;2C;101563;FA;FISICOQUÍMICA DE AGUAS;4;2C;0;0;0,0158;0,0000;-0,0158;0,0000;0,0000;0,0000
101546;EA;EDUCACIÓN AMBIENTAL;4;1C;101557;GCP;GESTIÓN DE CAZA Y PESCA;4;2C;0;0;0,0158;0,0000;-0,0158;0,0000;0,0000;0,0000
101538;FZPEMA;FUNDAMENTOS ZOOLÓGICOS PARA EL ESTUDIO DEL MEDIO AMBIENTE;1;2C;101556;BA;BIOTECNOLOGÍA AMBIENTAL;4;2C;0;0;0,0159;0,0000;-0,0159;0,0000;0,0000;0,0000
101546;EA;EDUCACIÓN AMBIENTAL;4;1C;101560;PTU;PLANEAMIENTO TERRITORIAL Y URBANO;4;1C;0;0;0,0161;0,0000;-0,0161;0,0000;0,0000;0,0000
101523;FQ;FUNDAMENTOS DE QUÍMICA;1;1C;101551;CNRAP;CONSERVACIÓN DE LA NATURALEZA:RESTAURACIÓN Y REHABILITACIÓN AMBIENTAL. PAISAJISMO;3;2C;0;0;0,0162;0,0000;-0,0162;0,0000;0,0000;0,0000
101549;GE;GESTIÓN DE ECOSISTEMAS;2;2C;101556;BA;BIOTECNOLOGÍA AMBIENTAL;4;2C;0;0;0,0166;0,0000;-0,0166;0,0000;0,0000;0,0000
101522;MICRO;MICROBIOLOGÍA;2;2C;101524;QA;QUÍMICA AMBIENTAL;2;1C;0;0;0,0626;0,0456;-0,0170;0,0000;0,0000;0,0000
101549;GE;GESTIÓN DE ECOSISTEMAS;2;2C;101565;TPEU;TECNICAS PARA LA EVALUACIÓN URBANA;4;2C;0;0;0,0252;0,0079;-0,0173;0,0000;0,0000;0,0000
101544;CA;CARTOGRAFÍA APLICADA;1;2C;101559;CPMP;CONTAMINACIÓN POR METALES PESADOS;4;2C;0;0;0,0224;0,0050;-0,0174;0,0000;0,0000;0,0000
101550;QAM;QUÍMICA ANALÍTICA MEDIOAMBIENTAL;3;1C;101565;TPEU;TECNICAS PARA LA EVALUACIÓN URBANA;4;2C;0;0;0,0180;0,0006;-0,0174;0,0000;0,0000;0,0000
101522;MICRO;MICROBIOLOGÍA;2;2C;101559;CPMP;CONTAMINACIÓN POR METALES PESADOS;4;2C;0;0;0,0175;0,0000;-0,0175;0,0000;0,0000;0,0000
101521;E;ECOLOGÍA;2;1C;101550;QAM;QUÍMICA ANALÍTICA MEDIOAMBIENTAL;3;1C;0;0;0,0176;0,0000;-0,0176;0,0000;0,0000;0,0000
101550;QAM;QUÍMICA ANALÍTICA MEDIOAMBIENTAL;3;1C;101557;GCP;GESTIÓN DE CAZA Y PESCA;4;2C;0;0;0,0178;0,0000;-0,0178;0,0000;0,0000;0,0000
101521;E;ECOLOGÍA;2;1C;101524;QA;QUÍMICA AMBIENTAL;2;1C;0;0;0,0188;0,0000;-0,0188;0,0000;0,0000;0,0000
101551;CNRAP;CONSERVACIÓN DE LA NATURALEZA:RESTAURACIÓN Y REHABILITACIÓN AMBIENTAL. PAISAJISMO;3;2C;101557;GCP;GESTIÓN DE CAZA Y PESCA;4;2C;0;0;0,0188;0,0000;-0,0188;0,0000;0,0000;0,0000
101521;E;ECOLOGÍA;2;1C;101523;FQ;FUNDAMENTOS DE QUÍMICA;1;1C;0;0;0,0198;0,0000;-0,0198;0,0000;0,0000;0,0000
101548;TASP;TOXICOLOGÍA AMBIENTAL Y SALUD PÚBLICA;3;1C;101556;BA;BIOTECNOLOGÍA AMBIENTAL;4;2C;0;0;0,0202;0,0000;-0,0202;0,0000;0,0000;0,0000
101522;MICRO;MICROBIOLOGÍA;2;2C;101523;FQ;FUNDAMENTOS DE QUÍMICA;1;1C;0;0;0,0219;0,0000;-0,0219;0,0000;0,0000;0,0000
101531;ALA;ADMINISTRACIÓN Y LEGISLACIÓN AMBIENTAL;2;1C;101544;CA;CARTOGRAFÍA APLICADA;1;2C;0;0;0,0220;0,0000;-0,0220;0,0000;0,0000;0,0000
101549;GE;GESTIÓN DE ECOSISTEMAS;2;2C;101551;CNRAP;CONSERVACIÓN DE LA NATURALEZA:RESTAURACIÓN Y REHABILITACIÓN AMBIENTAL. PAISAJISMO;3;2C;0;0;0,0267;0,0046;-0,0221;0,0000;0,0000;0,0000
101533;TAR;TRATAMIENTO DE AGUAS RESIDUALES;3;1C;101556;BA;BIOTECNOLOGÍA AMBIENTAL;4;2C;0;0;0,0285;0,0060;-0,0225;0,0000;0,0000;0,0000
101544;CA;CARTOGRAFÍA APLICADA;1;2C;101549;GE;GESTIÓN DE ECOSISTEMAS;2;2C;0;0;0,0231;0,0006;-0,0225;0,0000;0,0000;0,0000
101522;MICRO;MICROBIOLOGÍA;2;2C;101551;CNRAP;CONSERVACIÓN DE LA NATURALEZA:RESTAURACIÓN Y REHABILITACIÓN AMBIENTAL. PAISAJISMO;3;2C;0;0;0,0236;0,0000;-0,0236;0,0000;0,0000;0,0000
101521;E;ECOLOGÍA;2;1C;101534;CA;CONTAMINACIÓN ATMOSFÉRICA;3;2C;0;0;0,0241;0,0000;-0,0241;0,0000;0,0000;0,0000
101556;BA;BIOTECNOLOGÍA AMBIENTAL;4;2C;101557;GCP;GESTIÓN DE CAZA Y PESCA;4;2C;0;0;0,0246;0,0000;-0,0246;0,0000;0,0000;0,0000
101546;EA;EDUCACIÓN AMBIENTAL;4;1C;101565;TPEU;TECNICAS PARA LA EVALUACIÓN URBANA;4;2C;0;0;0,0248;0,0000;-0,0248;0,0000;0,0000;0,0000
101522;MICRO;MICROBIOLOGÍA;2;2C;101550;QAM;QUÍMICA ANALÍTICA MEDIOAMBIENTAL;3;1C;0;0;0,0249;0,0000;-0,0249;0,0000;0,0000;0,0000
101551;CNRAP;CONSERVACIÓN DE LA NATURALEZA:RESTAURACIÓN Y REHABILITACIÓN AMBIENTAL. PAISAJISMO;3;2C;101560;PTU;PLANEAMIENTO TERRITORIAL Y URBANO;4;1C;0;0;0,0256;0,0000;-0,0256;0,0000;0,0000;0,0000
101521;E;ECOLOGÍA;2;1C;101559;CPMP;CONTAMINACIÓN POR METALES PESADOS;4;2C;0;0;0,0265;0,0000;-0,0265;0,0000;0,0000;0,0000
101524;QA;QUÍMICA AMBIENTAL;2;1C;101556;BA;BIOTECNOLOGÍA AMBIENTAL;4;2C;0;0;0,0923;0,0652;-0,0271;0,0000;0,0000;0,0760
101557;GCP;GESTIÓN DE CAZA Y PESCA;4;2C;101565;TPEU;TECNICAS PARA LA EVALUACIÓN URBANA;4;2C;0;0;0,0273;0,0000;-0,0273;0,0000;0,0000;0,0000
101522;MICRO;MICROBIOLOGÍA;2;2C;101549;GE;GESTIÓN DE ECOSISTEMAS;2;2C;0;0;0,0283;0,0000;-0,0283;0,0000;0,0000;0,0000
101551;CNRAP;CONSERVACIÓN DE LA NATURALEZA:RESTAURACIÓN Y REHABILITACIÓN AMBIENTAL. PAISAJISMO;3;2C;101563;FA;FISICOQUÍMICA DE AGUAS;4;2C;0;0;0,0287;0,0000;-0,0287;0,0000;0,0000;0,0000
101521;E;ECOLOGÍA;2;1C;101563;FA;FISICOQUÍMICA DE AGUAS;4;2C;0;0;0,0401;0,0113;-0,0288;0,0000;0,0000;0,0000
101521;E;ECOLOGÍA;2;1C;101531;ALA;ADMINISTRACIÓN Y LEGISLACIÓN AMBIENTAL;2;1C;0;0;0,0321;0,0022;-0,0299;0,0000;0,0000;0,0000
101551;CNRAP;CONSERVACIÓN DE LA NATURALEZA:RESTAURACIÓN Y REHABILITACIÓN AMBIENTAL. PAISAJISMO;3;2C;101556;BA;BIOTECNOLOGÍA AMBIENTAL;4;2C;0;0;0,0301;0,0000;-0,0301;0,0000;0,0000;0,0000
101551;CNRAP;CONSERVACIÓN DE LA NATURALEZA:RESTAURACIÓN Y REHABILITACIÓN AMBIENTAL. PAISAJISMO;3;2C;101565;TPEU;TECNICAS PARA LA EVALUACIÓN URBANA;4;2C;0;0;0,0301;0,0000;-0,0301;0,0000;0,0000;0,0000
101544;CA;CARTOGRAFÍA APLICADA;1;2C;101546;EA;EDUCACIÓN AMBIENTAL;4;1C;0;0;0,0304;0,0000;-0,0304;0,0000;0,0000;0,0000
101521;E;ECOLOGÍA;2;1C;101538;FZPEMA;FUNDAMENTOS ZOOLÓGICOS PARA EL ESTUDIO DEL MEDIO AMBIENTE;1;2C;0;0;0,0438;0,0125;-0,0313;0,0000;0,0000;0,0000
101556;BA;BIOTECNOLOGÍA AMBIENTAL;4;2C;660007;EDAF;EDAFOLOGÍA;2;2C;0;0;0,0326;0,0000;-0,0326;0,0000;0,0000;0,0000
101521;E;ECOLOGÍA;2;1C;101536;OTRN;ORDENACIÓN DEL TERRITORIO Y RIESGOS NATURALES;3;1C;0;0;0,0330;0,0000;-0,0330;0,0000;0,0000;0,0000
101522;MICRO;MICROBIOLOGÍA;2;2C;101557;GCP;GESTIÓN DE CAZA Y PESCA;4;2C;0;0;0,0345;0,0000;-0,0345;0,0000;0,0000;0,0000
101550;QAM;QUÍMICA ANALÍTICA MEDIOAMBIENTAL;3;1C;101556;BA;BIOTECNOLOGÍA AMBIENTAL;4;2C;0;0;0,0353;0,0000;-0,0353;0,0000;0,0000;0,0000
101521;E;ECOLOGÍA;2;1C;101546;EA;EDUCACIÓN AMBIENTAL;4;1C;0;0;0,0360;0,0000;-0,0360;0,0000;0,0000;0,0000
101521;E;ECOLOGÍA;2;1C;101565;TPEU;TECNICAS PARA LA EVALUACIÓN URBANA;4;2C;0;0;0,0377;0,0000;-0,0377;0,0000;0,0000;0,0000
101522;MICRO;MICROBIOLOGÍA;2;2C;101563;FA;FISICOQUÍMICA DE AGUAS;4;2C;0;0;0,0536;0,0158;-0,0378;0,0000;0,0000;0,0000
101523;FQ;FUNDAMENTOS DE QUÍMICA;1;1C;101556;BA;BIOTECNOLOGÍA AMBIENTAL;4;2C;0;0;0,0753;0,0336;-0,0417;0,0000;0,0000;0,0000
101521;E;ECOLOGÍA;2;1C;101556;BA;BIOTECNOLOGÍA AMBIENTAL;4;2C;0;0;0,0468;0,0000;-0,0468;0,0000;0,0000;0,0000
101544;CA;CARTOGRAFÍA APLICADA;1;2C;101551;CNRAP;CONSERVACIÓN DE LA NATURALEZA:RESTAURACIÓN Y REHABILITACIÓN AMBIENTAL. PAISAJISMO;3;2C;0;0;0,0548;0,0064;-0,0484;0,0000;0,0000;0,0000
101556;BA;BIOTECNOLOGÍA AMBIENTAL;4;2C;101563;FA;FISICOQUÍMICA DE AGUAS;4;2C;0;0;0,0509;0,0000;-0,0509;0,0000;0,0000;0,0000
101556;BA;BIOTECNOLOGÍA AMBIENTAL;4;2C;101559;CPMP;CONTAMINACIÓN POR METALES PESADOS;4;2C;0;0;0,0558;0,0000;-0,0558;0,0000;0,0000;0,0000
101521;E;ECOLOGÍA;2;1C;101544;CA;CARTOGRAFÍA APLICADA;1;2C;1;1;0,0570;0,0000;-0,0570;0,0000;0,0000;0,0000
101521;E;ECOLOGÍA;2;1C;101551;CNRAP;CONSERVACIÓN DE LA NATURALEZA:RESTAURACIÓN Y REHABILITACIÓN AMBIENTAL. PAISAJISMO;3;2C;0;0;0,0612;0,0000;-0,0612;0,0000;0,0000;0,0000
101521;E;ECOLOGÍA;2;1C;101557;GCP;GESTIÓN DE CAZA Y PESCA;4;2C;0;0;0,0725;0,0000;-0,0725;0,0000;0,0000;0,0000
101521;E;ECOLOGÍA;2;1C;101522;MICRO;MICROBIOLOGÍA;2;2C;0;0;0,0748;0,0000;-0,0748;0,0000;0,0000;0,0000
101522;MICRO;MICROBIOLOGÍA;2;2C;101556;BA;BIOTECNOLOGÍA AMBIENTAL;4;2C;0;0;0,1196;0,0000;-0,1196;0,0000;0,0000;0,0000
