codigo_1;sigla_1;asignatura_1;codigo_2;sigla_2;asignatura_2;coordinacion_explicita;dependencia_normativa;coseno_tfidf;similitud_lsa;delta_semantico
101526;FF;FUNDAMENTOS DE FÍSICA;101540;GEE;GESTIÓN ENERGÉTICA Y ECOEFICIENCIA;0;0;0,0069;0,9940;0,9871
101534;CA;CONTAMINACIÓN ATMOSFÉRICA;660006;GEO;GEOLOGÍA;0;0;0,0074;0,9614;0,9540
101523;FQ;FUNDAMENTOS DE QUÍMICA;101533;TAR;TRATAMIENTO DE AGUAS RESIDUALES;0;0;0,0218;0,9727;0,9509
101526;FF;FUNDAMENTOS DE FÍSICA;101533;TAR;TRATAMIENTO DE AGUAS RESIDUALES;0;0;0,0104;0,9468;0,9364
101533;TAR;TRATAMIENTO DE AGUAS RESIDUALES;101540;GEE;GESTIÓN ENERGÉTICA Y ECOEFICIENCIA;0;0;0,0224;0,9579;0,9355
101526;FF;FUNDAMENTOS DE FÍSICA;660007;EDAF;EDAFOLOGÍA;0;0;0,0111;0,9441;0,9330
101523;FQ;FUNDAMENTOS DE QUÍMICA;101550;QAM;QUÍMICA ANALÍTICA MEDIOAMBIENTAL;0;1;0,0466;0,9785;0,9319
101540;GEE;GESTIÓN ENERGÉTICA Y ECOEFICIENCIA;101563;FA;FISICOQUÍMICA DE AGUAS;0;0;0,0277;0,9588;0,9311
101538;FZPEMA;FUNDAMENTOS ZOOLÓGICOS PARA EL ESTUDIO DEL MEDIO AMBIENTE;101553;IGA;INTERACCIÓN DE GENES Y AMBIENTE;0;0;0,0122;0,9420;0,9298
101554;TTPSS;TEORÍAS Y TÉCNICAS PARA LA SOSTENIBILIDAD SOCIOAMBIENTAL;101561;GRUI;GESTIÓN DE RESIDUOS URBANOS E INDUSTRIALES;0;0;0,0161;0,9447;0,9286
101540;GEE;GESTIÓN ENERGÉTICA Y ECOEFICIENCIA;101550;QAM;QUÍMICA ANALÍTICA MEDIOAMBIENTAL;0;0;0,0207;0,9478;0,9271
101526;FF;FUNDAMENTOS DE FÍSICA;101563;FA;FISICOQUÍMICA DE AGUAS;0;0;0,0283;0,9505;0,9222
101540;GEE;GESTIÓN ENERGÉTICA Y ECOEFICIENCIA;660007;EDAF;EDAFOLOGÍA;0;0;0,0031;0,9209;0,9178
101532;BIA;BASES DE INGENIERIA AMBIENTAL;101563;FA;FISICOQUÍMICA DE AGUAS;0;0;0,0278;0,9385;0,9107
101526;FF;FUNDAMENTOS DE FÍSICA;101550;QAM;QUÍMICA ANALÍTICA MEDIOAMBIENTAL;0;0;0,0184;0,9264;0,9080
101533;TAR;TRATAMIENTO DE AGUAS RESIDUALES;101550;QAM;QUÍMICA ANALÍTICA MEDIOAMBIENTAL;0;0;0,0648;0,9719;0,9071
101523;FQ;FUNDAMENTOS DE QUÍMICA;101526;FF;FUNDAMENTOS DE FÍSICA;0;0;0,0325;0,9389;0,9064
101524;QA;QUÍMICA AMBIENTAL;101555;EV;ECOFISIOLOGÍA VEGETAL;0;0;0,0538;0,9601;0,9063
101530;AHMA;ACTIVIDADES HUMANAS Y MEDIO AMBIENTE;101561;GRUI;GESTIÓN DE RESIDUOS URBANOS E INDUSTRIALES;0;0;0,0310;0,9331;0,9021
101537;GMF;GESTIÓN DEL MEDIO FÍSICO;101561;GRUI;GESTIÓN DE RESIDUOS URBANOS E INDUSTRIALES;0;0;0,0074;0,9092;0,9018
101532;BIA;BASES DE INGENIERIA AMBIENTAL;101533;TAR;TRATAMIENTO DE AGUAS RESIDUALES;0;0;0,0466;0,9454;0,8988
101532;BIA;BASES DE INGENIERIA AMBIENTAL;660007;EDAF;EDAFOLOGÍA;0;0;0,0238;0,9186;0,8948
101528;FM;FUNDAMENTOS DE MATEMÁTICAS;101543;SIG;SISTEMAS DE INFORMACIÓN GEOGRÁFICA;0;0;0,0239;0,9175;0,8936
101523;FQ;FUNDAMENTOS DE QUÍMICA;101540;GEE;GESTIÓN ENERGÉTICA Y ECOEFICIENCIA;0;0;0,0590;0,9505;0,8915
101550;QAM;QUÍMICA ANALÍTICA MEDIOAMBIENTAL;101563;FA;FISICOQUÍMICA DE AGUAS;0;0;0,0861;0,9750;0,8889
101532;BIA;BASES DE INGENIERIA AMBIENTAL;101548;TASP;TOXICOLOGÍA AMBIENTAL Y SALUD PÚBLICA;0;0;0,0299;0,9187;0,8888
101542;SGAA;SISTEMAS DE GESTIÓN Y AUDITORÍAS AMBIENTALES;101554;TTPSS;TEORÍAS Y TÉCNICAS PARA LA SOSTENIBILIDAD SOCIOAMBIENTAL;0;0;0,0276;0,9134;0,8858
101527;MC;METEOROLOGÍA Y CLIMATOLOGÍA;101552;ADA;ANÁLISIS DE DATOS AMBIENTALES;0;0;0,0139;0,8936;0,8797
101532;BIA;BASES DE INGENIERIA AMBIENTAL;101540;GEE;GESTIÓN ENERGÉTICA Y ECOEFICIENCIA;0;0;0,0933;0,9727;0,8794
101532;BIA;BASES DE INGENIERIA AMBIENTAL;101550;QAM;QUÍMICA ANALÍTICA MEDIOAMBIENTAL;0;0;0,0293;0,9084;0,8791
101523;FQ;FUNDAMENTOS DE QUÍMICA;101555;EV;ECOFISIOLOGÍA VEGETAL;0;0;0,0278;0,9057;0,8779
101533;TAR;TRATAMIENTO DE AGUAS RESIDUALES;101563;FA;FISICOQUÍMICA DE AGUAS;0;0;0,1177;0,9913;0,8736
101526;FF;FUNDAMENTOS DE FÍSICA;101527;MC;METEOROLOGÍA Y CLIMATOLOGÍA;0;1;0,0267;0,8988;0,8721
101527;MC;METEOROLOGÍA Y CLIMATOLOGÍA;101532;BIA;BASES DE INGENIERIA AMBIENTAL;0;0;0,0317;0,9025;0,8708
101527;MC;METEOROLOGÍA Y CLIMATOLOGÍA;101545;EST;ESTADÍSTICA;0;0;0,0071;0,8740;0,8669
101527;MC;METEOROLOGÍA Y CLIMATOLOGÍA;660007;EDAF;EDAFOLOGÍA;0;0;0,0200;0,8854;0,8654
101530;AHMA;ACTIVIDADES HUMANAS Y MEDIO AMBIENTE;101554;TTPSS;TEORÍAS Y TÉCNICAS PARA LA SOSTENIBILIDAD SOCIOAMBIENTAL;0;0;0,0403;0,9047;0,8644
101548;TASP;TOXICOLOGÍA AMBIENTAL Y SALUD PÚBLICA;101555;EV;ECOFISIOLOGÍA VEGETAL;0;0;0,0405;0,9042;0,8637
101533;TAR;TRATAMIENTO DE AGUAS RESIDUALES;101555;EV;ECOFISIOLOGÍA VEGETAL;0;0;0,0320;0,8949;0,8629
101526;FF;FUNDAMENTOS DE FÍSICA;101555;EV;ECOFISIOLOGÍA VEGETAL;0;0;0,0098;0,8719;0,8621
101540;GEE;GESTIÓN ENERGÉTICA Y ECOEFICIENCIA;101555;EV;ECOFISIOLOGÍA VEGETAL;0;0;0,0061;0,8679;0,8618
101548;TASP;TOXICOLOGÍA AMBIENTAL Y SALUD PÚBLICA;660007;EDAF;EDAFOLOGÍA;0;0;0,0200;0,8782;0,8582
101530;AHMA;ACTIVIDADES HUMANAS Y MEDIO AMBIENTE;660059;OGP;ORGANIZACIÓN Y GESTIÓN DE PROYECTOS;0;0;0,0169;0,8735;0,8566
101553;IGA;INTERACCIÓN DE GENES Y AMBIENTE;101557;GCP;GESTIÓN DE CAZA Y PESCA;0;0;0,0669;0,9218;0,8549
101532;BIA;BASES DE INGENIERIA AMBIENTAL;101555;EV;ECOFISIOLOGÍA VEGETAL;0;0;0,0448;0,8988;0,8540
101528;FM;FUNDAMENTOS DE MATEMÁTICAS;101552;ADA;ANÁLISIS DE DATOS AMBIENTALES;0;0;0,0035;0,8572;0,8537
101526;FF;FUNDAMENTOS DE FÍSICA;101548;TASP;TOXICOLOGÍA AMBIENTAL Y SALUD PÚBLICA;0;0;0,0206;0,8714;0,8508
101526;FF;FUNDAMENTOS DE FÍSICA;101532;BIA;BASES DE INGENIERIA AMBIENTAL;0;0;0,1290;0,9793;0,8503
101549;GE;GESTIÓN DE ECOSISTEMAS;101554;TTPSS;TEORÍAS Y TÉCNICAS PARA LA SOSTENIBILIDAD SOCIOAMBIENTAL;0;0;0,0397;0,8900;0,8503
101528;FM;FUNDAMENTOS DE MATEMÁTICAS;101545;EST;ESTADÍSTICA;0;0;0,0200;0,8683;0,8483
101533;TAR;TRATAMIENTO DE AGUAS RESIDUALES;101548;TASP;TOXICOLOGÍA AMBIENTAL Y SALUD PÚBLICA;0;0;0,0182;0,8653;0,8471
101537;GMF;GESTIÓN DEL MEDIO FÍSICO;101554;TTPSS;TEORÍAS Y TÉCNICAS PARA LA SOSTENIBILIDAD SOCIOAMBIENTAL;0;0;0,0522;0,8960;0,8438
101523;FQ;FUNDAMENTOS DE QUÍMICA;101532;BIA;BASES DE INGENIERIA AMBIENTAL;0;0;0,0811;0,9223;0,8412
101547;CE;CALIDAD Y EMPRESA;101554;TTPSS;TEORÍAS Y TÉCNICAS PARA LA SOSTENIBILIDAD SOCIOAMBIENTAL;0;0;0,0599;0,9000;0,8401
101527;MC;METEOROLOGÍA Y CLIMATOLOGÍA;101540;GEE;GESTIÓN ENERGÉTICA Y ECOEFICIENCIA;0;0;0,0377;0,8777;0,8400
101524;QA;QUÍMICA AMBIENTAL;101526;FF;FUNDAMENTOS DE FÍSICA;0;0;0,0204;0,8579;0,8375
101555;EV;ECOFISIOLOGÍA VEGETAL;101563;FA;FISICOQUÍMICA DE AGUAS;0;0;0,0782;0,9107;0,8325
101524;QA;QUÍMICA AMBIENTAL;101533;TAR;TRATAMIENTO DE AGUAS RESIDUALES;0;0;0,0717;0,9037;0,8320
101555;EV;ECOFISIOLOGÍA VEGETAL;660007;EDAF;EDAFOLOGÍA;0;0;0,0685;0,9005;0,8320
101548;TASP;TOXICOLOGÍA AMBIENTAL Y SALUD PÚBLICA;101563;FA;FISICOQUÍMICA DE AGUAS;0;0;0,0295;0,8614;0,8319
101524;QA;QUÍMICA AMBIENTAL;101540;GEE;GESTIÓN ENERGÉTICA Y ECOEFICIENCIA;0;0;0,0135;0,8454;0,8319
101540;GEE;GESTIÓN ENERGÉTICA Y ECOEFICIENCIA;101548;TASP;TOXICOLOGÍA AMBIENTAL Y SALUD PÚBLICA;0;0;0,0299;0,8606;0,8307
101539;BBPGM;BASES BOTÁNICAS PARA LA GESTIÓN DEL MEDIOAMBIENTE;101561;GRUI;GESTIÓN DE RESIDUOS URBANOS E INDUSTRIALES;0;0;0,0023;0,8262;0,8239
101538;FZPEMA;FUNDAMENTOS ZOOLÓGICOS PARA EL ESTUDIO DEL MEDIO AMBIENTE;101547;CE;CALIDAD Y EMPRESA;0;0;0,0265;0,8494;0,8229
101527;MC;METEOROLOGÍA Y CLIMATOLOGÍA;101558;CCMC;CONTROL DE LA CONTAMINACIÓN MEDIANTE CATÁLISIS;0;0;0,0108;0,8295;0,8187
101560;PTU;PLANEAMIENTO TERRITORIAL Y URBANO;660059;OGP;ORGANIZACIÓN Y GESTIÓN DE PROYECTOS;0;0;0,0653;0,8830;0,8177
101524;QA;QUÍMICA AMBIENTAL;101548;TASP;TOXICOLOGÍA AMBIENTAL Y SALUD PÚBLICA;0;0;0,0668;0,8840;0,8172
101523;FQ;FUNDAMENTOS DE QUÍMICA;101563;FA;FISICOQUÍMICA DE AGUAS;0;0;0,1763;0,9919;0,8156
101532;BIA;BASES DE INGENIERIA AMBIENTAL;101545;EST;ESTADÍSTICA;0;0;0,0031;0,8184;0,8153
101530;AHMA;ACTIVIDADES HUMANAS Y MEDIO AMBIENTE;101541;EIAIPC;EVALUACIÓN DE IMPACTO AMBIENTAL: INSTRUMENTOS DE PREVENCIÓN Y CONTROL;0;0;0,0435;0,8544;0,8109
101549;GE;GESTIÓN DE ECOSISTEMAS;101561;GRUI;GESTIÓN DE RESIDUOS URBANOS E INDUSTRIALES;0;0;0,0395;0,8477;0,8082
101555;EV;ECOFISIOLOGÍA VEGETAL;101558;CCMC;CONTROL DE LA CONTAMINACIÓN MEDIANTE CATÁLISIS;0;0;0,0125;0,8203;0,8078
101529;EA;ECONOMÍA AMBIENTAL;101561;GRUI;GESTIÓN DE RESIDUOS URBANOS E INDUSTRIALES;0;0;0,0297;0,8373;0,8076
101523;FQ;FUNDAMENTOS DE QUÍMICA;101548;TASP;TOXICOLOGÍA AMBIENTAL Y SALUD PÚBLICA;0;0;0,0147;0,8221;0,8074
101538;FZPEMA;FUNDAMENTOS ZOOLÓGICOS PARA EL ESTUDIO DEL MEDIO AMBIENTE;101557;GCP;GESTIÓN DE CAZA Y PESCA;0;0;0,1624;0,9694;0,8070
101541;EIAIPC;EVALUACIÓN DE IMPACTO AMBIENTAL: INSTRUMENTOS DE PREVENCIÓN Y CONTROL;660059;OGP;ORGANIZACIÓN Y GESTIÓN DE PROYECTOS;0;0;0,1155;0,9221;0,8066
101524;QA;QUÍMICA AMBIENTAL;101532;BIA;BASES DE INGENIERIA AMBIENTAL;0;0;0,0691;0,8754;0,8063
101529;EA;ECONOMÍA AMBIENTAL;101539;BBPGM;BASES BOTÁNICAS PARA LA GESTIÓN DEL MEDIOAMBIENTE;0;0;0,0020;0,8066;0,8046
101540;GEE;GESTIÓN ENERGÉTICA Y ECOEFICIENCIA;101545;EST;ESTADÍSTICA;0;0;0,0001;0,8017;0,8016
101523;FQ;FUNDAMENTOS DE QUÍMICA;660007;EDAF;EDAFOLOGÍA;0;0;0,0695;0,8702;0,8007
101524;QA;QUÍMICA AMBIENTAL;660007;EDAF;EDAFOLOGÍA;0;0;0,0815;0,8813;0,7998
101533;TAR;TRATAMIENTO DE AGUAS RESIDUALES;660007;EDAF;EDAFOLOGÍA;0;0;0,0566;0,8550;0,7984
101541;EIAIPC;EVALUACIÓN DE IMPACTO AMBIENTAL: INSTRUMENTOS DE PREVENCIÓN Y CONTROL;101554;TTPSS;TEORÍAS Y TÉCNICAS PARA LA SOSTENIBILIDAD SOCIOAMBIENTAL;0;0;0,0105;0,8088;0,7983
101547;CE;CALIDAD Y EMPRESA;101553;IGA;INTERACCIÓN DE GENES Y AMBIENTE;0;0;0,0068;0,8049;0,7981
101532;BIA;BASES DE INGENIERIA AMBIENTAL;101558;CCMC;CONTROL DE LA CONTAMINACIÓN MEDIANTE CATÁLISIS;0;0;0,0075;0,8046;0,7971
101530;AHMA;ACTIVIDADES HUMANAS Y MEDIO AMBIENTE;101547;CE;CALIDAD Y EMPRESA;0;0;0,0302;0,8268;0,7966
101537;GMF;GESTIÓN DEL MEDIO FÍSICO;101542;SGAA;SISTEMAS DE GESTIÓN Y AUDITORÍAS AMBIENTALES;0;0;0,0353;0,8307;0,7954
101552;ADA;ANÁLISIS DE DATOS AMBIENTALES;660006;GEO;GEOLOGÍA;0;0;0,0018;0,7953;0,7935
101550;QAM;QUÍMICA ANALÍTICA MEDIOAMBIENTAL;101555;EV;ECOFISIOLOGÍA VEGETAL;0;0;0,0369;0,8246;0,7877
101526;FF;FUNDAMENTOS DE FÍSICA;101545;EST;ESTADÍSTICA;0;0;0,0000;0,7838;0,7838
101530;AHMA;ACTIVIDADES HUMANAS Y MEDIO AMBIENTE;101542;SGAA;SISTEMAS DE GESTIÓN Y AUDITORÍAS AMBIENTALES;0;0;0,0179;0,7993;0,7814
101527;MC;METEOROLOGÍA Y CLIMATOLOGÍA;101528;FM;FUNDAMENTOS DE MATEMÁTICAS;0;0;0,0130;0,7938;0,7808
101547;CE;CALIDAD Y EMPRESA;101561;GRUI;GESTIÓN DE RESIDUOS URBANOS E INDUSTRIALES;0;0;0,0623;0,8424;0,7801
101533;TAR;TRATAMIENTO DE AGUAS RESIDUALES;101545;EST;ESTADÍSTICA;0;0;0,0067;0,7865;0,7798
101548;TASP;TOXICOLOGÍA AMBIENTAL Y SALUD PÚBLICA;101558;CCMC;CONTROL DE LA CONTAMINACIÓN MEDIANTE CATÁLISIS;0;0;0,0207;0,7998;0,7791
101542;SGAA;SISTEMAS DE GESTIÓN Y AUDITORÍAS AMBIENTALES;101547;CE;CALIDAD Y EMPRESA;0;0;0,1420;0,9209;0,7789
101529;EA;ECONOMÍA AMBIENTAL;101554;TTPSS;TEORÍAS Y TÉCNICAS PARA LA SOSTENIBILIDAD SOCIOAMBIENTAL;0;0;0,0369;0,8143;0,7774
101529;EA;ECONOMÍA AMBIENTAL;101549;GE;GESTIÓN DE ECOSISTEMAS;0;0;0,0258;0,8023;0,7765
101528;FM;FUNDAMENTOS DE MATEMÁTICAS;101539;BBPGM;BASES BOTÁNICAS PARA LA GESTIÓN DEL MEDIOAMBIENTE;0;0;0,0019;0,7783;0,7764
101558;CCMC;CONTROL DE LA CONTAMINACIÓN MEDIANTE CATÁLISIS;660007;EDAF;EDAFOLOGÍA;0;0;0,0108;0,7822;0,7714
101527;MC;METEOROLOGÍA Y CLIMATOLOGÍA;101533;TAR;TRATAMIENTO DE AGUAS RESIDUALES;0;0;0,0255;0,7955;0,7700
101563;FA;FISICOQUÍMICA DE AGUAS;660007;EDAF;EDAFOLOGÍA;0;0;0,1135;0,8824;0,7689
101529;EA;ECONOMÍA AMBIENTAL;101548;TASP;TOXICOLOGÍA AMBIENTAL Y SALUD PÚBLICA;0;0;0,0152;0,7811;0,7659
101524;QA;QUÍMICA AMBIENTAL;101550;QAM;QUÍMICA ANALÍTICA MEDIOAMBIENTAL;0;1;0,0886;0,8504;0,7618
101541;EIAIPC;EVALUACIÓN DE IMPACTO AMBIENTAL: INSTRUMENTOS DE PREVENCIÓN Y CONTROL;101542;SGAA;SISTEMAS DE GESTIÓN Y AUDITORÍAS AMBIENTALES;0;0;0,0760;0,8344;0,7584
101527;MC;METEOROLOGÍA Y CLIMATOLOGÍA;101550;QAM;QUÍMICA ANALÍTICA MEDIOAMBIENTAL;0;0;0,0134;0,7718;0,7584
101539;BBPGM;BASES BOTÁNICAS PARA LA GESTIÓN DEL MEDIOAMBIENTE;101554;TTPSS;TEORÍAS Y TÉCNICAS PARA LA SOSTENIBILIDAD SOCIOAMBIENTAL;0;0;0,0077;0,7635;0,7558
101542;SGAA;SISTEMAS DE GESTIÓN Y AUDITORÍAS AMBIENTALES;101561;GRUI;GESTIÓN DE RESIDUOS URBANOS E INDUSTRIALES;0;0;0,0541;0,8093;0,7552
101527;MC;METEOROLOGÍA Y CLIMATOLOGÍA;101548;TASP;TOXICOLOGÍA AMBIENTAL Y SALUD PÚBLICA;0;0;0,0347;0,7888;0,7541
101537;GMF;GESTIÓN DEL MEDIO FÍSICO;101547;CE;CALIDAD Y EMPRESA;0;0;0,0450;0,7982;0,7532
101520;FB;FUNDAMENTOS DE BIOLOGÍA;101545;EST;ESTADÍSTICA;0;0;0,0222;0,7710;0,7488
101536;OTRN;ORDENACIÓN DEL TERRITORIO Y RIESGOS NATURALES;101553;IGA;INTERACCIÓN DE GENES Y AMBIENTE;0;0;0,0089;0,7563;0,7474
101545;EST;ESTADÍSTICA;101563;FA;FISICOQUÍMICA DE AGUAS;0;0;0,0035;0,7486;0,7451
101536;OTRN;ORDENACIÓN DEL TERRITORIO Y RIESGOS NATURALES;101547;CE;CALIDAD Y EMPRESA;0;0;0,0473;0,7921;0,7448
101536;OTRN;ORDENACIÓN DEL TERRITORIO Y RIESGOS NATURALES;660059;OGP;ORGANIZACIÓN Y GESTIÓN DE PROYECTOS;0;0;0,0089;0,7537;0,7448
101524;QA;QUÍMICA AMBIENTAL;101563;FA;FISICOQUÍMICA DE AGUAS;1;0;0,1902;0,9336;0,7434
101552;ADA;ANÁLISIS DE DATOS AMBIENTALES;101558;CCMC;CONTROL DE LA CONTAMINACIÓN MEDIANTE CATÁLISIS;0;0;0,0136;0,7566;0,7430
101527;MC;METEOROLOGÍA Y CLIMATOLOGÍA;101563;FA;FISICOQUÍMICA DE AGUAS;0;0;0,0466;0,7892;0,7426
101542;SGAA;SISTEMAS DE GESTIÓN Y AUDITORÍAS AMBIENTALES;101553;IGA;INTERACCIÓN DE GENES Y AMBIENTE;0;0;0,0096;0,7519;0,7423
101539;BBPGM;BASES BOTÁNICAS PARA LA GESTIÓN DEL MEDIOAMBIENTE;101549;GE;GESTIÓN DE ECOSISTEMAS;0;0;0,0254;0,7663;0,7409
101523;FQ;FUNDAMENTOS DE QUÍMICA;101527;MC;METEOROLOGÍA Y CLIMATOLOGÍA;0;0;0,0249;0,7643;0,7394
101554;TTPSS;TEORÍAS Y TÉCNICAS PARA LA SOSTENIBILIDAD SOCIOAMBIENTAL;660059;OGP;ORGANIZACIÓN Y GESTIÓN DE PROYECTOS;0;0;0,0059;0,7444;0,7385
101550;QAM;QUÍMICA ANALÍTICA MEDIOAMBIENTAL;660007;EDAF;EDAFOLOGÍA;0;0;0,0686;0,8068;0,7382
101545;EST;ESTADÍSTICA;101550;QAM;QUÍMICA ANALÍTICA MEDIOAMBIENTAL;0;0;0,0393;0,7766;0,7373
101539;BBPGM;BASES BOTÁNICAS PARA LA GESTIÓN DEL MEDIOAMBIENTE;101545;EST;ESTADÍSTICA;0;0;0,0000;0,7358;0,7358
101529;EA;ECONOMÍA AMBIENTAL;101530;AHMA;ACTIVIDADES HUMANAS Y MEDIO AMBIENTE;0;0;0,0183;0,7540;0,7357
101528;FM;FUNDAMENTOS DE MATEMÁTICAS;101529;EA;ECONOMÍA AMBIENTAL;0;0;0,0060;0,7414;0,7354
101551;CNRAP;CONSERVACIÓN DE LA NATURALEZA:RESTAURACIÓN Y REHABILITACIÓN AMBIENTAL. PAISAJISMO;660006;GEO;GEOLOGÍA;0;0;0,2219;0,9569;0,7350
101530;AHMA;ACTIVIDADES HUMANAS Y MEDIO AMBIENTE;101539;BBPGM;BASES BOTÁNICAS PARA LA GESTIÓN DEL MEDIOAMBIENTE;0;0;0,0040;0,7384;0,7344
101538;FZPEMA;FUNDAMENTOS ZOOLÓGICOS PARA EL ESTUDIO DEL MEDIO AMBIENTE;101542;SGAA;SISTEMAS DE GESTIÓN Y AUDITORÍAS AMBIENTALES;0;0;0,0194;0,7537;0,7343
101520;FB;FUNDAMENTOS DE BIOLOGÍA;101539;BBPGM;BASES BOTÁNICAS PARA LA GESTIÓN DEL MEDIOAMBIENTE;0;0;0,1050;0,8351;0,7301
101527;MC;METEOROLOGÍA Y CLIMATOLOGÍA;101555;EV;ECOFISIOLOGÍA VEGETAL;0;0;0,0182;0,7463;0,7281
101539;BBPGM;BASES BOTÁNICAS PARA LA GESTIÓN DEL MEDIOAMBIENTE;101552;ADA;ANÁLISIS DE DATOS AMBIENTALES;0;0;0,0036;0,7294;0,7258
101537;GMF;GESTIÓN DEL MEDIO FÍSICO;101553;IGA;INTERACCIÓN DE GENES Y AMBIENTE;0;0;0,0145;0,7377;0,7232
101530;AHMA;ACTIVIDADES HUMANAS Y MEDIO AMBIENTE;101537;GMF;GESTIÓN DEL MEDIO FÍSICO;0;0;0,0863;0,8090;0,7227
101520;FB;FUNDAMENTOS DE BIOLOGÍA;101548;TASP;TOXICOLOGÍA AMBIENTAL Y SALUD PÚBLICA;0;0;0,0389;0,7604;0,7215
101530;AHMA;ACTIVIDADES HUMANAS Y MEDIO AMBIENTE;101549;GE;GESTIÓN DE ECOSISTEMAS;0;0;0,0303;0,7513;0,7210
101520;FB;FUNDAMENTOS DE BIOLOGÍA;101533;TAR;TRATAMIENTO DE AGUAS RESIDUALES;0;0;0,0255;0,7453;0,7198
101520;FB;FUNDAMENTOS DE BIOLOGÍA;101532;BIA;BASES DE INGENIERIA AMBIENTAL;0;0;0,0252;0,7444;0,7192
101529;EA;ECONOMÍA AMBIENTAL;101532;BIA;BASES DE INGENIERIA AMBIENTAL;0;0;0,0122;0,7309;0,7187
101545;EST;ESTADÍSTICA;101548;TASP;TOXICOLOGÍA AMBIENTAL Y SALUD PÚBLICA;0;0;0,0170;0,7355;0,7185
101535;CSPROAI;CONTAMINACIÓN DE LOS SUELOS POR RESIDUOS ORGÁNICOS, AGRÍCOLAS E INDUSTRIALES;101559;CPMP;CONTAMINACIÓN POR METALES PESADOS;0;0;0,2391;0,9573;0,7182
101524;QA;QUÍMICA AMBIENTAL;101558;CCMC;CONTROL DE LA CONTAMINACIÓN MEDIANTE CATÁLISIS;0;0;0,0433;0,7598;0,7165
101539;BBPGM;BASES BOTÁNICAS PARA LA GESTIÓN DEL MEDIOAMBIENTE;101547;CE;CALIDAD Y EMPRESA;0;0;0,0141;0,7301;0,7160
101523;FQ;FUNDAMENTOS DE QUÍMICA;101545;EST;ESTADÍSTICA;0;0;0,0031;0,7189;0,7158
101537;GMF;GESTIÓN DEL MEDIO FÍSICO;101539;BBPGM;BASES BOTÁNICAS PARA LA GESTIÓN DEL MEDIOAMBIENTE;0;0;0,0066;0,7191;0,7125
101536;OTRN;ORDENACIÓN DEL TERRITORIO Y RIESGOS NATURALES;101557;GCP;GESTIÓN DE CAZA Y PESCA;0;0;0,0918;0,8042;0,7124
101528;FM;FUNDAMENTOS DE MATEMÁTICAS;101558;CCMC;CONTROL DE LA CONTAMINACIÓN MEDIANTE CATÁLISIS;0;0;0,0114;0,7175;0,7061
101545;EST;ESTADÍSTICA;101558;CCMC;CONTROL DE LA CONTAMINACIÓN MEDIANTE CATÁLISIS;0;0;0,0017;0,7057;0,7040
101541;EIAIPC;EVALUACIÓN DE IMPACTO AMBIENTAL: INSTRUMENTOS DE PREVENCIÓN Y CONTROL;101560;PTU;PLANEAMIENTO TERRITORIAL Y URBANO;0;0;0,0545;0,7553;0,7008
101520;FB;FUNDAMENTOS DE BIOLOGÍA;101558;CCMC;CONTROL DE LA CONTAMINACIÓN MEDIANTE CATÁLISIS;0;0;0,0197;0,7204;0,7007
101543;SIG;SISTEMAS DE INFORMACIÓN GEOGRÁFICA;101544;CA;CARTOGRAFÍA APLICADA;0;1;0,0988;0,7984;0,6996
101541;EIAIPC;EVALUACIÓN DE IMPACTO AMBIENTAL: INSTRUMENTOS DE PREVENCIÓN Y CONTROL;101561;GRUI;GESTIÓN DE RESIDUOS URBANOS E INDUSTRIALES;0;0;0,0190;0,7151;0,6961
101543;SIG;SISTEMAS DE INFORMACIÓN GEOGRÁFICA;101545;EST;ESTADÍSTICA;0;0;0,0140;0,7095;0,6955
101552;ADA;ANÁLISIS DE DATOS AMBIENTALES;101561;GRUI;GESTIÓN DE RESIDUOS URBANOS E INDUSTRIALES;0;0;0,0000;0,6945;0,6945
101547;CE;CALIDAD Y EMPRESA;101549;GE;GESTIÓN DE ECOSISTEMAS;0;0;0,1684;0,8619;0,6935
101526;FF;FUNDAMENTOS DE FÍSICA;101558;CCMC;CONTROL DE LA CONTAMINACIÓN MEDIANTE CATÁLISIS;0;0;0,0295;0,7222;0,6927
101545;EST;ESTADÍSTICA;660007;EDAF;EDAFOLOGÍA;0;0;0,0000;0,6927;0,6927
101547;CE;CALIDAD Y EMPRESA;101557;GCP;GESTIÓN DE CAZA Y PESCA;0;0;0,0801;0,7723;0,6922
101548;TASP;TOXICOLOGÍA AMBIENTAL Y SALUD PÚBLICA;101550;QAM;QUÍMICA ANALÍTICA MEDIOAMBIENTAL;0;0;0,0777;0,7696;0,6919
101534;CA;CONTAMINACIÓN ATMOSFÉRICA;101551;CNRAP;CONSERVACIÓN DE LA NATURALEZA:RESTAURACIÓN Y REHABILITACIÓN AMBIENTAL. PAISAJISMO;0;0;0,2515;0,9420;0,6905
101558;CCMC;CONTROL DE LA CONTAMINACIÓN MEDIANTE CATÁLISIS;101561;GRUI;GESTIÓN DE RESIDUOS URBANOS E INDUSTRIALES;0;0;0,0384;0,7287;0,6903
101536;OTRN;ORDENACIÓN DEL TERRITORIO Y RIESGOS NATURALES;101538;FZPEMA;FUNDAMENTOS ZOOLÓGICOS PARA EL ESTUDIO DEL MEDIO AMBIENTE;0;0;0,2011;0,8901;0,6890
101520;FB;FUNDAMENTOS DE BIOLOGÍA;101553;IGA;INTERACCIÓN DE GENES Y AMBIENTE;0;0;0,1029;0,7918;0,6889
101537;GMF;GESTIÓN DEL MEDIO FÍSICO;101552;ADA;ANÁLISIS DE DATOS AMBIENTALES;0;0;0,0039;0,6924;0,6885
101565;TPEU;TECNICAS PARA LA EVALUACIÓN URBANA;660059;OGP;ORGANIZACIÓN Y GESTIÓN DE PROYECTOS;0;0;0,0748;0,7626;0,6878
101547;CE;CALIDAD Y EMPRESA;660059;OGP;ORGANIZACIÓN Y GESTIÓN DE PROYECTOS;0;0;0,0298;0,7171;0,6873
101553;IGA;INTERACCIÓN DE GENES Y AMBIENTE;101554;TTPSS;TEORÍAS Y TÉCNICAS PARA LA SOSTENIBILIDAD SOCIOAMBIENTAL;0;0;0,0078;0,6948;0,6870
101539;BBPGM;BASES BOTÁNICAS PARA LA GESTIÓN DEL MEDIOAMBIENTE;101558;CCMC;CONTROL DE LA CONTAMINACIÓN MEDIANTE CATÁLISIS;0;0;0,0118;0,6981;0,6863
101545;EST;ESTADÍSTICA;101555;EV;ECOFISIOLOGÍA VEGETAL;0;0;0,0002;0,6862;0,6860
101534;CA;CONTAMINACIÓN ATMOSFÉRICA;101552;ADA;ANÁLISIS DE DATOS AMBIENTALES;0;0;0,0072;0,6928;0,6856
101537;GMF;GESTIÓN DEL MEDIO FÍSICO;101538;FZPEMA;FUNDAMENTOS ZOOLÓGICOS PARA EL ESTUDIO DEL MEDIO AMBIENTE;0;0;0,0248;0,7060;0,6812
101524;QA;QUÍMICA AMBIENTAL;101527;MC;METEOROLOGÍA Y CLIMATOLOGÍA;0;0;0,0471;0,7278;0,6807
101526;FF;FUNDAMENTOS DE FÍSICA;101529;EA;ECONOMÍA AMBIENTAL;0;0;0,0120;0,6926;0,6806
101529;EA;ECONOMÍA AMBIENTAL;101545;EST;ESTADÍSTICA;0;0;0,0019;0,6818;0,6799
101540;GEE;GESTIÓN ENERGÉTICA Y ECOEFICIENCIA;101558;CCMC;CONTROL DE LA CONTAMINACIÓN MEDIANTE CATÁLISIS;0;0;0,0097;0,6888;0,6791
101523;FQ;FUNDAMENTOS DE QUÍMICA;101524;QA;QUÍMICA AMBIENTAL;0;0;0,2495;0,9268;0,6773
101527;MC;METEOROLOGÍA Y CLIMATOLOGÍA;101539;BBPGM;BASES BOTÁNICAS PARA LA GESTIÓN DEL MEDIOAMBIENTE;0;0;0,0157;0,6911;0,6754
101539;BBPGM;BASES BOTÁNICAS PARA LA GESTIÓN DEL MEDIOAMBIENTE;101548;TASP;TOXICOLOGÍA AMBIENTAL Y SALUD PÚBLICA;0;0;0,0187;0,6936;0,6749
101531;ALA;ADMINISTRACIÓN Y LEGISLACIÓN AMBIENTAL;660006;GEO;GEOLOGÍA;0;0;0,0136;0,6883;0,6747
101536;OTRN;ORDENACIÓN DEL TERRITORIO Y RIESGOS NATURALES;101542;SGAA;SISTEMAS DE GESTIÓN Y AUDITORÍAS AMBIENTALES;0;0;0,0129;0,6867;0,6738
101543;SIG;SISTEMAS DE INFORMACIÓN GEOGRÁFICA;101552;ADA;ANÁLISIS DE DATOS AMBIENTALES;0;0;0,0210;0,6947;0,6737
101521;E;ECOLOGÍA;101529;EA;ECONOMÍA AMBIENTAL;0;0;0,0515;0,7230;0,6715
101529;EA;ECONOMÍA AMBIENTAL;101542;SGAA;SISTEMAS DE GESTIÓN Y AUDITORÍAS AMBIENTALES;0;0;0,0289;0,6977;0,6688
101542;SGAA;SISTEMAS DE GESTIÓN Y AUDITORÍAS AMBIENTALES;660059;OGP;ORGANIZACIÓN Y GESTIÓN DE PROYECTOS;0;0;0,0438;0,7101;0,6663
101520;FB;FUNDAMENTOS DE BIOLOGÍA;101527;MC;METEOROLOGÍA Y CLIMATOLOGÍA;0;0;0,0146;0,6801;0,6655
101527;MC;METEOROLOGÍA Y CLIMATOLOGÍA;101529;EA;ECONOMÍA AMBIENTAL;0;0;0,0112;0,6767;0,6655
101530;AHMA;ACTIVIDADES HUMANAS Y MEDIO AMBIENTE;101536;OTRN;ORDENACIÓN DEL TERRITORIO Y RIESGOS NATURALES;0;0;0,0341;0,6995;0,6654
101529;EA;ECONOMÍA AMBIENTAL;101537;GMF;GESTIÓN DEL MEDIO FÍSICO;0;0;0,0151;0,6786;0,6635
101561;GRUI;GESTIÓN DE RESIDUOS URBANOS E INDUSTRIALES;660059;OGP;ORGANIZACIÓN Y GESTIÓN DE PROYECTOS;0;0;0,0266;0,6897;0,6631
101529;EA;ECONOMÍA AMBIENTAL;660007;EDAF;EDAFOLOGÍA;0;0;0,0048;0,6649;0,6601
101542;SGAA;SISTEMAS DE GESTIÓN Y AUDITORÍAS AMBIENTALES;101549;GE;GESTIÓN DE ECOSISTEMAS;0;0;0,0819;0,7417;0,6598
101529;EA;ECONOMÍA AMBIENTAL;101540;GEE;GESTIÓN ENERGÉTICA Y ECOEFICIENCIA;0;0;0,0390;0,6980;0,6590
101520;FB;FUNDAMENTOS DE BIOLOGÍA;101537;GMF;GESTIÓN DEL MEDIO FÍSICO;0;0;0,0166;0,6752;0,6586
101520;FB;FUNDAMENTOS DE BIOLOGÍA;101561;GRUI;GESTIÓN DE RESIDUOS URBANOS E INDUSTRIALES;0;0;0,0077;0,6655;0,6578
101520;FB;FUNDAMENTOS DE BIOLOGÍA;101526;FF;FUNDAMENTOS DE FÍSICA;0;0;0,0027;0,6599;0,6572
101537;GMF;GESTIÓN DEL MEDIO FÍSICO;101549;GE;GESTIÓN DE ECOSISTEMAS;0;0;0,0594;0,7162;0,6568
101520;FB;FUNDAMENTOS DE BIOLOGÍA;101547;CE;CALIDAD Y EMPRESA;0;0;0,0178;0,6746;0,6568
101520;FB;FUNDAMENTOS DE BIOLOGÍA;101540;GEE;GESTIÓN ENERGÉTICA Y ECOEFICIENCIA;0;0;0,0061;0,6578;0,6517
101541;EIAIPC;EVALUACIÓN DE IMPACTO AMBIENTAL: INSTRUMENTOS DE PREVENCIÓN Y CONTROL;101547;CE;CALIDAD Y EMPRESA;0;0;0,0582;0,7077;0,6495
101539;BBPGM;BASES BOTÁNICAS PARA LA GESTIÓN DEL MEDIOAMBIENTE;101553;IGA;INTERACCIÓN DE GENES Y AMBIENTE;0;0;0,0049;0,6542;0,6493
101552;ADA;ANÁLISIS DE DATOS AMBIENTALES;660007;EDAF;EDAFOLOGÍA;0;0;0,0044;0,6531;0,6487
101528;FM;FUNDAMENTOS DE MATEMÁTICAS;101544;CA;CARTOGRAFÍA APLICADA;0;0;0,0289;0,6753;0,6464
101538;FZPEMA;FUNDAMENTOS ZOOLÓGICOS PARA EL ESTUDIO DEL MEDIO AMBIENTE;101554;TTPSS;TEORÍAS Y TÉCNICAS PARA LA SOSTENIBILIDAD SOCIOAMBIENTAL;0;0;0,0065;0,6486;0,6421
101528;FM;FUNDAMENTOS DE MATEMÁTICAS;101561;GRUI;GESTIÓN DE RESIDUOS URBANOS E INDUSTRIALES;0;0;0,0125;0,6538;0,6413
101520;FB;FUNDAMENTOS DE BIOLOGÍA;101563;FA;FISICOQUÍMICA DE AGUAS;0;0;0,0263;0,6664;0,6401
101532;BIA;BASES DE INGENIERIA AMBIENTAL;101552;ADA;ANÁLISIS DE DATOS AMBIENTALES;0;0;0,0128;0,6514;0,6386
101529;EA;ECONOMÍA AMBIENTAL;101541;EIAIPC;EVALUACIÓN DE IMPACTO AMBIENTAL: INSTRUMENTOS DE PREVENCIÓN Y CONTROL;0;0;0,0398;0,6783;0,6385
101553;IGA;INTERACCIÓN DE GENES Y AMBIENTE;101561;GRUI;GESTIÓN DE RESIDUOS URBANOS E INDUSTRIALES;0;0;0,0075;0,6458;0,6383
101530;AHMA;ACTIVIDADES HUMANAS Y MEDIO AMBIENTE;101558;CCMC;CONTROL DE LA CONTAMINACIÓN MEDIANTE CATÁLISIS;0;0;0,0182;0,6553;0,6371
101524;QA;QUÍMICA AMBIENTAL;101545;EST;ESTADÍSTICA;0;0;0,0028;0,6383;0,6355
101521;E;ECOLOGÍA;101549;GE;GESTIÓN DE ECOSISTEMAS;1;1;0,1880;0,8203;0,6323
101558;CCMC;CONTROL DE LA CONTAMINACIÓN MEDIANTE CATÁLISIS;101563;FA;FISICOQUÍMICA DE AGUAS;0;0;0,0258;0,6579;0,6321
101533;TAR;TRATAMIENTO DE AGUAS RESIDUALES;101558;CCMC;CONTROL DE LA CONTAMINACIÓN MEDIANTE CATÁLISIS;0;0;0,0331;0,6635;0,6304
101529;EA;ECONOMÍA AMBIENTAL;101547;CE;CALIDAD Y EMPRESA;0;0;0,0643;0,6918;0,6275
101542;SGAA;SISTEMAS DE GESTIÓN Y AUDITORÍAS AMBIENTALES;101557;GCP;GESTIÓN DE CAZA Y PESCA;0;0;0,0587;0,6836;0,6249
101529;EA;ECONOMÍA AMBIENTAL;101558;CCMC;CONTROL DE LA CONTAMINACIÓN MEDIANTE CATÁLISIS;0;0;0,0103;0,6337;0,6234
101536;OTRN;ORDENACIÓN DEL TERRITORIO Y RIESGOS NATURALES;101541;EIAIPC;EVALUACIÓN DE IMPACTO AMBIENTAL: INSTRUMENTOS DE PREVENCIÓN Y CONTROL;0;0;0,0173;0,6384;0,6211
101527;MC;METEOROLOGÍA Y CLIMATOLOGÍA;660006;GEO;GEOLOGÍA;0;0;0,0356;0,6523;0,6167
101532;BIA;BASES DE INGENIERIA AMBIENTAL;101539;BBPGM;BASES BOTÁNICAS PARA LA GESTIÓN DEL MEDIOAMBIENTE;0;0;0,0150;0,6313;0,6163
101537;GMF;GESTIÓN DEL MEDIO FÍSICO;101558;CCMC;CONTROL DE LA CONTAMINACIÓN MEDIANTE CATÁLISIS;0;0;0,0234;0,6396;0,6162
101537;GMF;GESTIÓN DEL MEDIO FÍSICO;660006;GEO;GEOLOGÍA;0;1;0,0186;0,6331;0,6145
101548;TASP;TOXICOLOGÍA AMBIENTAL Y SALUD PÚBLICA;101561;GRUI;GESTIÓN DE RESIDUOS URBANOS E INDUSTRIALES;0;0;0,0329;0,6468;0,6139
101529;EA;ECONOMÍA AMBIENTAL;101552;ADA;ANÁLISIS DE DATOS AMBIENTALES;0;0;0,0198;0,6320;0,6122
101539;BBPGM;BASES BOTÁNICAS PARA LA GESTIÓN DEL MEDIOAMBIENTE;101542;SGAA;SISTEMAS DE GESTIÓN Y AUDITORÍAS AMBIENTALES;0;0;0,0022;0,6134;0,6112
101526;FF;FUNDAMENTOS DE FÍSICA;101552;ADA;ANÁLISIS DE DATOS AMBIENTALES;0;0;0,0306;0,6412;0,6106
101540;GEE;GESTIÓN ENERGÉTICA Y ECOEFICIENCIA;101552;ADA;ANÁLISIS DE DATOS AMBIENTALES;0;0;0,0014;0,6112;0,6098
101520;FB;FUNDAMENTOS DE BIOLOGÍA;101542;SGAA;SISTEMAS DE GESTIÓN Y AUDITORÍAS AMBIENTALES;0;0;0,0181;0,6271;0,6090
101529;EA;ECONOMÍA AMBIENTAL;101555;EV;ECOFISIOLOGÍA VEGETAL;0;0;0,0035;0,6114;0,6079
101528;FM;FUNDAMENTOS DE MATEMÁTICAS;101532;BIA;BASES DE INGENIERIA AMBIENTAL;0;0;0,0164;0,6193;0,6029
101523;FQ;FUNDAMENTOS DE QUÍMICA;101558;CCMC;CONTROL DE LA CONTAMINACIÓN MEDIANTE CATÁLISIS;0;0;0,0346;0,6358;0,6012
101551;CNRAP;CONSERVACIÓN DE LA NATURALEZA:RESTAURACIÓN Y REHABILITACIÓN AMBIENTAL. PAISAJISMO;101552;ADA;ANÁLISIS DE DATOS AMBIENTALES;0;0;0,0390;0,6392;0,6002
101530;AHMA;ACTIVIDADES HUMANAS Y MEDIO AMBIENTE;101538;FZPEMA;FUNDAMENTOS ZOOLÓGICOS PARA EL ESTUDIO DEL MEDIO AMBIENTE;0;0;0,0141;0,6132;0,5991
101520;FB;FUNDAMENTOS DE BIOLOGÍA;101524;QA;QUÍMICA AMBIENTAL;0;0;0,0267;0,6246;0,5979
101549;GE;GESTIÓN DE ECOSISTEMAS;101553;IGA;INTERACCIÓN DE GENES Y AMBIENTE;0;0;0,0087;0,6064;0,5977
101530;AHMA;ACTIVIDADES HUMANAS Y MEDIO AMBIENTE;101553;IGA;INTERACCIÓN DE GENES Y AMBIENTE;0;0;0,0071;0,6045;0,5974
101538;FZPEMA;FUNDAMENTOS ZOOLÓGICOS PARA EL ESTUDIO DEL MEDIO AMBIENTE;101561;GRUI;GESTIÓN DE RESIDUOS URBANOS E INDUSTRIALES;0;0;0,0134;0,6097;0,5963
101529;EA;ECONOMÍA AMBIENTAL;660059;OGP;ORGANIZACIÓN Y GESTIÓN DE PROYECTOS;0;0;0,0356;0,6302;0,5946
101529;EA;ECONOMÍA AMBIENTAL;101543;SIG;SISTEMAS DE INFORMACIÓN GEOGRÁFICA;0;0;0,0095;0,6035;0,5940
101560;PTU;PLANEAMIENTO TERRITORIAL Y URBANO;101565;TPEU;TECNICAS PARA LA EVALUACIÓN URBANA;0;0;0,3131;0,9053;0,5922
101530;AHMA;ACTIVIDADES HUMANAS Y MEDIO AMBIENTE;101560;PTU;PLANEAMIENTO TERRITORIAL Y URBANO;0;0;0,0749;0,6666;0,5917
101531;ALA;ADMINISTRACIÓN Y LEGISLACIÓN AMBIENTAL;101560;PTU;PLANEAMIENTO TERRITORIAL Y URBANO;0;0;0,0241;0,6140;0,5899
101537;GMF;GESTIÓN DEL MEDIO FÍSICO;101541;EIAIPC;EVALUACIÓN DE IMPACTO AMBIENTAL: INSTRUMENTOS DE PREVENCIÓN Y CONTROL;0;0;0,0787;0,6677;0,5890
101528;FM;FUNDAMENTOS DE MATEMÁTICAS;101530;AHMA;ACTIVIDADES HUMANAS Y MEDIO AMBIENTE;0;0;0,0089;0,5979;0,5890
101520;FB;FUNDAMENTOS DE BIOLOGÍA;101529;EA;ECONOMÍA AMBIENTAL;0;0;0,0135;0,6012;0,5877
101539;BBPGM;BASES BOTÁNICAS PARA LA GESTIÓN DEL MEDIOAMBIENTE;101543;SIG;SISTEMAS DE INFORMACIÓN GEOGRÁFICA;0;0;0,0256;0,6115;0,5859
101539;BBPGM;BASES BOTÁNICAS PARA LA GESTIÓN DEL MEDIOAMBIENTE;660007;EDAF;EDAFOLOGÍA;0;0;0,0145;0,5986;0,5841
101527;MC;METEOROLOGÍA Y CLIMATOLOGÍA;101534;CA;CONTAMINACIÓN ATMOSFÉRICA;0;0;0,0517;0,6342;0,5825
101520;FB;FUNDAMENTOS DE BIOLOGÍA;101555;EV;ECOFISIOLOGÍA VEGETAL;0;0;0,1067;0,6855;0,5788
101537;GMF;GESTIÓN DEL MEDIO FÍSICO;660059;OGP;ORGANIZACIÓN Y GESTIÓN DE PROYECTOS;0;0;0,0069;0,5856;0,5787
101549;GE;GESTIÓN DE ECOSISTEMAS;660059;OGP;ORGANIZACIÓN Y GESTIÓN DE PROYECTOS;0;0;0,0188;0,5971;0,5783
101526;FF;FUNDAMENTOS DE FÍSICA;101539;BBPGM;BASES BOTÁNICAS PARA LA GESTIÓN DEL MEDIOAMBIENTE;0;0;0,0013;0,5794;0,5781
101528;FM;FUNDAMENTOS DE MATEMÁTICAS;101540;GEE;GESTIÓN ENERGÉTICA Y ECOEFICIENCIA;0;0;0,0022;0,5796;0,5774
101520;FB;FUNDAMENTOS DE BIOLOGÍA;101530;AHMA;ACTIVIDADES HUMANAS Y MEDIO AMBIENTE;0;0;0,0252;0,6016;0,5764
101527;MC;METEOROLOGÍA Y CLIMATOLOGÍA;101561;GRUI;GESTIÓN DE RESIDUOS URBANOS E INDUSTRIALES;0;0;0,0115;0,5870;0,5755
101528;FM;FUNDAMENTOS DE MATEMÁTICAS;101548;TASP;TOXICOLOGÍA AMBIENTAL Y SALUD PÚBLICA;0;0;0,0190;0,5943;0,5753
101520;FB;FUNDAMENTOS DE BIOLOGÍA;101554;TTPSS;TEORÍAS Y TÉCNICAS PARA LA SOSTENIBILIDAD SOCIOAMBIENTAL;0;0;0,0175;0,5924;0,5749
101539;BBPGM;BASES BOTÁNICAS PARA LA GESTIÓN DEL MEDIOAMBIENTE;660059;OGP;ORGANIZACIÓN Y GESTIÓN DE PROYECTOS;0;0;0,0059;0,5800;0,5741
101539;BBPGM;BASES BOTÁNICAS PARA LA GESTIÓN DEL MEDIOAMBIENTE;101540;GEE;GESTIÓN ENERGÉTICA Y ECOEFICIENCIA;0;0;0,0023;0,5755;0,5732
101537;GMF;GESTIÓN DEL MEDIO FÍSICO;101548;TASP;TOXICOLOGÍA AMBIENTAL Y SALUD PÚBLICA;0;0;0,0368;0,6097;0,5729
101530;AHMA;ACTIVIDADES HUMANAS Y MEDIO AMBIENTE;101552;ADA;ANÁLISIS DE DATOS AMBIENTALES;0;0;0,0156;0,5868;0,5712
101531;ALA;ADMINISTRACIÓN Y LEGISLACIÓN AMBIENTAL;101551;CNRAP;CONSERVACIÓN DE LA NATURALEZA:RESTAURACIÓN Y REHABILITACIÓN AMBIENTAL. PAISAJISMO;0;0;0,1481;0,7178;0,5697
101527;MC;METEOROLOGÍA Y CLIMATOLOGÍA;101537;GMF;GESTIÓN DEL MEDIO FÍSICO;0;0;0,0174;0,5860;0,5686
101558;CCMC;CONTROL DE LA CONTAMINACIÓN MEDIANTE CATÁLISIS;660006;GEO;GEOLOGÍA;0;0;0,0153;0,5785;0,5632
101526;FF;FUNDAMENTOS DE FÍSICA;101528;FM;FUNDAMENTOS DE MATEMÁTICAS;0;0;0,0100;0,5729;0,5629
101536;OTRN;ORDENACIÓN DEL TERRITORIO Y RIESGOS NATURALES;101554;TTPSS;TEORÍAS Y TÉCNICAS PARA LA SOSTENIBILIDAD SOCIOAMBIENTAL;0;0;0,0216;0,5835;0,5619
101537;GMF;GESTIÓN DEL MEDIO FÍSICO;101557;GCP;GESTIÓN DE CAZA Y PESCA;0;0;0,0501;0,6105;0,5604
101520;FB;FUNDAMENTOS DE BIOLOGÍA;101538;FZPEMA;FUNDAMENTOS ZOOLÓGICOS PARA EL ESTUDIO DEL MEDIO AMBIENTE;0;0;0,1550;0,7148;0,5598
101541;EIAIPC;EVALUACIÓN DE IMPACTO AMBIENTAL: INSTRUMENTOS DE PREVENCIÓN Y CONTROL;101565;TPEU;TECNICAS PARA LA EVALUACIÓN URBANA;0;0;0,0987;0,6575;0,5588
101520;FB;FUNDAMENTOS DE BIOLOGÍA;101523;FQ;FUNDAMENTOS DE QUÍMICA;0;0;0,0315;0,5898;0,5583
101528;FM;FUNDAMENTOS DE MATEMÁTICAS;660007;EDAF;EDAFOLOGÍA;0;0;0,0324;0,5887;0,5563
101520;FB;FUNDAMENTOS DE BIOLOGÍA;101552;ADA;ANÁLISIS DE DATOS AMBIENTALES;0;0;0,0146;0,5707;0,5561
101521;E;ECOLOGÍA;101554;TTPSS;TEORÍAS Y TÉCNICAS PARA LA SOSTENIBILIDAD SOCIOAMBIENTAL;0;0;0,0628;0,6171;0,5543
101534;CA;CONTAMINACIÓN ATMOSFÉRICA;101537;GMF;GESTIÓN DEL MEDIO FÍSICO;0;0;0,0066;0,5603;0,5537
101520;FB;FUNDAMENTOS DE BIOLOGÍA;101528;FM;FUNDAMENTOS DE MATEMÁTICAS;0;0;0,0132;0,5668;0,5536
101529;EA;ECONOMÍA AMBIENTAL;101533;TAR;TRATAMIENTO DE AGUAS RESIDUALES;0;0;0,0223;0,5749;0,5526
101550;QAM;QUÍMICA ANALÍTICA MEDIOAMBIENTAL;101558;CCMC;CONTROL DE LA CONTAMINACIÓN MEDIANTE CATÁLISIS;0;0;0,0133;0,5652;0,5519
101521;E;ECOLOGÍA;101561;GRUI;GESTIÓN DE RESIDUOS URBANOS E INDUSTRIALES;0;0;0,0516;0,6021;0,5505
101531;ALA;ADMINISTRACIÓN Y LEGISLACIÓN AMBIENTAL;101534;CA;CONTAMINACIÓN ATMOSFÉRICA;0;0;0,1565;0,7018;0,5453
101531;ALA;ADMINISTRACIÓN Y LEGISLACIÓN AMBIENTAL;101541;EIAIPC;EVALUACIÓN DE IMPACTO AMBIENTAL: INSTRUMENTOS DE PREVENCIÓN Y CONTROL;0;0;0,0181;0,5588;0,5407
101520;FB;FUNDAMENTOS DE BIOLOGÍA;101550;QAM;QUÍMICA ANALÍTICA MEDIOAMBIENTAL;0;0;0,0757;0,6152;0,5395
101531;ALA;ADMINISTRACIÓN Y LEGISLACIÓN AMBIENTAL;660059;OGP;ORGANIZACIÓN Y GESTIÓN DE PROYECTOS;0;0;0,0454;0,5831;0,5377
101520;FB;FUNDAMENTOS DE BIOLOGÍA;101557;GCP;GESTIÓN DE CAZA Y PESCA;0;0;0,0619;0,5986;0,5367
101520;FB;FUNDAMENTOS DE BIOLOGÍA;101536;OTRN;ORDENACIÓN DEL TERRITORIO Y RIESGOS NATURALES;0;0;0,0650;0,6007;0,5357
101536;OTRN;ORDENACIÓN DEL TERRITORIO Y RIESGOS NATURALES;101561;GRUI;GESTIÓN DE RESIDUOS URBANOS E INDUSTRIALES;0;0;0,0120;0,5468;0,5348
101528;FM;FUNDAMENTOS DE MATEMÁTICAS;101554;TTPSS;TEORÍAS Y TÉCNICAS PARA LA SOSTENIBILIDAD SOCIOAMBIENTAL;0;0;0,0062;0,5395;0,5333
101538;FZPEMA;FUNDAMENTOS ZOOLÓGICOS PARA EL ESTUDIO DEL MEDIO AMBIENTE;101549;GE;GESTIÓN DE ECOSISTEMAS;0;0;0,0348;0,5668;0,5320
101548;TASP;TOXICOLOGÍA AMBIENTAL Y SALUD PÚBLICA;101554;TTPSS;TEORÍAS Y TÉCNICAS PARA LA SOSTENIBILIDAD SOCIOAMBIENTAL;0;0;0,0212;0,5532;0,5320
101538;FZPEMA;FUNDAMENTOS ZOOLÓGICOS PARA EL ESTUDIO DEL MEDIO AMBIENTE;660059;OGP;ORGANIZACIÓN Y GESTIÓN DE PROYECTOS;0;0;0,0138;0,5454;0,5316
101552;ADA;ANÁLISIS DE DATOS AMBIENTALES;101554;TTPSS;TEORÍAS Y TÉCNICAS PARA LA SOSTENIBILIDAD SOCIOAMBIENTAL;0;0;0,0076;0,5363;0,5287
101520;FB;FUNDAMENTOS DE BIOLOGÍA;660007;EDAF;EDAFOLOGÍA;0;0;0,0555;0,5832;0,5277
101532;BIA;BASES DE INGENIERIA AMBIENTAL;101561;GRUI;GESTIÓN DE RESIDUOS URBANOS E INDUSTRIALES;0;0;0,0327;0,5599;0,5272
101541;EIAIPC;EVALUACIÓN DE IMPACTO AMBIENTAL: INSTRUMENTOS DE PREVENCIÓN Y CONTROL;101549;GE;GESTIÓN DE ECOSISTEMAS;0;0;0,0317;0,5572;0,5255
101530;AHMA;ACTIVIDADES HUMANAS Y MEDIO AMBIENTE;101548;TASP;TOXICOLOGÍA AMBIENTAL Y SALUD PÚBLICA;0;0;0,0207;0,5435;0,5228
101542;SGAA;SISTEMAS DE GESTIÓN Y AUDITORÍAS AMBIENTALES;101548;TASP;TOXICOLOGÍA AMBIENTAL Y SALUD PÚBLICA;0;0;0,0334;0,5557;0,5223
101548;TASP;TOXICOLOGÍA AMBIENTAL Y SALUD PÚBLICA;101552;ADA;ANÁLISIS DE DATOS AMBIENTALES;0;0;0,0313;0,5536;0,5223
101534;CA;CONTAMINACIÓN ATMOSFÉRICA;660007;EDAF;EDAFOLOGÍA;0;0;0,0098;0,5319;0,5221
101545;EST;ESTADÍSTICA;101561;GRUI;GESTIÓN DE RESIDUOS URBANOS E INDUSTRIALES;0;0;0,0058;0,5250;0,5192
101535;CSPROAI;CONTAMINACIÓN DE LOS SUELOS POR RESIDUOS ORGÁNICOS, AGRÍCOLAS E INDUSTRIALES;101558;CCMC;CONTROL DE LA CONTAMINACIÓN MEDIANTE CATÁLISIS;0;0;0,0548;0,5730;0,5182
101528;FM;FUNDAMENTOS DE MATEMÁTICAS;101555;EV;ECOFISIOLOGÍA VEGETAL;0;0;0,0064;0,5218;0,5154
101532;BIA;BASES DE INGENIERIA AMBIENTAL;101537;GMF;GESTIÓN DEL MEDIO FÍSICO;0;0;0,0128;0,5277;0,5149
101554;TTPSS;TEORÍAS Y TÉCNICAS PARA LA SOSTENIBILIDAD SOCIOAMBIENTAL;101557;GCP;GESTIÓN DE CAZA Y PESCA;0;0;0,0431;0,5577;0,5146
101536;OTRN;ORDENACIÓN DEL TERRITORIO Y RIESGOS NATURALES;101537;GMF;GESTIÓN DEL MEDIO FÍSICO;0;1;0,0532;0,5673;0,5141
101533;TAR;TRATAMIENTO DE AGUAS RESIDUALES;101539;BBPGM;BASES BOTÁNICAS PARA LA GESTIÓN DEL MEDIOAMBIENTE;0;0;0,0202;0,5340;0,5138
101529;EA;ECONOMÍA AMBIENTAL;101563;FA;FISICOQUÍMICA DE AGUAS;0;0;0,0290;0,5426;0,5136
101535;CSPROAI;CONTAMINACIÓN DE LOS SUELOS POR RESIDUOS ORGÁNICOS, AGRÍCOLAS E INDUSTRIALES;101555;EV;ECOFISIOLOGÍA VEGETAL;0;0;0,0257;0,5386;0,5129
101539;BBPGM;BASES BOTÁNICAS PARA LA GESTIÓN DEL MEDIOAMBIENTE;101555;EV;ECOFISIOLOGÍA VEGETAL;0;0;0,0628;0,5741;0,5113
101521;E;ECOLOGÍA;101539;BBPGM;BASES BOTÁNICAS PARA LA GESTIÓN DEL MEDIOAMBIENTE;0;0;0,0603;0,5662;0,5059
101527;MC;METEOROLOGÍA Y CLIMATOLOGÍA;101543;SIG;SISTEMAS DE INFORMACIÓN GEOGRÁFICA;0;0;0,0545;0,5594;0,5049
101553;IGA;INTERACCIÓN DE GENES Y AMBIENTE;660059;OGP;ORGANIZACIÓN Y GESTIÓN DE PROYECTOS;0;0;0,0074;0,5119;0,5045
101530;AHMA;ACTIVIDADES HUMANAS Y MEDIO AMBIENTE;101531;ALA;ADMINISTRACIÓN Y LEGISLACIÓN AMBIENTAL;0;0;0,0630;0,5671;0,5041
101528;FM;FUNDAMENTOS DE MATEMÁTICAS;101547;CE;CALIDAD Y EMPRESA;0;0;0,0292;0,5317;0,5025
101554;TTPSS;TEORÍAS Y TÉCNICAS PARA LA SOSTENIBILIDAD SOCIOAMBIENTAL;101558;CCMC;CONTROL DE LA CONTAMINACIÓN MEDIANTE CATÁLISIS;0;0;0,0043;0,5047;0,5004
101539;BBPGM;BASES BOTÁNICAS PARA LA GESTIÓN DEL MEDIOAMBIENTE;101541;EIAIPC;EVALUACIÓN DE IMPACTO AMBIENTAL: INSTRUMENTOS DE PREVENCIÓN Y CONTROL;0;0;0,0166;0,5167;0,5001
101520;FB;FUNDAMENTOS DE BIOLOGÍA;660059;OGP;ORGANIZACIÓN Y GESTIÓN DE PROYECTOS;0;0;0,0197;0,5190;0,4993
101524;QA;QUÍMICA AMBIENTAL;101535;CSPROAI;CONTAMINACIÓN DE LOS SUELOS POR RESIDUOS ORGÁNICOS, AGRÍCOLAS E INDUSTRIALES;0;1;0,0849;0,5823;0,4974
101545;EST;ESTADÍSTICA;101547;CE;CALIDAD Y EMPRESA;0;0;0,0001;0,4936;0,4935
101520;FB;FUNDAMENTOS DE BIOLOGÍA;101549;GE;GESTIÓN DE ECOSISTEMAS;0;0;0,0156;0,5066;0,4910
101531;ALA;ADMINISTRACIÓN Y LEGISLACIÓN AMBIENTAL;101537;GMF;GESTIÓN DEL MEDIO FÍSICO;0;0;0,0083;0,4990;0,4907
101523;FQ;FUNDAMENTOS DE QUÍMICA;101529;EA;ECONOMÍA AMBIENTAL;0;0;0,0202;0,5097;0,4895
101537;GMF;GESTIÓN DEL MEDIO FÍSICO;101545;EST;ESTADÍSTICA;0;0;0,0000;0,4877;0,4877
101529;EA;ECONOMÍA AMBIENTAL;101550;QAM;QUÍMICA ANALÍTICA MEDIOAMBIENTAL;0;0;0,0097;0,4961;0,4864
101547;CE;CALIDAD Y EMPRESA;101548;TASP;TOXICOLOGÍA AMBIENTAL Y SALUD PÚBLICA;0;0;0,0450;0,5290;0,4840
101533;TAR;TRATAMIENTO DE AGUAS RESIDUALES;101552;ADA;ANÁLISIS DE DATOS AMBIENTALES;0;0;0,0000;0,4838;0,4838
101541;EIAIPC;EVALUACIÓN DE IMPACTO AMBIENTAL: INSTRUMENTOS DE PREVENCIÓN Y CONTROL;101553;IGA;INTERACCIÓN DE GENES Y AMBIENTE;0;0;0,0067;0,4904;0,4837
101544;CA;CARTOGRAFÍA APLICADA;101545;EST;ESTADÍSTICA;0;0;0,0206;0,5036;0,4830
101542;SGAA;SISTEMAS DE GESTIÓN Y AUDITORÍAS AMBIENTALES;101546;EA;EDUCACIÓN AMBIENTAL;0;0;0,0634;0,5452;0,4818
101541;EIAIPC;EVALUACIÓN DE IMPACTO AMBIENTAL: INSTRUMENTOS DE PREVENCIÓN Y CONTROL;101548;TASP;TOXICOLOGÍA AMBIENTAL Y SALUD PÚBLICA;0;0;0,0476;0,5290;0,4814
101528;FM;FUNDAMENTOS DE MATEMÁTICAS;101537;GMF;GESTIÓN DEL MEDIO FÍSICO;0;0;0,0311;0,5107;0,4796
101561;GRUI;GESTIÓN DE RESIDUOS URBANOS E INDUSTRIALES;660006;GEO;GEOLOGÍA;0;0;0,0084;0,4874;0,4790
101527;MC;METEOROLOGÍA Y CLIMATOLOGÍA;101530;AHMA;ACTIVIDADES HUMANAS Y MEDIO AMBIENTE;0;0;0,0182;0,4934;0,4752
101531;ALA;ADMINISTRACIÓN Y LEGISLACIÓN AMBIENTAL;101552;ADA;ANÁLISIS DE DATOS AMBIENTALES;0;0;0,0169;0,4920;0,4751
101548;TASP;TOXICOLOGÍA AMBIENTAL Y SALUD PÚBLICA;660059;OGP;ORGANIZACIÓN Y GESTIÓN DE PROYECTOS;0;0;0,0214;0,4952;0,4738
101528;FM;FUNDAMENTOS DE MATEMÁTICAS;101549;GE;GESTIÓN DE ECOSISTEMAS;0;0;0,0224;0,4928;0,4704
101561;GRUI;GESTIÓN DE RESIDUOS URBANOS E INDUSTRIALES;660007;EDAF;EDAFOLOGÍA;0;0;0,0038;0,4727;0,4689
101531;ALA;ADMINISTRACIÓN Y LEGISLACIÓN AMBIENTAL;101565;TPEU;TECNICAS PARA LA EVALUACIÓN URBANA;0;0;0,1898;0,6570;0,4672
101528;FM;FUNDAMENTOS DE MATEMÁTICAS;101533;TAR;TRATAMIENTO DE AGUAS RESIDUALES;0;0;0,0043;0,4713;0,4670
101526;FF;FUNDAMENTOS DE FÍSICA;101561;GRUI;GESTIÓN DE RESIDUOS URBANOS E INDUSTRIALES;0;0;0,0009;0,4663;0,4654
101543;SIG;SISTEMAS DE INFORMACIÓN GEOGRÁFICA;101561;GRUI;GESTIÓN DE RESIDUOS URBANOS E INDUSTRIALES;0;0;0,0093;0,4714;0,4621
101548;TASP;TOXICOLOGÍA AMBIENTAL Y SALUD PÚBLICA;101549;GE;GESTIÓN DE ECOSISTEMAS;0;0;0,0360;0,4975;0,4615
101557;GCP;GESTIÓN DE CAZA Y PESCA;101561;GRUI;GESTIÓN DE RESIDUOS URBANOS E INDUSTRIALES;0;0;0,0304;0,4899;0,4595
101524;QA;QUÍMICA AMBIENTAL;101529;EA;ECONOMÍA AMBIENTAL;0;0;0,0045;0,4628;0,4583
101521;E;ECOLOGÍA;101530;AHMA;ACTIVIDADES HUMANAS Y MEDIO AMBIENTE;0;0;0,0428;0,5007;0,4579
101526;FF;FUNDAMENTOS DE FÍSICA;101534;CA;CONTAMINACIÓN ATMOSFÉRICA;0;0;0,0090;0,4668;0,4578
101552;ADA;ANÁLISIS DE DATOS AMBIENTALES;101555;EV;ECOFISIOLOGÍA VEGETAL;0;0;0,0029;0,4606;0,4577
101539;BBPGM;BASES BOTÁNICAS PARA LA GESTIÓN DEL MEDIOAMBIENTE;101563;FA;FISICOQUÍMICA DE AGUAS;0;0;0,0107;0,4656;0,4549
101552;ADA;ANÁLISIS DE DATOS AMBIENTALES;101563;FA;FISICOQUÍMICA DE AGUAS;0;0;0,0049;0,4597;0,4548
101542;SGAA;SISTEMAS DE GESTIÓN Y AUDITORÍAS AMBIENTALES;101545;EST;ESTADÍSTICA;0;0;0,0002;0,4545;0,4543
101538;FZPEMA;FUNDAMENTOS ZOOLÓGICOS PARA EL ESTUDIO DEL MEDIO AMBIENTE;101541;EIAIPC;EVALUACIÓN DE IMPACTO AMBIENTAL: INSTRUMENTOS DE PREVENCIÓN Y CONTROL;0;0;0,0365;0,4892;0,4527
101543;SIG;SISTEMAS DE INFORMACIÓN GEOGRÁFICA;101558;CCMC;CONTROL DE LA CONTAMINACIÓN MEDIANTE CATÁLISIS;0;0;0,0080;0,4592;0,4512
101536;OTRN;ORDENACIÓN DEL TERRITORIO Y RIESGOS NATURALES;101560;PTU;PLANEAMIENTO TERRITORIAL Y URBANO;0;0;0,3195;0,7694;0,4499
101547;CE;CALIDAD Y EMPRESA;101552;ADA;ANÁLISIS DE DATOS AMBIENTALES;0;0;0,0080;0,4577;0,4497
101534;CA;CONTAMINACIÓN ATMOSFÉRICA;101558;CCMC;CONTROL DE LA CONTAMINACIÓN MEDIANTE CATÁLISIS;0;0;0,1016;0,5493;0,4477
101530;AHMA;ACTIVIDADES HUMANAS Y MEDIO AMBIENTE;101557;GCP;GESTIÓN DE CAZA Y PESCA;0;0;0,0284;0,4761;0,4477
101528;FM;FUNDAMENTOS DE MATEMÁTICAS;101550;QAM;QUÍMICA ANALÍTICA MEDIOAMBIENTAL;0;0;0,0026;0,4502;0,4476
101543;SIG;SISTEMAS DE INFORMACIÓN GEOGRÁFICA;101549;GE;GESTIÓN DE ECOSISTEMAS;0;1;0,0207;0,4674;0,4467
101530;AHMA;ACTIVIDADES HUMANAS Y MEDIO AMBIENTE;101532;BIA;BASES DE INGENIERIA AMBIENTAL;0;0;0,0280;0,4746;0,4466
101526;FF;FUNDAMENTOS DE FÍSICA;101537;GMF;GESTIÓN DEL MEDIO FÍSICO;0;0;0,0044;0,4504;0,4460
101538;FZPEMA;FUNDAMENTOS ZOOLÓGICOS PARA EL ESTUDIO DEL MEDIO AMBIENTE;101539;BBPGM;BASES BOTÁNICAS PARA LA GESTIÓN DEL MEDIOAMBIENTE;0;0;0,1117;0,5519;0,4402
101547;CE;CALIDAD Y EMPRESA;101560;PTU;PLANEAMIENTO TERRITORIAL Y URBANO;0;0;0,0380;0,4764;0,4384
101536;OTRN;ORDENACIÓN DEL TERRITORIO Y RIESGOS NATURALES;101549;GE;GESTIÓN DE ECOSISTEMAS;0;0;0,0168;0,4532;0,4364
101555;EV;ECOFISIOLOGÍA VEGETAL;101561;GRUI;GESTIÓN DE RESIDUOS URBANOS E INDUSTRIALES;0;0;0,0080;0,4442;0,4362
101547;CE;CALIDAD Y EMPRESA;101558;CCMC;CONTROL DE LA CONTAMINACIÓN MEDIANTE CATÁLISIS;0;0;0,0195;0,4553;0,4358
101530;AHMA;ACTIVIDADES HUMANAS Y MEDIO AMBIENTE;101545;EST;ESTADÍSTICA;0;0;0,0055;0,4394;0,4339
101528;FM;FUNDAMENTOS DE MATEMÁTICAS;101542;SGAA;SISTEMAS DE GESTIÓN Y AUDITORÍAS AMBIENTALES;0;0;0,0099;0,4435;0,4336
101520;FB;FUNDAMENTOS DE BIOLOGÍA;101541;EIAIPC;EVALUACIÓN DE IMPACTO AMBIENTAL: INSTRUMENTOS DE PREVENCIÓN Y CONTROL;0;0;0,0487;0,4799;0,4312
101549;GE;GESTIÓN DE ECOSISTEMAS;101552;ADA;ANÁLISIS DE DATOS AMBIENTALES;0;0;0,0086;0,4398;0,4312
101528;FM;FUNDAMENTOS DE MATEMÁTICAS;101563;FA;FISICOQUÍMICA DE AGUAS;0;0;0,0168;0,4474;0,4306
101521;E;ECOLOGÍA;101543;SIG;SISTEMAS DE INFORMACIÓN GEOGRÁFICA;1;0;0,0949;0,5250;0,4301
101536;OTRN;ORDENACIÓN DEL TERRITORIO Y RIESGOS NATURALES;101539;BBPGM;BASES BOTÁNICAS PARA LA GESTIÓN DEL MEDIOAMBIENTE;0;0;0,0483;0,4775;0,4292
101530;AHMA;ACTIVIDADES HUMANAS Y MEDIO AMBIENTE;101565;TPEU;TECNICAS PARA LA EVALUACIÓN URBANA;0;0;0,0340;0,4618;0,4278
101527;MC;METEOROLOGÍA Y CLIMATOLOGÍA;101531;ALA;ADMINISTRACIÓN Y LEGISLACIÓN AMBIENTAL;0;0;0,0139;0,4415;0,4276
101550;QAM;QUÍMICA ANALÍTICA MEDIOAMBIENTAL;101552;ADA;ANÁLISIS DE DATOS AMBIENTALES;0;0;0,0155;0,4425;0,4270
101541;EIAIPC;EVALUACIÓN DE IMPACTO AMBIENTAL: INSTRUMENTOS DE PREVENCIÓN Y CONTROL;101546;EA;EDUCACIÓN AMBIENTAL;0;0;0,0620;0,4887;0,4267
101537;GMF;GESTIÓN DEL MEDIO FÍSICO;101551;CNRAP;CONSERVACIÓN DE LA NATURALEZA:RESTAURACIÓN Y REHABILITACIÓN AMBIENTAL. PAISAJISMO;0;0;0,0668;0,4906;0,4238
101544;CA;CARTOGRAFÍA APLICADA;101552;ADA;ANÁLISIS DE DATOS AMBIENTALES;0;0;0,0197;0,4420;0,4223
101535;CSPROAI;CONTAMINACIÓN DE LOS SUELOS POR RESIDUOS ORGÁNICOS, AGRÍCOLAS E INDUSTRIALES;101548;TASP;TOXICOLOGÍA AMBIENTAL Y SALUD PÚBLICA;0;0;0,0817;0,5028;0,4211
101545;EST;ESTADÍSTICA;101554;TTPSS;TEORÍAS Y TÉCNICAS PARA LA SOSTENIBILIDAD SOCIOAMBIENTAL;0;0;0,0000;0,4205;0,4205
101549;GE;GESTIÓN DE ECOSISTEMAS;101557;GCP;GESTIÓN DE CAZA Y PESCA;0;0;0,0983;0,5181;0,4198
101532;BIA;BASES DE INGENIERIA AMBIENTAL;101541;EIAIPC;EVALUACIÓN DE IMPACTO AMBIENTAL: INSTRUMENTOS DE PREVENCIÓN Y CONTROL;0;0;0,0172;0,4367;0,4195
101521;E;ECOLOGÍA;101528;FM;FUNDAMENTOS DE MATEMÁTICAS;0;0;0,0222;0,4414;0,4192
101542;SGAA;SISTEMAS DE GESTIÓN Y AUDITORÍAS AMBIENTALES;101558;CCMC;CONTROL DE LA CONTAMINACIÓN MEDIANTE CATÁLISIS;0;0;0,0051;0,4228;0,4177
101540;GEE;GESTIÓN ENERGÉTICA Y ECOEFICIENCIA;101561;GRUI;GESTIÓN DE RESIDUOS URBANOS E INDUSTRIALES;0;0;0,0222;0,4394;0,4172
101543;SIG;SISTEMAS DE INFORMACIÓN GEOGRÁFICA;101547;CE;CALIDAD Y EMPRESA;0;0;0,0282;0,4444;0,4162
101531;ALA;ADMINISTRACIÓN Y LEGISLACIÓN AMBIENTAL;101561;GRUI;GESTIÓN DE RESIDUOS URBANOS E INDUSTRIALES;0;0;0,0070;0,4226;0,4156
101524;QA;QUÍMICA AMBIENTAL;101539;BBPGM;BASES BOTÁNICAS PARA LA GESTIÓN DEL MEDIOAMBIENTE;0;0;0,0069;0,4213;0,4144
660006;GEO;GEOLOGÍA;660007;EDAF;EDAFOLOGÍA;0;0;0,0831;0,4953;0,4122
101523;FQ;FUNDAMENTOS DE QUÍMICA;101528;FM;FUNDAMENTOS DE MATEMÁTICAS;0;0;0,0160;0,4270;0,4110
101523;FQ;FUNDAMENTOS DE QUÍMICA;101552;ADA;ANÁLISIS DE DATOS AMBIENTALES;0;0;0,0099;0,4204;0,4105
101532;BIA;BASES DE INGENIERIA AMBIENTAL;101554;TTPSS;TEORÍAS Y TÉCNICAS PARA LA SOSTENIBILIDAD SOCIOAMBIENTAL;0;0;0,0074;0,4166;0,4092
101558;CCMC;CONTROL DE LA CONTAMINACIÓN MEDIANTE CATÁLISIS;660059;OGP;ORGANIZACIÓN Y GESTIÓN DE PROYECTOS;0;0;0,0107;0,4197;0,4090
101527;MC;METEOROLOGÍA Y CLIMATOLOGÍA;101554;TTPSS;TEORÍAS Y TÉCNICAS PARA LA SOSTENIBILIDAD SOCIOAMBIENTAL;0;0;0,0071;0,4149;0,4078
101527;MC;METEOROLOGÍA Y CLIMATOLOGÍA;101551;CNRAP;CONSERVACIÓN DE LA NATURALEZA:RESTAURACIÓN Y REHABILITACIÓN AMBIENTAL. PAISAJISMO;0;0;0,0423;0,4498;0,4075
101530;AHMA;ACTIVIDADES HUMANAS Y MEDIO AMBIENTE;101543;SIG;SISTEMAS DE INFORMACIÓN GEOGRÁFICA;0;0;0,0228;0,4293;0,4065
101524;QA;QUÍMICA AMBIENTAL;101552;ADA;ANÁLISIS DE DATOS AMBIENTALES;0;0;0,0015;0,4072;0,4057
101528;FM;FUNDAMENTOS DE MATEMÁTICAS;660006;GEO;GEOLOGÍA;0;0;0,0140;0,4147;0,4007
101528;FM;FUNDAMENTOS DE MATEMÁTICAS;101541;EIAIPC;EVALUACIÓN DE IMPACTO AMBIENTAL: INSTRUMENTOS DE PREVENCIÓN Y CONTROL;0;0;0,0032;0,4037;0,4005
101548;TASP;TOXICOLOGÍA AMBIENTAL Y SALUD PÚBLICA;101553;IGA;INTERACCIÓN DE GENES Y AMBIENTE;0;0;0,0102;0,4091;0,3989
101524;QA;QUÍMICA AMBIENTAL;101528;FM;FUNDAMENTOS DE MATEMÁTICAS;0;0;0,0090;0,4071;0,3981
101539;BBPGM;BASES BOTÁNICAS PARA LA GESTIÓN DEL MEDIOAMBIENTE;660006;GEO;GEOLOGÍA;0;0;0,0148;0,4127;0,3979
101532;BIA;BASES DE INGENIERIA AMBIENTAL;660059;OGP;ORGANIZACIÓN Y GESTIÓN DE PROYECTOS;0;0;0,0233;0,4202;0,3969
101554;TTPSS;TEORÍAS Y TÉCNICAS PARA LA SOSTENIBILIDAD SOCIOAMBIENTAL;101560;PTU;PLANEAMIENTO TERRITORIAL Y URBANO;0;0;0,0206;0,4167;0,3961
101542;SGAA;SISTEMAS DE GESTIÓN Y AUDITORÍAS AMBIENTALES;101560;PTU;PLANEAMIENTO TERRITORIAL Y URBANO;0;0;0,0483;0,4421;0,3938
101537;GMF;GESTIÓN DEL MEDIO FÍSICO;101540;GEE;GESTIÓN ENERGÉTICA Y ECOEFICIENCIA;0;0;0,0076;0,4012;0,3936
101532;BIA;BASES DE INGENIERIA AMBIENTAL;101542;SGAA;SISTEMAS DE GESTIÓN Y AUDITORÍAS AMBIENTALES;0;0;0,0161;0,4092;0,3931
101538;FZPEMA;FUNDAMENTOS ZOOLÓGICOS PARA EL ESTUDIO DEL MEDIO AMBIENTE;101560;PTU;PLANEAMIENTO TERRITORIAL Y URBANO;0;0;0,0307;0,4221;0,3914
101526;FF;FUNDAMENTOS DE FÍSICA;660006;GEO;GEOLOGÍA;0;0;0,0102;0,4006;0,3904
101528;FM;FUNDAMENTOS DE MATEMÁTICAS;660059;OGP;ORGANIZACIÓN Y GESTIÓN DE PROYECTOS;0;0;0,0106;0,4007;0,3901
101521;E;ECOLOGÍA;101547;CE;CALIDAD Y EMPRESA;0;0;0,0671;0,4556;0,3885
101557;GCP;GESTIÓN DE CAZA Y PESCA;660059;OGP;ORGANIZACIÓN Y GESTIÓN DE PROYECTOS;0;0;0,0343;0,4213;0,3870
101539;BBPGM;BASES BOTÁNICAS PARA LA GESTIÓN DEL MEDIOAMBIENTE;101557;GCP;GESTIÓN DE CAZA Y PESCA;0;0;0,0171;0,3995;0,3824
101541;EIAIPC;EVALUACIÓN DE IMPACTO AMBIENTAL: INSTRUMENTOS DE PREVENCIÓN Y CONTROL;101558;CCMC;CONTROL DE LA CONTAMINACIÓN MEDIANTE CATÁLISIS;0;0;0,0403;0,4205;0,3802
101523;FQ;FUNDAMENTOS DE QUÍMICA;101539;BBPGM;BASES BOTÁNICAS PARA LA GESTIÓN DEL MEDIOAMBIENTE;0;0;0,0101;0,3899;0,3798
101532;BIA;BASES DE INGENIERIA AMBIENTAL;101534;CA;CONTAMINACIÓN ATMOSFÉRICA;0;0;0,0531;0,4326;0,3795
101531;ALA;ADMINISTRACIÓN Y LEGISLACIÓN AMBIENTAL;101558;CCMC;CONTROL DE LA CONTAMINACIÓN MEDIANTE CATÁLISIS;0;0;0,0389;0,4155;0,3766
101543;SIG;SISTEMAS DE INFORMACIÓN GEOGRÁFICA;101554;TTPSS;TEORÍAS Y TÉCNICAS PARA LA SOSTENIBILIDAD SOCIOAMBIENTAL;0;0;0,0072;0,3837;0,3765
101542;SGAA;SISTEMAS DE GESTIÓN Y AUDITORÍAS AMBIENTALES;101552;ADA;ANÁLISIS DE DATOS AMBIENTALES;0;0;0,0039;0,3790;0,3751
101553;IGA;INTERACCIÓN DE GENES Y AMBIENTE;101558;CCMC;CONTROL DE LA CONTAMINACIÓN MEDIANTE CATÁLISIS;0;0;0,0068;0,3808;0,3740
101539;BBPGM;BASES BOTÁNICAS PARA LA GESTIÓN DEL MEDIOAMBIENTE;101550;QAM;QUÍMICA ANALÍTICA MEDIOAMBIENTAL;0;0;0,0240;0,3939;0,3699
101532;BIA;BASES DE INGENIERIA AMBIENTAL;660006;GEO;GEOLOGÍA;0;0;0,0099;0,3784;0,3685
101531;ALA;ADMINISTRACIÓN Y LEGISLACIÓN AMBIENTAL;101536;OTRN;ORDENACIÓN DEL TERRITORIO Y RIESGOS NATURALES;0;0;0,0183;0,3791;0,3608
101538;FZPEMA;FUNDAMENTOS ZOOLÓGICOS PARA EL ESTUDIO DEL MEDIO AMBIENTE;101558;CCMC;CONTROL DE LA CONTAMINACIÓN MEDIANTE CATÁLISIS;0;0;0,0089;0,3690;0,3601
101545;EST;ESTADÍSTICA;101549;GE;GESTIÓN DE ECOSISTEMAS;0;0;0,0020;0,3599;0,3579
101549;GE;GESTIÓN DE ECOSISTEMAS;101558;CCMC;CONTROL DE LA CONTAMINACIÓN MEDIANTE CATÁLISIS;0;0;0,0172;0,3742;0,3570
101534;CA;CONTAMINACIÓN ATMOSFÉRICA;101561;GRUI;GESTIÓN DE RESIDUOS URBANOS E INDUSTRIALES;0;0;0,0303;0,3852;0,3549
101536;OTRN;ORDENACIÓN DEL TERRITORIO Y RIESGOS NATURALES;101558;CCMC;CONTROL DE LA CONTAMINACIÓN MEDIANTE CATÁLISIS;0;0;0,0020;0,3563;0,3543
101522;MICRO;MICROBIOLOGÍA;101539;BBPGM;BASES BOTÁNICAS PARA LA GESTIÓN DEL MEDIOAMBIENTE;0;0;0,0634;0,4167;0,3533
101532;BIA;BASES DE INGENIERIA AMBIENTAL;101547;CE;CALIDAD Y EMPRESA;0;0;0,0180;0,3703;0,3523
101530;AHMA;ACTIVIDADES HUMANAS Y MEDIO AMBIENTE;660006;GEO;GEOLOGÍA;0;0;0,0213;0,3732;0,3519
101533;TAR;TRATAMIENTO DE AGUAS RESIDUALES;101537;GMF;GESTIÓN DEL MEDIO FÍSICO;0;0;0,0056;0,3563;0,3507
101546;EA;EDUCACIÓN AMBIENTAL;101554;TTPSS;TEORÍAS Y TÉCNICAS PARA LA SOSTENIBILIDAD SOCIOAMBIENTAL;0;0;0,0369;0,3855;0,3486
101540;GEE;GESTIÓN ENERGÉTICA Y ECOEFICIENCIA;101543;SIG;SISTEMAS DE INFORMACIÓN GEOGRÁFICA;0;0;0,0165;0,3651;0,3486
101551;CNRAP;CONSERVACIÓN DE LA NATURALEZA:RESTAURACIÓN Y REHABILITACIÓN AMBIENTAL. PAISAJISMO;101558;CCMC;CONTROL DE LA CONTAMINACIÓN MEDIANTE CATÁLISIS;0;0;0,0145;0,3620;0,3475
101529;EA;ECONOMÍA AMBIENTAL;101553;IGA;INTERACCIÓN DE GENES Y AMBIENTE;0;0;0,0085;0,3549;0,3464
101538;FZPEMA;FUNDAMENTOS ZOOLÓGICOS PARA EL ESTUDIO DEL MEDIO AMBIENTE;101545;EST;ESTADÍSTICA;0;0;0,0032;0,3482;0,3450
101532;BIA;BASES DE INGENIERIA AMBIENTAL;101543;SIG;SISTEMAS DE INFORMACIÓN GEOGRÁFICA;0;0;0,0130;0,3537;0,3407
101527;MC;METEOROLOGÍA Y CLIMATOLOGÍA;101547;CE;CALIDAD Y EMPRESA;0;0;0,0130;0,3532;0,3402
101537;GMF;GESTIÓN DEL MEDIO FÍSICO;660007;EDAF;EDAFOLOGÍA;0;1;0,0877;0,4278;0,3401
101527;MC;METEOROLOGÍA Y CLIMATOLOGÍA;660059;OGP;ORGANIZACIÓN Y GESTIÓN DE PROYECTOS;0;0;0,0204;0,3603;0,3399
101538;FZPEMA;FUNDAMENTOS ZOOLÓGICOS PARA EL ESTUDIO DEL MEDIO AMBIENTE;101548;TASP;TOXICOLOGÍA AMBIENTAL Y SALUD PÚBLICA;0;0;0,0292;0,3680;0,3388
101531;ALA;ADMINISTRACIÓN Y LEGISLACIÓN AMBIENTAL;101554;TTPSS;TEORÍAS Y TÉCNICAS PARA LA SOSTENIBILIDAD SOCIOAMBIENTAL;0;0;0,0241;0,3621;0,3380
101530;AHMA;ACTIVIDADES HUMANAS Y MEDIO AMBIENTE;660007;EDAF;EDAFOLOGÍA;0;0;0,0098;0,3471;0,3373
101534;CA;CONTAMINACIÓN ATMOSFÉRICA;101540;GEE;GESTIÓN ENERGÉTICA Y ECOEFICIENCIA;0;1;0,0501;0,3844;0,3343
101560;PTU;PLANEAMIENTO TERRITORIAL Y URBANO;101561;GRUI;GESTIÓN DE RESIDUOS URBANOS E INDUSTRIALES;0;0;0,0390;0,3723;0,3333
101526;FF;FUNDAMENTOS DE FÍSICA;101530;AHMA;ACTIVIDADES HUMANAS Y MEDIO AMBIENTE;0;0;0,0140;0,3472;0,3332
101536;OTRN;ORDENACIÓN DEL TERRITORIO Y RIESGOS NATURALES;101545;EST;ESTADÍSTICA;0;0;0,0069;0,3401;0,3332
101541;EIAIPC;EVALUACIÓN DE IMPACTO AMBIENTAL: INSTRUMENTOS DE PREVENCIÓN Y CONTROL;101557;GCP;GESTIÓN DE CAZA Y PESCA;0;0;0,0397;0,3703;0,3306
101541;EIAIPC;EVALUACIÓN DE IMPACTO AMBIENTAL: INSTRUMENTOS DE PREVENCIÓN Y CONTROL;101545;EST;ESTADÍSTICA;0;0;0,0128;0,3430;0,3302
101556;BA;BIOTECNOLOGÍA AMBIENTAL;101558;CCMC;CONTROL DE LA CONTAMINACIÓN MEDIANTE CATÁLISIS;0;0;0,0473;0,3755;0,3282
101545;EST;ESTADÍSTICA;660059;OGP;ORGANIZACIÓN Y GESTIÓN DE PROYECTOS;0;0;0,0026;0,3291;0,3265
101543;SIG;SISTEMAS DE INFORMACIÓN GEOGRÁFICA;660007;EDAF;EDAFOLOGÍA;0;0;0,0165;0,3424;0,3259
101537;GMF;GESTIÓN DEL MEDIO FÍSICO;101555;EV;ECOFISIOLOGÍA VEGETAL;0;0;0,0153;0,3403;0,3250
101545;EST;ESTADÍSTICA;660006;GEO;GEOLOGÍA;0;0;0,0000;0,3241;0,3241
101527;MC;METEOROLOGÍA Y CLIMATOLOGÍA;101541;EIAIPC;EVALUACIÓN DE IMPACTO AMBIENTAL: INSTRUMENTOS DE PREVENCIÓN Y CONTROL;0;0;0,0285;0,3510;0,3225
101552;ADA;ANÁLISIS DE DATOS AMBIENTALES;660059;OGP;ORGANIZACIÓN Y GESTIÓN DE PROYECTOS;0;0;0,0056;0,3266;0,3210
101526;FF;FUNDAMENTOS DE FÍSICA;101554;TTPSS;TEORÍAS Y TÉCNICAS PARA LA SOSTENIBILIDAD SOCIOAMBIENTAL;0;0;0,0026;0,3223;0,3197
101526;FF;FUNDAMENTOS DE FÍSICA;101543;SIG;SISTEMAS DE INFORMACIÓN GEOGRÁFICA;0;0;0,0108;0,3292;0,3184
101527;MC;METEOROLOGÍA Y CLIMATOLOGÍA;101542;SGAA;SISTEMAS DE GESTIÓN Y AUDITORÍAS AMBIENTALES;0;0;0,0150;0,3312;0,3162
101521;E;ECOLOGÍA;660059;OGP;ORGANIZACIÓN Y GESTIÓN DE PROYECTOS;0;0;0,0358;0,3519;0,3161
101540;GEE;GESTIÓN ENERGÉTICA Y ECOEFICIENCIA;660006;GEO;GEOLOGÍA;0;0;0,0053;0,3207;0,3154
101528;FM;FUNDAMENTOS DE MATEMÁTICAS;101536;OTRN;ORDENACIÓN DEL TERRITORIO Y RIESGOS NATURALES;0;0;0,0085;0,3231;0,3146
101554;TTPSS;TEORÍAS Y TÉCNICAS PARA LA SOSTENIBILIDAD SOCIOAMBIENTAL;660006;GEO;GEOLOGÍA;0;0;0,0131;0,3276;0,3145
101545;EST;ESTADÍSTICA;101552;ADA;ANÁLISIS DE DATOS AMBIENTALES;0;1;0,4622;0,7762;0,3140
101521;E;ECOLOGÍA;101552;ADA;ANÁLISIS DE DATOS AMBIENTALES;0;0;0,0210;0,3347;0,3137
101521;E;ECOLOGÍA;101537;GMF;GESTIÓN DEL MEDIO FÍSICO;0;0;0,0459;0,3585;0,3126
101537;GMF;GESTIÓN DEL MEDIO FÍSICO;101546;EA;EDUCACIÓN AMBIENTAL;0;0;0,0406;0,3509;0,3103
101543;SIG;SISTEMAS DE INFORMACIÓN GEOGRÁFICA;101548;TASP;TOXICOLOGÍA AMBIENTAL Y SALUD PÚBLICA;0;0;0,0249;0,3344;0,3095
101541;EIAIPC;EVALUACIÓN DE IMPACTO AMBIENTAL: INSTRUMENTOS DE PREVENCIÓN Y CONTROL;101552;ADA;ANÁLISIS DE DATOS AMBIENTALES;0;0;0,0066;0,3157;0,3091
101526;FF;FUNDAMENTOS DE FÍSICA;101541;EIAIPC;EVALUACIÓN DE IMPACTO AMBIENTAL: INSTRUMENTOS DE PREVENCIÓN Y CONTROL;0;0;0,0016;0,3101;0,3085
101545;EST;ESTADÍSTICA;101553;IGA;INTERACCIÓN DE GENES Y AMBIENTE;0;0;0,0321;0,3401;0,3080
101524;QA;QUÍMICA AMBIENTAL;101561;GRUI;GESTIÓN DE RESIDUOS URBANOS E INDUSTRIALES;0;0;0,0042;0,3107;0,3065
101531;ALA;ADMINISTRACIÓN Y LEGISLACIÓN AMBIENTAL;660007;EDAF;EDAFOLOGÍA;0;0;0,0068;0,3128;0,3060
101536;OTRN;ORDENACIÓN DEL TERRITORIO Y RIESGOS NATURALES;101565;TPEU;TECNICAS PARA LA EVALUACIÓN URBANA;0;1;0,1471;0,4518;0,3047
101558;CCMC;CONTROL DE LA CONTAMINACIÓN MEDIANTE CATÁLISIS;101559;CPMP;CONTAMINACIÓN POR METALES PESADOS;0;0;0,0270;0,3312;0,3042
101530;AHMA;ACTIVIDADES HUMANAS Y MEDIO AMBIENTE;101540;GEE;GESTIÓN ENERGÉTICA Y ECOEFICIENCIA;0;0;0,0219;0,3253;0,3034
101538;FZPEMA;FUNDAMENTOS ZOOLÓGICOS PARA EL ESTUDIO DEL MEDIO AMBIENTE;101552;ADA;ANÁLISIS DE DATOS AMBIENTALES;0;0;0,0060;0,3073;0,3013
101526;FF;FUNDAMENTOS DE FÍSICA;660059;OGP;ORGANIZACIÓN Y GESTIÓN DE PROYECTOS;0;0;0,0026;0,3001;0,2975
101532;BIA;BASES DE INGENIERIA AMBIENTAL;101549;GE;GESTIÓN DE ECOSISTEMAS;0;0;0,0352;0,3317;0,2965
101524;QA;QUÍMICA AMBIENTAL;101537;GMF;GESTIÓN DEL MEDIO FÍSICO;0;0;0,0078;0,3034;0,2956
101540;GEE;GESTIÓN ENERGÉTICA Y ECOEFICIENCIA;101554;TTPSS;TEORÍAS Y TÉCNICAS PARA LA SOSTENIBILIDAD SOCIOAMBIENTAL;0;0;0,0057;0,3013;0,2956
101554;TTPSS;TEORÍAS Y TÉCNICAS PARA LA SOSTENIBILIDAD SOCIOAMBIENTAL;660007;EDAF;EDAFOLOGÍA;0;0;0,0027;0,2983;0,2956
101536;OTRN;ORDENACIÓN DEL TERRITORIO Y RIESGOS NATURALES;101552;ADA;ANÁLISIS DE DATOS AMBIENTALES;0;0;0,0069;0,2995;0,2926
101521;E;ECOLOGÍA;101542;SGAA;SISTEMAS DE GESTIÓN Y AUDITORÍAS AMBIENTALES;0;0;0,0428;0,3346;0,2918
101520;FB;FUNDAMENTOS DE BIOLOGÍA;660006;GEO;GEOLOGÍA;0;0;0,0183;0,3082;0,2899
101540;GEE;GESTIÓN ENERGÉTICA Y ECOEFICIENCIA;101549;GE;GESTIÓN DE ECOSISTEMAS;0;0;0,0036;0,2934;0,2898
101520;FB;FUNDAMENTOS DE BIOLOGÍA;101543;SIG;SISTEMAS DE INFORMACIÓN GEOGRÁFICA;0;0;0,0201;0,3076;0,2875
101553;IGA;INTERACCIÓN DE GENES Y AMBIENTE;101560;PTU;PLANEAMIENTO TERRITORIAL Y URBANO;0;0;0,0091;0,2965;0,2874
101540;GEE;GESTIÓN ENERGÉTICA Y ECOEFICIENCIA;660059;OGP;ORGANIZACIÓN Y GESTIÓN DE PROYECTOS;0;0;0,0075;0,2947;0,2872
101530;AHMA;ACTIVIDADES HUMANAS Y MEDIO AMBIENTE;101555;EV;ECOFISIOLOGÍA VEGETAL;0;0;0,0429;0,3291;0,2862
101533;TAR;TRATAMIENTO DE AGUAS RESIDUALES;101561;GRUI;GESTIÓN DE RESIDUOS URBANOS E INDUSTRIALES;0;0;0,0676;0,3534;0,2858
101561;GRUI;GESTIÓN DE RESIDUOS URBANOS E INDUSTRIALES;101563;FA;FISICOQUÍMICA DE AGUAS;0;0;0,0110;0,2966;0,2856
101527;MC;METEOROLOGÍA Y CLIMATOLOGÍA;101549;GE;GESTIÓN DE ECOSISTEMAS;0;0;0,0277;0,3132;0,2855
101535;CSPROAI;CONTAMINACIÓN DE LOS SUELOS POR RESIDUOS ORGÁNICOS, AGRÍCOLAS E INDUSTRIALES;660007;EDAF;EDAFOLOGÍA;0;1;0,1274;0,4121;0,2847
101529;EA;ECONOMÍA AMBIENTAL;101538;FZPEMA;FUNDAMENTOS ZOOLÓGICOS PARA EL ESTUDIO DEL MEDIO AMBIENTE;0;0;0,0077;0,2907;0,2830
101536;OTRN;ORDENACIÓN DEL TERRITORIO Y RIESGOS NATURALES;101548;TASP;TOXICOLOGÍA AMBIENTAL Y SALUD PÚBLICA;0;0;0,0223;0,3041;0,2818
101551;CNRAP;CONSERVACIÓN DE LA NATURALEZA:RESTAURACIÓN Y REHABILITACIÓN AMBIENTAL. PAISAJISMO;101561;GRUI;GESTIÓN DE RESIDUOS URBANOS E INDUSTRIALES;0;0;0,0313;0,3129;0,2816
101526;FF;FUNDAMENTOS DE FÍSICA;101542;SGAA;SISTEMAS DE GESTIÓN Y AUDITORÍAS AMBIENTALES;0;0;0,0007;0,2821;0,2814
101529;EA;ECONOMÍA AMBIENTAL;101546;EA;EDUCACIÓN AMBIENTAL;0;0;0,0223;0,3029;0,2806
101543;SIG;SISTEMAS DE INFORMACIÓN GEOGRÁFICA;101555;EV;ECOFISIOLOGÍA VEGETAL;0;0;0,0068;0,2831;0,2763
101533;TAR;TRATAMIENTO DE AGUAS RESIDUALES;101542;SGAA;SISTEMAS DE GESTIÓN Y AUDITORÍAS AMBIENTALES;0;0;0,0046;0,2801;0,2755
101537;GMF;GESTIÓN DEL MEDIO FÍSICO;101563;FA;FISICOQUÍMICA DE AGUAS;0;0;0,0204;0,2952;0,2748
660007;EDAF;EDAFOLOGÍA;660059;OGP;ORGANIZACIÓN Y GESTIÓN DE PROYECTOS;0;0;0,0033;0,2776;0,2743
101548;TASP;TOXICOLOGÍA AMBIENTAL Y SALUD PÚBLICA;660006;GEO;GEOLOGÍA;0;0;0,0211;0,2947;0,2736
101526;FF;FUNDAMENTOS DE FÍSICA;101549;GE;GESTIÓN DE ECOSISTEMAS;0;0;0,0098;0,2821;0,2723
101534;CA;CONTAMINACIÓN ATMOSFÉRICA;101563;FA;FISICOQUÍMICA DE AGUAS;0;0;0,0311;0,3031;0,2720
101530;AHMA;ACTIVIDADES HUMANAS Y MEDIO AMBIENTE;101534;CA;CONTAMINACIÓN ATMOSFÉRICA;0;0;0,0065;0,2764;0,2699
101540;GEE;GESTIÓN ENERGÉTICA Y ECOEFICIENCIA;101542;SGAA;SISTEMAS DE GESTIÓN Y AUDITORÍAS AMBIENTALES;0;0;0,0046;0,2740;0,2694
101523;FQ;FUNDAMENTOS DE QUÍMICA;101534;CA;CONTAMINACIÓN ATMOSFÉRICA;0;0;0,0113;0,2739;0,2626
101542;SGAA;SISTEMAS DE GESTIÓN Y AUDITORÍAS AMBIENTALES;101543;SIG;SISTEMAS DE INFORMACIÓN GEOGRÁFICA;0;0;0,0134;0,2759;0,2625
101528;FM;FUNDAMENTOS DE MATEMÁTICAS;101560;PTU;PLANEAMIENTO TERRITORIAL Y URBANO;0;0;0,0099;0,2719;0,2620
101541;EIAIPC;EVALUACIÓN DE IMPACTO AMBIENTAL: INSTRUMENTOS DE PREVENCIÓN Y CONTROL;660007;EDAF;EDAFOLOGÍA;0;0;0,0082;0,2680;0,2598
101521;E;ECOLOGÍA;101541;EIAIPC;EVALUACIÓN DE IMPACTO AMBIENTAL: INSTRUMENTOS DE PREVENCIÓN Y CONTROL;0;0;0,0469;0,3064;0,2595
101552;ADA;ANÁLISIS DE DATOS AMBIENTALES;101553;IGA;INTERACCIÓN DE GENES Y AMBIENTE;0;0;0,0273;0,2868;0,2595
101539;BBPGM;BASES BOTÁNICAS PARA LA GESTIÓN DEL MEDIOAMBIENTE;101560;PTU;PLANEAMIENTO TERRITORIAL Y URBANO;0;0;0,0275;0,2861;0,2586
101555;EV;ECOFISIOLOGÍA VEGETAL;101559;CPMP;CONTAMINACIÓN POR METALES PESADOS;0;0;0,0692;0,3275;0,2583
101540;GEE;GESTIÓN ENERGÉTICA Y ECOEFICIENCIA;101547;CE;CALIDAD Y EMPRESA;0;0;0,0005;0,2582;0,2577
101529;EA;ECONOMÍA AMBIENTAL;101560;PTU;PLANEAMIENTO TERRITORIAL Y URBANO;0;0;0,0146;0,2722;0,2576
101537;GMF;GESTIÓN DEL MEDIO FÍSICO;101560;PTU;PLANEAMIENTO TERRITORIAL Y URBANO;0;0;0,0184;0,2759;0,2575
101540;GEE;GESTIÓN ENERGÉTICA Y ECOEFICIENCIA;101541;EIAIPC;EVALUACIÓN DE IMPACTO AMBIENTAL: INSTRUMENTOS DE PREVENCIÓN Y CONTROL;0;0;0,0321;0,2895;0,2574
101534;CA;CONTAMINACIÓN ATMOSFÉRICA;101548;TASP;TOXICOLOGÍA AMBIENTAL Y SALUD PÚBLICA;0;0;0,0496;0,3062;0,2566
101523;FQ;FUNDAMENTOS DE QUÍMICA;101535;CSPROAI;CONTAMINACIÓN DE LOS SUELOS POR RESIDUOS ORGÁNICOS, AGRÍCOLAS E INDUSTRIALES;0;1;0,0048;0,2609;0,2561
101533;TAR;TRATAMIENTO DE AGUAS RESIDUALES;101553;IGA;INTERACCIÓN DE GENES Y AMBIENTE;0;0;0,0071;0,2627;0,2556
101520;FB;FUNDAMENTOS DE BIOLOGÍA;101560;PTU;PLANEAMIENTO TERRITORIAL Y URBANO;0;0;0,0234;0,2789;0,2555
101532;BIA;BASES DE INGENIERIA AMBIENTAL;101535;CSPROAI;CONTAMINACIÓN DE LOS SUELOS POR RESIDUOS ORGÁNICOS, AGRÍCOLAS E INDUSTRIALES;0;0;0,0093;0,2628;0,2535
101537;GMF;GESTIÓN DEL MEDIO FÍSICO;101543;SIG;SISTEMAS DE INFORMACIÓN GEOGRÁFICA;0;0;0,0088;0,2623;0,2535
101533;TAR;TRATAMIENTO DE AGUAS RESIDUALES;101534;CA;CONTAMINACIÓN ATMOSFÉRICA;0;0;0,0344;0,2878;0,2534
101557;GCP;GESTIÓN DE CAZA Y PESCA;101560;PTU;PLANEAMIENTO TERRITORIAL Y URBANO;0;0;0,0425;0,2956;0,2531
101536;OTRN;ORDENACIÓN DEL TERRITORIO Y RIESGOS NATURALES;101544;CA;CARTOGRAFÍA APLICADA;0;0;0,0422;0,2951;0,2529
101549;GE;GESTIÓN DE ECOSISTEMAS;660007;EDAF;EDAFOLOGÍA;0;0;0,0232;0,2746;0,2514
101534;CA;CONTAMINACIÓN ATMOSFÉRICA;101555;EV;ECOFISIOLOGÍA VEGETAL;0;0;0,0219;0,2732;0,2513
101531;ALA;ADMINISTRACIÓN Y LEGISLACIÓN AMBIENTAL;101532;BIA;BASES DE INGENIERIA AMBIENTAL;0;0;0,0319;0,2813;0,2494
101527;MC;METEOROLOGÍA Y CLIMATOLOGÍA;101544;CA;CARTOGRAFÍA APLICADA;0;0;0,0249;0,2742;0,2493
101533;TAR;TRATAMIENTO DE AGUAS RESIDUALES;101547;CE;CALIDAD Y EMPRESA;0;0;0,0163;0,2640;0,2477
101534;CA;CONTAMINACIÓN ATMOSFÉRICA;101539;BBPGM;BASES BOTÁNICAS PARA LA GESTIÓN DEL MEDIOAMBIENTE;0;0;0,0121;0,2591;0,2470
101522;MICRO;MICROBIOLOGÍA;101553;IGA;INTERACCIÓN DE GENES Y AMBIENTE;0;0;0,0603;0,3063;0,2460
101534;CA;CONTAMINACIÓN ATMOSFÉRICA;101545;EST;ESTADÍSTICA;0;0;0,0062;0,2521;0,2459
101535;CSPROAI;CONTAMINACIÓN DE LOS SUELOS POR RESIDUOS ORGÁNICOS, AGRÍCOLAS E INDUSTRIALES;101563;FA;FISICOQUÍMICA DE AGUAS;0;0;0,0201;0,2656;0,2455
101520;FB;FUNDAMENTOS DE BIOLOGÍA;101522;MICRO;MICROBIOLOGÍA;0;0;0,1206;0,3645;0,2439
101541;EIAIPC;EVALUACIÓN DE IMPACTO AMBIENTAL: INSTRUMENTOS DE PREVENCIÓN Y CONTROL;101555;EV;ECOFISIOLOGÍA VEGETAL;0;0;0,0062;0,2496;0,2434
101529;EA;ECONOMÍA AMBIENTAL;101536;OTRN;ORDENACIÓN DEL TERRITORIO Y RIESGOS NATURALES;0;0;0,0312;0,2735;0,2423
101554;TTPSS;TEORÍAS Y TÉCNICAS PARA LA SOSTENIBILIDAD SOCIOAMBIENTAL;101555;EV;ECOFISIOLOGÍA VEGETAL;0;0;0,0176;0,2590;0,2414
101528;FM;FUNDAMENTOS DE MATEMÁTICAS;101534;CA;CONTAMINACIÓN ATMOSFÉRICA;0;0;0,0174;0,2588;0,2414
101526;FF;FUNDAMENTOS DE FÍSICA;101547;CE;CALIDAD Y EMPRESA;0;0;0,0072;0,2481;0,2409
101549;GE;GESTIÓN DE ECOSISTEMAS;101555;EV;ECOFISIOLOGÍA VEGETAL;0;0;0,0090;0,2497;0,2407
101555;EV;ECOFISIOLOGÍA VEGETAL;660059;OGP;ORGANIZACIÓN Y GESTIÓN DE PROYECTOS;0;0;0,0079;0,2470;0,2391
101524;QA;QUÍMICA AMBIENTAL;101534;CA;CONTAMINACIÓN ATMOSFÉRICA;0;0;0,1037;0,3420;0,2383
101528;FM;FUNDAMENTOS DE MATEMÁTICAS;101538;FZPEMA;FUNDAMENTOS ZOOLÓGICOS PARA EL ESTUDIO DEL MEDIO AMBIENTE;0;0;0,0145;0,2518;0,2373
101530;AHMA;ACTIVIDADES HUMANAS Y MEDIO AMBIENTE;101533;TAR;TRATAMIENTO DE AGUAS RESIDUALES;0;0;0,0000;0,2373;0,2373
101548;TASP;TOXICOLOGÍA AMBIENTAL Y SALUD PÚBLICA;101559;CPMP;CONTAMINACIÓN POR METALES PESADOS;0;0;0,0629;0,2993;0,2364
101520;FB;FUNDAMENTOS DE BIOLOGÍA;101534;CA;CONTAMINACIÓN ATMOSFÉRICA;0;0;0,0175;0,2532;0,2357
101542;SGAA;SISTEMAS DE GESTIÓN Y AUDITORÍAS AMBIENTALES;101555;EV;ECOFISIOLOGÍA VEGETAL;0;0;0,0036;0,2389;0,2353
101529;EA;ECONOMÍA AMBIENTAL;660006;GEO;GEOLOGÍA;0;0;0,0040;0,2391;0,2351
101530;AHMA;ACTIVIDADES HUMANAS Y MEDIO AMBIENTE;101556;BA;BIOTECNOLOGÍA AMBIENTAL;0;0;0,0379;0,2726;0,2347
101533;TAR;TRATAMIENTO DE AGUAS RESIDUALES;660059;OGP;ORGANIZACIÓN Y GESTIÓN DE PROYECTOS;0;0;0,0045;0,2356;0,2311
101543;SIG;SISTEMAS DE INFORMACIÓN GEOGRÁFICA;101550;QAM;QUÍMICA ANALÍTICA MEDIOAMBIENTAL;0;0;0,0294;0,2604;0,2310
101523;FQ;FUNDAMENTOS DE QUÍMICA;101561;GRUI;GESTIÓN DE RESIDUOS URBANOS E INDUSTRIALES;0;0;0,0034;0,2337;0,2303
101546;EA;EDUCACIÓN AMBIENTAL;101561;GRUI;GESTIÓN DE RESIDUOS URBANOS E INDUSTRIALES;0;0;0,0209;0,2501;0,2292
101558;CCMC;CONTROL DE LA CONTAMINACIÓN MEDIANTE CATÁLISIS;101560;PTU;PLANEAMIENTO TERRITORIAL Y URBANO;0;0;0,0240;0,2524;0,2284
101528;FM;FUNDAMENTOS DE MATEMÁTICAS;101531;ALA;ADMINISTRACIÓN Y LEGISLACIÓN AMBIENTAL;0;0;0,0046;0,2324;0,2278
101547;CE;CALIDAD Y EMPRESA;101555;EV;ECOFISIOLOGÍA VEGETAL;0;0;0,0070;0,2342;0,2272
101543;SIG;SISTEMAS DE INFORMACIÓN GEOGRÁFICA;660059;OGP;ORGANIZACIÓN Y GESTIÓN DE PROYECTOS;0;0;0,0240;0,2498;0,2258
101532;BIA;BASES DE INGENIERIA AMBIENTAL;101553;IGA;INTERACCIÓN DE GENES Y AMBIENTE;0;0;0,0408;0,2646;0,2238
101533;TAR;TRATAMIENTO DE AGUAS RESIDUALES;101543;SIG;SISTEMAS DE INFORMACIÓN GEOGRÁFICA;0;0;0,0150;0,2385;0,2235
101539;BBPGM;BASES BOTÁNICAS PARA LA GESTIÓN DEL MEDIOAMBIENTE;101544;CA;CARTOGRAFÍA APLICADA;0;0;0,0188;0,2409;0,2221
101526;FF;FUNDAMENTOS DE FÍSICA;101531;ALA;ADMINISTRACIÓN Y LEGISLACIÓN AMBIENTAL;0;0;0,0146;0,2359;0,2213
101544;CA;CARTOGRAFÍA APLICADA;101558;CCMC;CONTROL DE LA CONTAMINACIÓN MEDIANTE CATÁLISIS;0;0;0,0213;0,2423;0,2210
101533;TAR;TRATAMIENTO DE AGUAS RESIDUALES;101554;TTPSS;TEORÍAS Y TÉCNICAS PARA LA SOSTENIBILIDAD SOCIOAMBIENTAL;0;0;0,0043;0,2250;0,2207
101533;TAR;TRATAMIENTO DE AGUAS RESIDUALES;101541;EIAIPC;EVALUACIÓN DE IMPACTO AMBIENTAL: INSTRUMENTOS DE PREVENCIÓN Y CONTROL;0;0;0,0079;0,2285;0,2206
101521;E;ECOLOGÍA;101548;TASP;TOXICOLOGÍA AMBIENTAL Y SALUD PÚBLICA;0;0;0,0594;0,2797;0,2203
101524;QA;QUÍMICA AMBIENTAL;101559;CPMP;CONTAMINACIÓN POR METALES PESADOS;0;1;0,1642;0,3842;0,2200
101527;MC;METEOROLOGÍA Y CLIMATOLOGÍA;101535;CSPROAI;CONTAMINACIÓN DE LOS SUELOS POR RESIDUOS ORGÁNICOS, AGRÍCOLAS E INDUSTRIALES;0;0;0,0081;0,2263;0,2182
101532;BIA;BASES DE INGENIERIA AMBIENTAL;101538;FZPEMA;FUNDAMENTOS ZOOLÓGICOS PARA EL ESTUDIO DEL MEDIO AMBIENTE;0;0;0,0119;0,2281;0,2162
101527;MC;METEOROLOGÍA Y CLIMATOLOGÍA;101553;IGA;INTERACCIÓN DE GENES Y AMBIENTE;0;0;0,0047;0,2198;0,2151
101531;ALA;ADMINISTRACIÓN Y LEGISLACIÓN AMBIENTAL;101542;SGAA;SISTEMAS DE GESTIÓN Y AUDITORÍAS AMBIENTALES;0;0;0,0185;0,2334;0,2149
101528;FM;FUNDAMENTOS DE MATEMÁTICAS;101553;IGA;INTERACCIÓN DE GENES Y AMBIENTE;0;0;0,0108;0,2254;0,2146
101530;AHMA;ACTIVIDADES HUMANAS Y MEDIO AMBIENTE;101551;CNRAP;CONSERVACIÓN DE LA NATURALEZA:RESTAURACIÓN Y REHABILITACIÓN AMBIENTAL. PAISAJISMO;0;0;0,0216;0,2361;0,2145
101555;EV;ECOFISIOLOGÍA VEGETAL;660006;GEO;GEOLOGÍA;0;0;0,0151;0,2271;0,2120
101527;MC;METEOROLOGÍA Y CLIMATOLOGÍA;101536;OTRN;ORDENACIÓN DEL TERRITORIO Y RIESGOS NATURALES;0;0;0,0225;0,2336;0,2111
101527;MC;METEOROLOGÍA Y CLIMATOLOGÍA;101538;FZPEMA;FUNDAMENTOS ZOOLÓGICOS PARA EL ESTUDIO DEL MEDIO AMBIENTE;0;0;0,0105;0,2205;0,2100
101524;QA;QUÍMICA AMBIENTAL;660006;GEO;GEOLOGÍA;0;0;0,0515;0,2595;0,2080
101533;TAR;TRATAMIENTO DE AGUAS RESIDUALES;101538;FZPEMA;FUNDAMENTOS ZOOLÓGICOS PARA EL ESTUDIO DEL MEDIO AMBIENTE;0;0;0,0071;0,2149;0,2078
101548;TASP;TOXICOLOGÍA AMBIENTAL Y SALUD PÚBLICA;101557;GCP;GESTIÓN DE CAZA Y PESCA;0;0;0,0327;0,2384;0,2057
101523;FQ;FUNDAMENTOS DE QUÍMICA;101543;SIG;SISTEMAS DE INFORMACIÓN GEOGRÁFICA;0;0;0,0143;0,2200;0,2057
101543;SIG;SISTEMAS DE INFORMACIÓN GEOGRÁFICA;101563;FA;FISICOQUÍMICA DE AGUAS;0;0;0,0167;0,2223;0,2056
101528;FM;FUNDAMENTOS DE MATEMÁTICAS;101535;CSPROAI;CONTAMINACIÓN DE LOS SUELOS POR RESIDUOS ORGÁNICOS, AGRÍCOLAS E INDUSTRIALES;0;0;0,0190;0,2229;0,2039
101534;CA;CONTAMINACIÓN ATMOSFÉRICA;101554;TTPSS;TEORÍAS Y TÉCNICAS PARA LA SOSTENIBILIDAD SOCIOAMBIENTAL;0;0;0,0083;0,2122;0,2039
101532;BIA;BASES DE INGENIERIA AMBIENTAL;101536;OTRN;ORDENACIÓN DEL TERRITORIO Y RIESGOS NATURALES;0;0;0,0055;0,2090;0,2035
101530;AHMA;ACTIVIDADES HUMANAS Y MEDIO AMBIENTE;101546;EA;EDUCACIÓN AMBIENTAL;0;0;0,0193;0,2226;0,2033
101556;BA;BIOTECNOLOGÍA AMBIENTAL;101561;GRUI;GESTIÓN DE RESIDUOS URBANOS E INDUSTRIALES;0;0;0,0372;0,2402;0,2030
101553;IGA;INTERACCIÓN DE GENES Y AMBIENTE;660006;GEO;GEOLOGÍA;0;0;0,0082;0,2112;0,2030
101533;TAR;TRATAMIENTO DE AGUAS RESIDUALES;101549;GE;GESTIÓN DE ECOSISTEMAS;0;0;0,0125;0,2151;0,2026
101549;GE;GESTIÓN DE ECOSISTEMAS;101560;PTU;PLANEAMIENTO TERRITORIAL Y URBANO;0;0;0,0420;0,2431;0,2011
101553;IGA;INTERACCIÓN DE GENES Y AMBIENTE;101555;EV;ECOFISIOLOGÍA VEGETAL;0;0;0,0066;0,2076;0,2010
101548;TASP;TOXICOLOGÍA AMBIENTAL Y SALUD PÚBLICA;101560;PTU;PLANEAMIENTO TERRITORIAL Y URBANO;0;0;0,0158;0,2157;0,1999
101533;TAR;TRATAMIENTO DE AGUAS RESIDUALES;660006;GEO;GEOLOGÍA;0;0;0,0115;0,2114;0,1999
101551;CNRAP;CONSERVACIÓN DE LA NATURALEZA:RESTAURACIÓN Y REHABILITACIÓN AMBIENTAL. PAISAJISMO;660007;EDAF;EDAFOLOGÍA;0;0;0,0813;0,2810;0,1997
101536;OTRN;ORDENACIÓN DEL TERRITORIO Y RIESGOS NATURALES;101543;SIG;SISTEMAS DE INFORMACIÓN GEOGRÁFICA;0;0;0,0244;0,2236;0,1992
101534;CA;CONTAMINACIÓN ATMOSFÉRICA;101550;QAM;QUÍMICA ANALÍTICA MEDIOAMBIENTAL;0;0;0,0403;0,2393;0,1990
101521;E;ECOLOGÍA;660007;EDAF;EDAFOLOGÍA;0;0;0,0695;0,2683;0,1988
101523;FQ;FUNDAMENTOS DE QUÍMICA;101537;GMF;GESTIÓN DEL MEDIO FÍSICO;0;0;0,0103;0,2087;0,1984
101528;FM;FUNDAMENTOS DE MATEMÁTICAS;101551;CNRAP;CONSERVACIÓN DE LA NATURALEZA:RESTAURACIÓN Y REHABILITACIÓN AMBIENTAL. PAISAJISMO;0;0;0,0126;0,2096;0,1970
101531;ALA;ADMINISTRACIÓN Y LEGISLACIÓN AMBIENTAL;101548;TASP;TOXICOLOGÍA AMBIENTAL Y SALUD PÚBLICA;0;0;0,0178;0,2139;0,1961
101550;QAM;QUÍMICA ANALÍTICA MEDIOAMBIENTAL;101561;GRUI;GESTIÓN DE RESIDUOS URBANOS E INDUSTRIALES;0;0;0,0096;0,2056;0,1960
101541;EIAIPC;EVALUACIÓN DE IMPACTO AMBIENTAL: INSTRUMENTOS DE PREVENCIÓN Y CONTROL;101543;SIG;SISTEMAS DE INFORMACIÓN GEOGRÁFICA;0;0;0,0063;0,2012;0,1949
101529;EA;ECONOMÍA AMBIENTAL;101531;ALA;ADMINISTRACIÓN Y LEGISLACIÓN AMBIENTAL;0;0;0,0181;0,2124;0,1943
101531;ALA;ADMINISTRACIÓN Y LEGISLACIÓN AMBIENTAL;101539;BBPGM;BASES BOTÁNICAS PARA LA GESTIÓN DEL MEDIOAMBIENTE;0;0;0,0099;0,2016;0,1917
101537;GMF;GESTIÓN DEL MEDIO FÍSICO;101550;QAM;QUÍMICA ANALÍTICA MEDIOAMBIENTAL;0;0;0,0159;0,2054;0,1895
101557;GCP;GESTIÓN DE CAZA Y PESCA;101558;CCMC;CONTROL DE LA CONTAMINACIÓN MEDIANTE CATÁLISIS;0;0;0,0141;0,1991;0,1850
101533;TAR;TRATAMIENTO DE AGUAS RESIDUALES;101535;CSPROAI;CONTAMINACIÓN DE LOS SUELOS POR RESIDUOS ORGÁNICOS, AGRÍCOLAS E INDUSTRIALES;0;0;0,0204;0,2037;0,1833
101543;SIG;SISTEMAS DE INFORMACIÓN GEOGRÁFICA;660006;GEO;GEOLOGÍA;0;0;0,0145;0,1977;0,1832
101526;FF;FUNDAMENTOS DE FÍSICA;101535;CSPROAI;CONTAMINACIÓN DE LOS SUELOS POR RESIDUOS ORGÁNICOS, AGRÍCOLAS E INDUSTRIALES;0;0;0,0023;0,1855;0,1832
101546;EA;EDUCACIÓN AMBIENTAL;101547;CE;CALIDAD Y EMPRESA;0;0;0,0357;0,2182;0,1825
101521;E;ECOLOGÍA;101540;GEE;GESTIÓN ENERGÉTICA Y ECOEFICIENCIA;0;0;0,0254;0,2075;0,1821
101542;SGAA;SISTEMAS DE GESTIÓN Y AUDITORÍAS AMBIENTALES;101563;FA;FISICOQUÍMICA DE AGUAS;0;0;0,0208;0,2026;0,1818
101543;SIG;SISTEMAS DE INFORMACIÓN GEOGRÁFICA;101560;PTU;PLANEAMIENTO TERRITORIAL Y URBANO;0;0;0,0134;0,1944;0,1810
101542;SGAA;SISTEMAS DE GESTIÓN Y AUDITORÍAS AMBIENTALES;660007;EDAF;EDAFOLOGÍA;0;0;0,0005;0,1810;0,1805
101521;E;ECOLOGÍA;101526;FF;FUNDAMENTOS DE FÍSICA;0;0;0,0132;0,1922;0,1790
101538;FZPEMA;FUNDAMENTOS ZOOLÓGICOS PARA EL ESTUDIO DEL MEDIO AMBIENTE;660006;GEO;GEOLOGÍA;0;0;0,0173;0,1951;0,1778
101544;CA;CARTOGRAFÍA APLICADA;101560;PTU;PLANEAMIENTO TERRITORIAL Y URBANO;0;0;0,0458;0,2231;0,1773
101530;AHMA;ACTIVIDADES HUMANAS Y MEDIO AMBIENTE;101535;CSPROAI;CONTAMINACIÓN DE LOS SUELOS POR RESIDUOS ORGÁNICOS, AGRÍCOLAS E INDUSTRIALES;0;0;0,0095;0,1845;0,1750
101526;FF;FUNDAMENTOS DE FÍSICA;101551;CNRAP;CONSERVACIÓN DE LA NATURALEZA:RESTAURACIÓN Y REHABILITACIÓN AMBIENTAL. PAISAJISMO;0;0;0,0134;0,1883;0,1749
101563;FA;FISICOQUÍMICA DE AGUAS;660059;OGP;ORGANIZACIÓN Y GESTIÓN DE PROYECTOS;0;0;0,0034;0,1778;0,1744
101544;CA;CARTOGRAFÍA APLICADA;101547;CE;CALIDAD Y EMPRESA;0;0;0,0304;0,2014;0,1710
101524;QA;QUÍMICA AMBIENTAL;101530;AHMA;ACTIVIDADES HUMANAS Y MEDIO AMBIENTE;0;0;0,0190;0,1899;0,1709
101521;E;ECOLOGÍA;101527;MC;METEOROLOGÍA Y CLIMATOLOGÍA;0;0;0,0249;0,1952;0,1703
101535;CSPROAI;CONTAMINACIÓN DE LOS SUELOS POR RESIDUOS ORGÁNICOS, AGRÍCOLAS E INDUSTRIALES;660006;GEO;GEOLOGÍA;0;1;0,0153;0,1847;0,1694
101541;EIAIPC;EVALUACIÓN DE IMPACTO AMBIENTAL: INSTRUMENTOS DE PREVENCIÓN Y CONTROL;101563;FA;FISICOQUÍMICA DE AGUAS;0;0;0,0091;0,1775;0,1684
101521;E;ECOLOGÍA;101558;CCMC;CONTROL DE LA CONTAMINACIÓN MEDIANTE CATÁLISIS;0;0;0,0223;0,1906;0,1683
101530;AHMA;ACTIVIDADES HUMANAS Y MEDIO AMBIENTE;101563;FA;FISICOQUÍMICA DE AGUAS;0;0;0,0081;0,1755;0,1674
101547;CE;CALIDAD Y EMPRESA;101563;FA;FISICOQUÍMICA DE AGUAS;0;0;0,0135;0,1788;0,1653
101547;CE;CALIDAD Y EMPRESA;660007;EDAF;EDAFOLOGÍA;0;0;0,0109;0,1756;0,1647
101524;QA;QUÍMICA AMBIENTAL;101542;SGAA;SISTEMAS DE GESTIÓN Y AUDITORÍAS AMBIENTALES;0;0;0,0156;0,1788;0,1632
101520;FB;FUNDAMENTOS DE BIOLOGÍA;101535;CSPROAI;CONTAMINACIÓN DE LOS SUELOS POR RESIDUOS ORGÁNICOS, AGRÍCOLAS E INDUSTRIALES;0;1;0,0245;0,1863;0,1618
101554;TTPSS;TEORÍAS Y TÉCNICAS PARA LA SOSTENIBILIDAD SOCIOAMBIENTAL;101565;TPEU;TECNICAS PARA LA EVALUACIÓN URBANA;0;0;0,0287;0,1890;0,1603
101524;QA;QUÍMICA AMBIENTAL;101553;IGA;INTERACCIÓN DE GENES Y AMBIENTE;0;0;0,0080;0,1674;0,1594
101527;MC;METEOROLOGÍA Y CLIMATOLOGÍA;101560;PTU;PLANEAMIENTO TERRITORIAL Y URBANO;0;0;0,0184;0,1771;0,1587
101529;EA;ECONOMÍA AMBIENTAL;101534;CA;CONTAMINACIÓN ATMOSFÉRICA;0;0;0,0096;0,1669;0,1573
101535;CSPROAI;CONTAMINACIÓN DE LOS SUELOS POR RESIDUOS ORGÁNICOS, AGRÍCOLAS E INDUSTRIALES;101537;GMF;GESTIÓN DEL MEDIO FÍSICO;0;0;0,0306;0,1872;0,1566
101552;ADA;ANÁLISIS DE DATOS AMBIENTALES;101560;PTU;PLANEAMIENTO TERRITORIAL Y URBANO;0;0;0,0024;0,1583;0,1559
101545;EST;ESTADÍSTICA;101560;PTU;PLANEAMIENTO TERRITORIAL Y URBANO;0;0;0,0086;0,1641;0,1555
101528;FM;FUNDAMENTOS DE MATEMÁTICAS;101546;EA;EDUCACIÓN AMBIENTAL;0;0;0,0099;0,1648;0,1549
101551;CNRAP;CONSERVACIÓN DE LA NATURALEZA:RESTAURACIÓN Y REHABILITACIÓN AMBIENTAL. PAISAJISMO;101554;TTPSS;TEORÍAS Y TÉCNICAS PARA LA SOSTENIBILIDAD SOCIOAMBIENTAL;0;0;0,0262;0,1809;0,1547
101535;CSPROAI;CONTAMINACIÓN DE LOS SUELOS POR RESIDUOS ORGÁNICOS, AGRÍCOLAS E INDUSTRIALES;101561;GRUI;GESTIÓN DE RESIDUOS URBANOS E INDUSTRIALES;0;0;0,0817;0,2363;0,1546
101542;SGAA;SISTEMAS DE GESTIÓN Y AUDITORÍAS AMBIENTALES;101550;QAM;QUÍMICA ANALÍTICA MEDIOAMBIENTAL;0;0;0,0071;0,1615;0,1544
101545;EST;ESTADÍSTICA;101557;GCP;GESTIÓN DE CAZA Y PESCA;0;0;0,0078;0,1621;0,1543
101524;QA;QUÍMICA AMBIENTAL;101541;EIAIPC;EVALUACIÓN DE IMPACTO AMBIENTAL: INSTRUMENTOS DE PREVENCIÓN Y CONTROL;0;0;0,0185;0,1718;0,1533
101531;ALA;ADMINISTRACIÓN Y LEGISLACIÓN AMBIENTAL;101540;GEE;GESTIÓN ENERGÉTICA Y ECOEFICIENCIA;0;0;0,0097;0,1624;0,1527
101563;FA;FISICOQUÍMICA DE AGUAS;660006;GEO;GEOLOGÍA;0;0;0,0605;0,2126;0,1521
101553;IGA;INTERACCIÓN DE GENES Y AMBIENTE;101563;FA;FISICOQUÍMICA DE AGUAS;0;0;0,0070;0,1584;0,1514
101542;SGAA;SISTEMAS DE GESTIÓN Y AUDITORÍAS AMBIENTALES;101565;TPEU;TECNICAS PARA LA EVALUACIÓN URBANA;0;0;0,0314;0,1817;0,1503
101522;MICRO;MICROBIOLOGÍA;101545;EST;ESTADÍSTICA;0;0;0,0056;0,1555;0,1499
101559;CPMP;CONTAMINACIÓN POR METALES PESADOS;660007;EDAF;EDAFOLOGÍA;0;0;0,0586;0,2063;0,1477
101554;TTPSS;TEORÍAS Y TÉCNICAS PARA LA SOSTENIBILIDAD SOCIOAMBIENTAL;101563;FA;FISICOQUÍMICA DE AGUAS;0;0;0,0066;0,1543;0,1477
101521;E;ECOLOGÍA;101545;EST;ESTADÍSTICA;0;0;0,0147;0,1617;0,1470
101545;EST;ESTADÍSTICA;101546;EA;EDUCACIÓN AMBIENTAL;0;0;0,0093;0,1556;0,1463
101524;QA;QUÍMICA AMBIENTAL;660059;OGP;ORGANIZACIÓN Y GESTIÓN DE PROYECTOS;0;0;0,0019;0,1478;0,1459
101535;CSPROAI;CONTAMINACIÓN DE LOS SUELOS POR RESIDUOS ORGÁNICOS, AGRÍCOLAS E INDUSTRIALES;101539;BBPGM;BASES BOTÁNICAS PARA LA GESTIÓN DEL MEDIOAMBIENTE;0;0;0,0248;0,1689;0,1441
101529;EA;ECONOMÍA AMBIENTAL;101557;GCP;GESTIÓN DE CAZA Y PESCA;0;0;0,0087;0,1528;0,1441
101529;EA;ECONOMÍA AMBIENTAL;101565;TPEU;TECNICAS PARA LA EVALUACIÓN URBANA;0;0;0,0150;0,1587;0,1437
101523;FQ;FUNDAMENTOS DE QUÍMICA;660006;GEO;GEOLOGÍA;0;0;0,0240;0,1676;0,1436
101550;QAM;QUÍMICA ANALÍTICA MEDIOAMBIENTAL;660059;OGP;ORGANIZACIÓN Y GESTIÓN DE PROYECTOS;0;0;0,0144;0,1579;0,1435
101541;EIAIPC;EVALUACIÓN DE IMPACTO AMBIENTAL: INSTRUMENTOS DE PREVENCIÓN Y CONTROL;101550;QAM;QUÍMICA ANALÍTICA MEDIOAMBIENTAL;0;0;0,0121;0,1535;0,1414
101532;BIA;BASES DE INGENIERIA AMBIENTAL;101560;PTU;PLANEAMIENTO TERRITORIAL Y URBANO;0;0;0,0302;0,1713;0,1411
101539;BBPGM;BASES BOTÁNICAS PARA LA GESTIÓN DEL MEDIOAMBIENTE;101551;CNRAP;CONSERVACIÓN DE LA NATURALEZA:RESTAURACIÓN Y REHABILITACIÓN AMBIENTAL. PAISAJISMO;0;0;0,0264;0,1675;0,1411
101531;ALA;ADMINISTRACIÓN Y LEGISLACIÓN AMBIENTAL;101535;CSPROAI;CONTAMINACIÓN DE LOS SUELOS POR RESIDUOS ORGÁNICOS, AGRÍCOLAS E INDUSTRIALES;0;0;0,0014;0,1411;0,1397
101521;E;ECOLOGÍA;101532;BIA;BASES DE INGENIERIA AMBIENTAL;0;0;0,0272;0,1662;0,1390
101524;QA;QUÍMICA AMBIENTAL;101547;CE;CALIDAD Y EMPRESA;0;0;0,0056;0,1438;0,1382
101524;QA;QUÍMICA AMBIENTAL;101543;SIG;SISTEMAS DE INFORMACIÓN GEOGRÁFICA;0;0;0,0142;0,1500;0,1358
101550;QAM;QUÍMICA ANALÍTICA MEDIOAMBIENTAL;660006;GEO;GEOLOGÍA;0;0;0,0057;0,1415;0,1358
101540;GEE;GESTIÓN ENERGÉTICA Y ECOEFICIENCIA;101553;IGA;INTERACCIÓN DE GENES Y AMBIENTE;0;0;0,0016;0,1374;0,1358
101523;FQ;FUNDAMENTOS DE QUÍMICA;101541;EIAIPC;EVALUACIÓN DE IMPACTO AMBIENTAL: INSTRUMENTOS DE PREVENCIÓN Y CONTROL;0;0;0,0030;0,1375;0,1345
101549;GE;GESTIÓN DE ECOSISTEMAS;660006;GEO;GEOLOGÍA;0;0;0,0297;0,1641;0,1344
101526;FF;FUNDAMENTOS DE FÍSICA;101553;IGA;INTERACCIÓN DE GENES Y AMBIENTE;0;0;0,0187;0,1513;0,1326
101535;CSPROAI;CONTAMINACIÓN DE LOS SUELOS POR RESIDUOS ORGÁNICOS, AGRÍCOLAS E INDUSTRIALES;101540;GEE;GESTIÓN ENERGÉTICA Y ECOEFICIENCIA;0;0;0,0119;0,1438;0,1319
101531;ALA;ADMINISTRACIÓN Y LEGISLACIÓN AMBIENTAL;101547;CE;CALIDAD Y EMPRESA;0;0;0,0360;0,1676;0,1316
101549;GE;GESTIÓN DE ECOSISTEMAS;101563;FA;FISICOQUÍMICA DE AGUAS;0;0;0,0210;0,1519;0,1309
101532;BIA;BASES DE INGENIERIA AMBIENTAL;101551;CNRAP;CONSERVACIÓN DE LA NATURALEZA:RESTAURACIÓN Y REHABILITACIÓN AMBIENTAL. PAISAJISMO;0;0;0,0211;0,1509;0,1298
101522;MICRO;MICROBIOLOGÍA;101528;FM;FUNDAMENTOS DE MATEMÁTICAS;0;0;0,0137;0,1422;0,1285
101523;FQ;FUNDAMENTOS DE QUÍMICA;660059;OGP;ORGANIZACIÓN Y GESTIÓN DE PROYECTOS;0;0;0,0041;0,1323;0,1282
101533;TAR;TRATAMIENTO DE AGUAS RESIDUALES;101536;OTRN;ORDENACIÓN DEL TERRITORIO Y RIESGOS NATURALES;0;0;0,0030;0,1312;0,1282
101561;GRUI;GESTIÓN DE RESIDUOS URBANOS E INDUSTRIALES;101565;TPEU;TECNICAS PARA LA EVALUACIÓN URBANA;0;0;0,0169;0,1447;0,1278
101531;ALA;ADMINISTRACIÓN Y LEGISLACIÓN AMBIENTAL;101538;FZPEMA;FUNDAMENTOS ZOOLÓGICOS PARA EL ESTUDIO DEL MEDIO AMBIENTE;0;0;0,0335;0,1602;0,1267
101524;QA;QUÍMICA AMBIENTAL;101554;TTPSS;TEORÍAS Y TÉCNICAS PARA LA SOSTENIBILIDAD SOCIOAMBIENTAL;0;0;0,0095;0,1350;0,1255
101530;AHMA;ACTIVIDADES HUMANAS Y MEDIO AMBIENTE;101544;CA;CARTOGRAFÍA APLICADA;0;0;0,0119;0,1349;0,1230
101534;CA;CONTAMINACIÓN ATMOSFÉRICA;101535;CSPROAI;CONTAMINACIÓN DE LOS SUELOS POR RESIDUOS ORGÁNICOS, AGRÍCOLAS E INDUSTRIALES;0;0;0,0409;0,1634;0,1225
101547;CE;CALIDAD Y EMPRESA;660006;GEO;GEOLOGÍA;0;0;0,0231;0,1453;0,1222
101529;EA;ECONOMÍA AMBIENTAL;101535;CSPROAI;CONTAMINACIÓN DE LOS SUELOS POR RESIDUOS ORGÁNICOS, AGRÍCOLAS E INDUSTRIALES;0;0;0,0222;0,1437;0,1215
101555;EV;ECOFISIOLOGÍA VEGETAL;101556;BA;BIOTECNOLOGÍA AMBIENTAL;0;0;0,0930;0,2123;0,1193
101535;CSPROAI;CONTAMINACIÓN DE LOS SUELOS POR RESIDUOS ORGÁNICOS, AGRÍCOLAS E INDUSTRIALES;101552;ADA;ANÁLISIS DE DATOS AMBIENTALES;0;0;0,0057;0,1247;0,1190
101547;CE;CALIDAD Y EMPRESA;101550;QAM;QUÍMICA ANALÍTICA MEDIOAMBIENTAL;0;0;0,0137;0,1321;0,1184
101530;AHMA;ACTIVIDADES HUMANAS Y MEDIO AMBIENTE;101550;QAM;QUÍMICA ANALÍTICA MEDIOAMBIENTAL;0;0;0,0013;0,1180;0,1167
101546;EA;EDUCACIÓN AMBIENTAL;101548;TASP;TOXICOLOGÍA AMBIENTAL Y SALUD PÚBLICA;0;0;0,0265;0,1428;0,1163
101523;FQ;FUNDAMENTOS DE QUÍMICA;101542;SGAA;SISTEMAS DE GESTIÓN Y AUDITORÍAS AMBIENTALES;0;0;0,0137;0,1297;0,1160
101524;QA;QUÍMICA AMBIENTAL;101538;FZPEMA;FUNDAMENTOS ZOOLÓGICOS PARA EL ESTUDIO DEL MEDIO AMBIENTE;0;0;0,0144;0,1290;0,1146
101520;FB;FUNDAMENTOS DE BIOLOGÍA;101531;ALA;ADMINISTRACIÓN Y LEGISLACIÓN AMBIENTAL;0;0;0,0228;0,1367;0,1139
660006;GEO;GEOLOGÍA;660059;OGP;ORGANIZACIÓN Y GESTIÓN DE PROYECTOS;0;0;0,0026;0,1164;0,1138
101535;CSPROAI;CONTAMINACIÓN DE LOS SUELOS POR RESIDUOS ORGÁNICOS, AGRÍCOLAS E INDUSTRIALES;101541;EIAIPC;EVALUACIÓN DE IMPACTO AMBIENTAL: INSTRUMENTOS DE PREVENCIÓN Y CONTROL;0;1;0,0226;0,1359;0,1133
101538;FZPEMA;FUNDAMENTOS ZOOLÓGICOS PARA EL ESTUDIO DEL MEDIO AMBIENTE;101555;EV;ECOFISIOLOGÍA VEGETAL;0;0;0,0166;0,1294;0,1128
101532;BIA;BASES DE INGENIERIA AMBIENTAL;101565;TPEU;TECNICAS PARA LA EVALUACIÓN URBANA;0;0;0,0219;0,1342;0,1123
101521;E;ECOLOGÍA;101555;EV;ECOFISIOLOGÍA VEGETAL;0;0;0,0411;0,1531;0,1120
101534;CA;CONTAMINACIÓN ATMOSFÉRICA;101553;IGA;INTERACCIÓN DE GENES Y AMBIENTE;0;0;0,0040;0,1159;0,1119
101523;FQ;FUNDAMENTOS DE QUÍMICA;101530;AHMA;ACTIVIDADES HUMANAS Y MEDIO AMBIENTE;0;0;0,0133;0,1247;0,1114
101535;CSPROAI;CONTAMINACIÓN DE LOS SUELOS POR RESIDUOS ORGÁNICOS, AGRÍCOLAS E INDUSTRIALES;101545;EST;ESTADÍSTICA;0;0;0,0068;0,1176;0,1108
101541;EIAIPC;EVALUACIÓN DE IMPACTO AMBIENTAL: INSTRUMENTOS DE PREVENCIÓN Y CONTROL;660006;GEO;GEOLOGÍA;0;0;0,0095;0,1197;0,1102
101546;EA;EDUCACIÓN AMBIENTAL;660059;OGP;ORGANIZACIÓN Y GESTIÓN DE PROYECTOS;0;0;0,0128;0,1226;0,1098
101552;ADA;ANÁLISIS DE DATOS AMBIENTALES;101557;GCP;GESTIÓN DE CAZA Y PESCA;0;0;0,0054;0,1137;0,1083
101538;FZPEMA;FUNDAMENTOS ZOOLÓGICOS PARA EL ESTUDIO DEL MEDIO AMBIENTE;101563;FA;FISICOQUÍMICA DE AGUAS;0;0;0,0124;0,1193;0,1069
101535;CSPROAI;CONTAMINACIÓN DE LOS SUELOS POR RESIDUOS ORGÁNICOS, AGRÍCOLAS E INDUSTRIALES;101542;SGAA;SISTEMAS DE GESTIÓN Y AUDITORÍAS AMBIENTALES;0;0;0,0070;0,1110;0,1040
101547;CE;CALIDAD Y EMPRESA;101565;TPEU;TECNICAS PARA LA EVALUACIÓN URBANA;0;0;0,0347;0,1371;0,1024
101542;SGAA;SISTEMAS DE GESTIÓN Y AUDITORÍAS AMBIENTALES;660006;GEO;GEOLOGÍA;0;0;0,0224;0,1241;0,1017
101535;CSPROAI;CONTAMINACIÓN DE LOS SUELOS POR RESIDUOS ORGÁNICOS, AGRÍCOLAS E INDUSTRIALES;101554;TTPSS;TEORÍAS Y TÉCNICAS PARA LA SOSTENIBILIDAD SOCIOAMBIENTAL;0;0;0,0069;0,1074;0,1005
101538;FZPEMA;FUNDAMENTOS ZOOLÓGICOS PARA EL ESTUDIO DEL MEDIO AMBIENTE;101544;CA;CARTOGRAFÍA APLICADA;0;0;0,0275;0,1276;0,1001
101558;CCMC;CONTROL DE LA CONTAMINACIÓN MEDIANTE CATÁLISIS;101565;TPEU;TECNICAS PARA LA EVALUACIÓN URBANA;0;0;0,0101;0,1079;0,0978
101532;BIA;BASES DE INGENIERIA AMBIENTAL;101546;EA;EDUCACIÓN AMBIENTAL;0;0;0,0167;0,1132;0,0965
101534;CA;CONTAMINACIÓN ATMOSFÉRICA;101538;FZPEMA;FUNDAMENTOS ZOOLÓGICOS PARA EL ESTUDIO DEL MEDIO AMBIENTE;0;0;0,0073;0,1037;0,0964
101526;FF;FUNDAMENTOS DE FÍSICA;101538;FZPEMA;FUNDAMENTOS ZOOLÓGICOS PARA EL ESTUDIO DEL MEDIO AMBIENTE;0;0;0,0005;0,0967;0,0962
101538;FZPEMA;FUNDAMENTOS ZOOLÓGICOS PARA EL ESTUDIO DEL MEDIO AMBIENTE;101543;SIG;SISTEMAS DE INFORMACIÓN GEOGRÁFICA;0;0;0,0247;0,1195;0,0948
101520;FB;FUNDAMENTOS DE BIOLOGÍA;101544;CA;CARTOGRAFÍA APLICADA;0;0;0,0217;0,1162;0,0945
101535;CSPROAI;CONTAMINACIÓN DE LOS SUELOS POR RESIDUOS ORGÁNICOS, AGRÍCOLAS E INDUSTRIALES;101553;IGA;INTERACCIÓN DE GENES Y AMBIENTE;0;0;0,0011;0,0937;0,0926
101540;GEE;GESTIÓN ENERGÉTICA Y ECOEFICIENCIA;101551;CNRAP;CONSERVACIÓN DE LA NATURALEZA:RESTAURACIÓN Y REHABILITACIÓN AMBIENTAL. PAISAJISMO;0;0;0,0123;0,1037;0,0914
101535;CSPROAI;CONTAMINACIÓN DE LOS SUELOS POR RESIDUOS ORGÁNICOS, AGRÍCOLAS E INDUSTRIALES;101538;FZPEMA;FUNDAMENTOS ZOOLÓGICOS PARA EL ESTUDIO DEL MEDIO AMBIENTE;0;0;0,0193;0,1105;0,0912
101535;CSPROAI;CONTAMINACIÓN DE LOS SUELOS POR RESIDUOS ORGÁNICOS, AGRÍCOLAS E INDUSTRIALES;101560;PTU;PLANEAMIENTO TERRITORIAL Y URBANO;0;0;0,0052;0,0954;0,0902
101548;TASP;TOXICOLOGÍA AMBIENTAL Y SALUD PÚBLICA;101565;TPEU;TECNICAS PARA LA EVALUACIÓN URBANA;0;0;0,0355;0,1249;0,0894
101533;TAR;TRATAMIENTO DE AGUAS RESIDUALES;101557;GCP;GESTIÓN DE CAZA Y PESCA;0;0;0,0228;0,1121;0,0893
101531;ALA;ADMINISTRACIÓN Y LEGISLACIÓN AMBIENTAL;101545;EST;ESTADÍSTICA;0;0;0,0039;0,0930;0,0891
101538;FZPEMA;FUNDAMENTOS ZOOLÓGICOS PARA EL ESTUDIO DEL MEDIO AMBIENTE;101540;GEE;GESTIÓN ENERGÉTICA Y ECOEFICIENCIA;0;0;0,0056;0,0927;0,0871
101535;CSPROAI;CONTAMINACIÓN DE LOS SUELOS POR RESIDUOS ORGÁNICOS, AGRÍCOLAS E INDUSTRIALES;101536;OTRN;ORDENACIÓN DEL TERRITORIO Y RIESGOS NATURALES;0;0;0,0056;0,0907;0,0851
101545;EST;ESTADÍSTICA;101551;CNRAP;CONSERVACIÓN DE LA NATURALEZA:RESTAURACIÓN Y REHABILITACIÓN AMBIENTAL. PAISAJISMO;0;0;0,0015;0,0853;0,0838
101523;FQ;FUNDAMENTOS DE QUÍMICA;101547;CE;CALIDAD Y EMPRESA;0;0;0,0149;0,0953;0,0804
101535;CSPROAI;CONTAMINACIÓN DE LOS SUELOS POR RESIDUOS ORGÁNICOS, AGRÍCOLAS E INDUSTRIALES;101547;CE;CALIDAD Y EMPRESA;0;0;0,0219;0,1011;0,0792
101553;IGA;INTERACCIÓN DE GENES Y AMBIENTE;660007;EDAF;EDAFOLOGÍA;0;0;0,0086;0,0865;0,0779
101546;EA;EDUCACIÓN AMBIENTAL;101552;ADA;ANÁLISIS DE DATOS AMBIENTALES;0;0;0,0052;0,0820;0,0768
101550;QAM;QUÍMICA ANALÍTICA MEDIOAMBIENTAL;101553;IGA;INTERACCIÓN DE GENES Y AMBIENTE;0;0;0,0026;0,0794;0,0768
101531;ALA;ADMINISTRACIÓN Y LEGISLACIÓN AMBIENTAL;101553;IGA;INTERACCIÓN DE GENES Y AMBIENTE;0;0;0,0239;0,1006;0,0767
101536;OTRN;ORDENACIÓN DEL TERRITORIO Y RIESGOS NATURALES;660006;GEO;GEOLOGÍA;0;0;0,0503;0,1261;0,0758
101522;MICRO;MICROBIOLOGÍA;101555;EV;ECOFISIOLOGÍA VEGETAL;0;0;0,0588;0,1335;0,0747
101535;CSPROAI;CONTAMINACIÓN DE LOS SUELOS POR RESIDUOS ORGÁNICOS, AGRÍCOLAS E INDUSTRIALES;101544;CA;CARTOGRAFÍA APLICADA;0;0;0,0300;0,1047;0,0747
101535;CSPROAI;CONTAMINACIÓN DE LOS SUELOS POR RESIDUOS ORGÁNICOS, AGRÍCOLAS E INDUSTRIALES;101543;SIG;SISTEMAS DE INFORMACIÓN GEOGRÁFICA;0;0;0,0029;0,0767;0,0738
101531;ALA;ADMINISTRACIÓN Y LEGISLACIÓN AMBIENTAL;101546;EA;EDUCACIÓN AMBIENTAL;0;0;0,0305;0,1039;0,0734
101535;CSPROAI;CONTAMINACIÓN DE LOS SUELOS POR RESIDUOS ORGÁNICOS, AGRÍCOLAS E INDUSTRIALES;660059;OGP;ORGANIZACIÓN Y GESTIÓN DE PROYECTOS;0;0;0,0063;0,0779;0,0716
101523;FQ;FUNDAMENTOS DE QUÍMICA;101554;TTPSS;TEORÍAS Y TÉCNICAS PARA LA SOSTENIBILIDAD SOCIOAMBIENTAL;0;0;0,0075;0,0789;0,0714
101544;CA;CARTOGRAFÍA APLICADA;101561;GRUI;GESTIÓN DE RESIDUOS URBANOS E INDUSTRIALES;0;0;0,0120;0,0833;0,0713
101527;MC;METEOROLOGÍA Y CLIMATOLOGÍA;101565;TPEU;TECNICAS PARA LA EVALUACIÓN URBANA;0;0;0,0176;0,0872;0,0696
101559;CPMP;CONTAMINACIÓN POR METALES PESADOS;101561;GRUI;GESTIÓN DE RESIDUOS URBANOS E INDUSTRIALES;0;0;0,0100;0,0794;0,0694
101532;BIA;BASES DE INGENIERIA AMBIENTAL;101557;GCP;GESTIÓN DE CAZA Y PESCA;0;0;0,0123;0,0804;0,0681
101529;EA;ECONOMÍA AMBIENTAL;101544;CA;CARTOGRAFÍA APLICADA;0;0;0,0106;0,0784;0,0678
101524;QA;QUÍMICA AMBIENTAL;101549;GE;GESTIÓN DE ECOSISTEMAS;0;0;0,0272;0,0938;0,0666
101521;E;ECOLOGÍA;101553;IGA;INTERACCIÓN DE GENES Y AMBIENTE;0;0;0,0294;0,0927;0,0633
101520;FB;FUNDAMENTOS DE BIOLOGÍA;101556;BA;BIOTECNOLOGÍA AMBIENTAL;0;0;0,0777;0,1408;0,0631
101522;MICRO;MICROBIOLOGÍA;101541;EIAIPC;EVALUACIÓN DE IMPACTO AMBIENTAL: INSTRUMENTOS DE PREVENCIÓN Y CONTROL;0;0;0,0253;0,0882;0,0629
101522;MICRO;MICROBIOLOGÍA;101554;TTPSS;TEORÍAS Y TÉCNICAS PARA LA SOSTENIBILIDAD SOCIOAMBIENTAL;0;0;0,0228;0,0847;0,0619
101522;MICRO;MICROBIOLOGÍA;660007;EDAF;EDAFOLOGÍA;0;0;0,0545;0,1158;0,0613
101531;ALA;ADMINISTRACIÓN Y LEGISLACIÓN AMBIENTAL;101549;GE;GESTIÓN DE ECOSISTEMAS;0;0;0,0116;0,0722;0,0606
101550;QAM;QUÍMICA ANALÍTICA MEDIOAMBIENTAL;101554;TTPSS;TEORÍAS Y TÉCNICAS PARA LA SOSTENIBILIDAD SOCIOAMBIENTAL;0;0;0,0189;0,0794;0,0605
101557;GCP;GESTIÓN DE CAZA Y PESCA;660006;GEO;GEOLOGÍA;0;0;0,0165;0,0766;0,0601
101534;CA;CONTAMINACIÓN ATMOSFÉRICA;101541;EIAIPC;EVALUACIÓN DE IMPACTO AMBIENTAL: INSTRUMENTOS DE PREVENCIÓN Y CONTROL;0;0;0,0201;0,0792;0,0591
101535;CSPROAI;CONTAMINACIÓN DE LOS SUELOS POR RESIDUOS ORGÁNICOS, AGRÍCOLAS E INDUSTRIALES;101550;QAM;QUÍMICA ANALÍTICA MEDIOAMBIENTAL;0;1;0,0425;0,1014;0,0589
101522;MICRO;MICROBIOLOGÍA;101558;CCMC;CONTROL DE LA CONTAMINACIÓN MEDIANTE CATÁLISIS;0;0;0,0196;0,0779;0,0583
101524;QA;QUÍMICA AMBIENTAL;101531;ALA;ADMINISTRACIÓN Y LEGISLACIÓN AMBIENTAL;0;0;0,0297;0,0867;0,0570
101536;OTRN;ORDENACIÓN DEL TERRITORIO Y RIESGOS NATURALES;101540;GEE;GESTIÓN ENERGÉTICA Y ECOEFICIENCIA;0;0;0,0012;0,0577;0,0565
101522;MICRO;MICROBIOLOGÍA;660059;OGP;ORGANIZACIÓN Y GESTIÓN DE PROYECTOS;0;0;0,0161;0,0715;0,0554
101523;FQ;FUNDAMENTOS DE QUÍMICA;101549;GE;GESTIÓN DE ECOSISTEMAS;0;0;0,0235;0,0787;0,0552
101522;MICRO;MICROBIOLOGÍA;101527;MC;METEOROLOGÍA Y CLIMATOLOGÍA;0;0;0,0176;0,0727;0,0551
101536;OTRN;ORDENACIÓN DEL TERRITORIO Y RIESGOS NATURALES;101555;EV;ECOFISIOLOGÍA VEGETAL;0;0;0,0095;0,0640;0,0545
101528;FM;FUNDAMENTOS DE MATEMÁTICAS;101565;TPEU;TECNICAS PARA LA EVALUACIÓN URBANA;0;0;0,0062;0,0606;0,0544
101521;E;ECOLOGÍA;660006;GEO;GEOLOGÍA;0;0;0,0384;0,0926;0,0542
101549;GE;GESTIÓN DE ECOSISTEMAS;101550;QAM;QUÍMICA ANALÍTICA MEDIOAMBIENTAL;0;0;0,0166;0,0707;0,0541
101522;MICRO;MICROBIOLOGÍA;101552;ADA;ANÁLISIS DE DATOS AMBIENTALES;0;0;0,0088;0,0629;0,0541
101522;MICRO;MICROBIOLOGÍA;660006;GEO;GEOLOGÍA;0;0;0,0394;0,0931;0,0537
101546;EA;EDUCACIÓN AMBIENTAL;101553;IGA;INTERACCIÓN DE GENES Y AMBIENTE;0;0;0,0113;0,0649;0,0536
101532;BIA;BASES DE INGENIERIA AMBIENTAL;101556;BA;BIOTECNOLOGÍA AMBIENTAL;0;0;0,0323;0,0858;0,0535
101526;FF;FUNDAMENTOS DE FÍSICA;101546;EA;EDUCACIÓN AMBIENTAL;0;0;0,0043;0,0575;0,0532
101526;FF;FUNDAMENTOS DE FÍSICA;101536;OTRN;ORDENACIÓN DEL TERRITORIO Y RIESGOS NATURALES;0;0;0,0022;0,0538;0,0516
101534;CA;CONTAMINACIÓN ATMOSFÉRICA;660059;OGP;ORGANIZACIÓN Y GESTIÓN DE PROYECTOS;0;0;0,0104;0,0617;0,0513
101520;FB;FUNDAMENTOS DE BIOLOGÍA;101521;E;ECOLOGÍA;0;0;0,0488;0,0981;0,0493
101527;MC;METEOROLOGÍA Y CLIMATOLOGÍA;101546;EA;EDUCACIÓN AMBIENTAL;0;0;0,0095;0,0583;0,0488
101546;EA;EDUCACIÓN AMBIENTAL;101558;CCMC;CONTROL DE LA CONTAMINACIÓN MEDIANTE CATÁLISIS;0;0;0,0060;0,0538;0,0478
101544;CA;CARTOGRAFÍA APLICADA;660006;GEO;GEOLOGÍA;0;0;0,0257;0,0720;0,0463
101565;TPEU;TECNICAS PARA LA EVALUACIÓN URBANA;660007;EDAF;EDAFOLOGÍA;0;0;0,0337;0,0796;0,0459
101551;CNRAP;CONSERVACIÓN DE LA NATURALEZA:RESTAURACIÓN Y REHABILITACIÓN AMBIENTAL. PAISAJISMO;101553;IGA;INTERACCIÓN DE GENES Y AMBIENTE;0;0;0,0141;0,0594;0,0453
101526;FF;FUNDAMENTOS DE FÍSICA;101565;TPEU;TECNICAS PARA LA EVALUACIÓN URBANA;0;0;0,0048;0,0500;0,0452
101546;EA;EDUCACIÓN AMBIENTAL;101549;GE;GESTIÓN DE ECOSISTEMAS;0;0;0,0315;0,0762;0,0447
101538;FZPEMA;FUNDAMENTOS ZOOLÓGICOS PARA EL ESTUDIO DEL MEDIO AMBIENTE;101550;QAM;QUÍMICA ANALÍTICA MEDIOAMBIENTAL;0;0;0,0233;0,0677;0,0444
101531;ALA;ADMINISTRACIÓN Y LEGISLACIÓN AMBIENTAL;101555;EV;ECOFISIOLOGÍA VEGETAL;0;0;0,0154;0,0596;0,0442
101534;CA;CONTAMINACIÓN ATMOSFÉRICA;101542;SGAA;SISTEMAS DE GESTIÓN Y AUDITORÍAS AMBIENTALES;0;0;0,0031;0,0448;0,0417
101539;BBPGM;BASES BOTÁNICAS PARA LA GESTIÓN DEL MEDIOAMBIENTE;101556;BA;BIOTECNOLOGÍA AMBIENTAL;0;0;0,0267;0,0680;0,0413
101554;TTPSS;TEORÍAS Y TÉCNICAS PARA LA SOSTENIBILIDAD SOCIOAMBIENTAL;101556;BA;BIOTECNOLOGÍA AMBIENTAL;0;0;0,0178;0,0573;0,0395
101526;FF;FUNDAMENTOS DE FÍSICA;101560;PTU;PLANEAMIENTO TERRITORIAL Y URBANO;0;0;0,0011;0,0385;0,0374
101522;MICRO;MICROBIOLOGÍA;101537;GMF;GESTIÓN DEL MEDIO FÍSICO;0;0;0,0198;0,0571;0,0373
101535;CSPROAI;CONTAMINACIÓN DE LOS SUELOS POR RESIDUOS ORGÁNICOS, AGRÍCOLAS E INDUSTRIALES;101551;CNRAP;CONSERVACIÓN DE LA NATURALEZA:RESTAURACIÓN Y REHABILITACIÓN AMBIENTAL. PAISAJISMO;0;0;0,0247;0,0610;0,0363
101553;IGA;INTERACCIÓN DE GENES Y AMBIENTE;101556;BA;BIOTECNOLOGÍA AMBIENTAL;0;0;0,0270;0,0631;0,0361
101528;FM;FUNDAMENTOS DE MATEMÁTICAS;101556;BA;BIOTECNOLOGÍA AMBIENTAL;0;0;0,0086;0,0446;0,0360
101542;SGAA;SISTEMAS DE GESTIÓN Y AUDITORÍAS AMBIENTALES;101544;CA;CARTOGRAFÍA APLICADA;0;0;0,0117;0,0465;0,0348
101537;GMF;GESTIÓN DEL MEDIO FÍSICO;101559;CPMP;CONTAMINACIÓN POR METALES PESADOS;0;0;0,0055;0,0399;0,0344
101559;CPMP;CONTAMINACIÓN POR METALES PESADOS;660006;GEO;GEOLOGÍA;0;0;0,0197;0,0539;0,0342
101528;FM;FUNDAMENTOS DE MATEMÁTICAS;101557;GCP;GESTIÓN DE CAZA Y PESCA;0;0;0,0008;0,0348;0,0340
101539;BBPGM;BASES BOTÁNICAS PARA LA GESTIÓN DEL MEDIOAMBIENTE;101565;TPEU;TECNICAS PARA LA EVALUACIÓN URBANA;0;0;0,0103;0,0434;0,0331
101524;QA;QUÍMICA AMBIENTAL;101536;OTRN;ORDENACIÓN DEL TERRITORIO Y RIESGOS NATURALES;0;0;0,0177;0,0506;0,0329
101560;PTU;PLANEAMIENTO TERRITORIAL Y URBANO;660007;EDAF;EDAFOLOGÍA;0;0;0,0107;0,0431;0,0324
101538;FZPEMA;FUNDAMENTOS ZOOLÓGICOS PARA EL ESTUDIO DEL MEDIO AMBIENTE;101551;CNRAP;CONSERVACIÓN DE LA NATURALEZA:RESTAURACIÓN Y REHABILITACIÓN AMBIENTAL. PAISAJISMO;0;0;0,0360;0,0683;0,0323
101522;MICRO;MICROBIOLOGÍA;101529;EA;ECONOMÍA AMBIENTAL;0;0;0,0166;0,0483;0,0317
101537;GMF;GESTIÓN DEL MEDIO FÍSICO;101565;TPEU;TECNICAS PARA LA EVALUACIÓN URBANA;0;0;0,0122;0,0436;0,0314
101540;GEE;GESTIÓN ENERGÉTICA Y ECOEFICIENCIA;101565;TPEU;TECNICAS PARA LA EVALUACIÓN URBANA;0;0;0,0103;0,0411;0,0308
101535;CSPROAI;CONTAMINACIÓN DE LOS SUELOS POR RESIDUOS ORGÁNICOS, AGRÍCOLAS E INDUSTRIALES;101557;GCP;GESTIÓN DE CAZA Y PESCA;0;0;0,0146;0,0449;0,0303
101529;EA;ECONOMÍA AMBIENTAL;101556;BA;BIOTECNOLOGÍA AMBIENTAL;0;0;0,0156;0,0458;0,0302
101535;CSPROAI;CONTAMINACIÓN DE LOS SUELOS POR RESIDUOS ORGÁNICOS, AGRÍCOLAS E INDUSTRIALES;101565;TPEU;TECNICAS PARA LA EVALUACIÓN URBANA;0;0;0,0228;0,0529;0,0301
101536;OTRN;ORDENACIÓN DEL TERRITORIO Y RIESGOS NATURALES;101550;QAM;QUÍMICA ANALÍTICA MEDIOAMBIENTAL;0;0;0,0131;0,0431;0,0300
101522;MICRO;MICROBIOLOGÍA;101548;TASP;TOXICOLOGÍA AMBIENTAL Y SALUD PÚBLICA;0;0;0,0391;0,0675;0,0284
101520;FB;FUNDAMENTOS DE BIOLOGÍA;101551;CNRAP;CONSERVACIÓN DE LA NATURALEZA:RESTAURACIÓN Y REHABILITACIÓN AMBIENTAL. PAISAJISMO;0;0;0,0297;0,0581;0,0284
101540;GEE;GESTIÓN ENERGÉTICA Y ECOEFICIENCIA;101560;PTU;PLANEAMIENTO TERRITORIAL Y URBANO;0;0;0,0101;0,0384;0,0283
101536;OTRN;ORDENACIÓN DEL TERRITORIO Y RIESGOS NATURALES;101563;FA;FISICOQUÍMICA DE AGUAS;0;0;0,0196;0,0474;0,0278
101531;ALA;ADMINISTRACIÓN Y LEGISLACIÓN AMBIENTAL;101533;TAR;TRATAMIENTO DE AGUAS RESIDUALES;0;0;0,0016;0,0289;0,0273
101538;FZPEMA;FUNDAMENTOS ZOOLÓGICOS PARA EL ESTUDIO DEL MEDIO AMBIENTE;101565;TPEU;TECNICAS PARA LA EVALUACIÓN URBANA;0;0;0,0292;0,0556;0,0264
101522;MICRO;MICROBIOLOGÍA;101533;TAR;TRATAMIENTO DE AGUAS RESIDUALES;0;0;0,0361;0,0617;0,0256
101535;CSPROAI;CONTAMINACIÓN DE LOS SUELOS POR RESIDUOS ORGÁNICOS, AGRÍCOLAS E INDUSTRIALES;101549;GE;GESTIÓN DE ECOSISTEMAS;0;0;0,0123;0,0378;0,0255
101543;SIG;SISTEMAS DE INFORMACIÓN GEOGRÁFICA;101553;IGA;INTERACCIÓN DE GENES Y AMBIENTE;0;0;0,0146;0,0394;0,0248
101531;ALA;ADMINISTRACIÓN Y LEGISLACIÓN AMBIENTAL;101563;FA;FISICOQUÍMICA DE AGUAS;0;0;0,0091;0,0331;0,0240
101534;CA;CONTAMINACIÓN ATMOSFÉRICA;101536;OTRN;ORDENACIÓN DEL TERRITORIO Y RIESGOS NATURALES;0;0;0,0100;0,0338;0,0238
101540;GEE;GESTIÓN ENERGÉTICA Y ECOEFICIENCIA;101546;EA;EDUCACIÓN AMBIENTAL;0;0;0,0056;0,0293;0,0237
101522;MICRO;MICROBIOLOGÍA;101530;AHMA;ACTIVIDADES HUMANAS Y MEDIO AMBIENTE;0;0;0,0151;0,0383;0,0232
101552;ADA;ANÁLISIS DE DATOS AMBIENTALES;101556;BA;BIOTECNOLOGÍA AMBIENTAL;0;0;0,0080;0,0311;0,0231
101522;MICRO;MICROBIOLOGÍA;101561;GRUI;GESTIÓN DE RESIDUOS URBANOS E INDUSTRIALES;0;0;0,0173;0,0402;0,0229
101522;MICRO;MICROBIOLOGÍA;101526;FF;FUNDAMENTOS DE FÍSICA;0;0;0,0078;0,0306;0,0228
101555;EV;ECOFISIOLOGÍA VEGETAL;101560;PTU;PLANEAMIENTO TERRITORIAL Y URBANO;0;0;0,0068;0,0295;0,0227
101530;AHMA;ACTIVIDADES HUMANAS Y MEDIO AMBIENTE;101559;CPMP;CONTAMINACIÓN POR METALES PESADOS;0;0;0,0059;0,0286;0,0227
101523;FQ;FUNDAMENTOS DE QUÍMICA;101553;IGA;INTERACCIÓN DE GENES Y AMBIENTE;0;0;0,0277;0,0490;0,0213
101535;CSPROAI;CONTAMINACIÓN DE LOS SUELOS POR RESIDUOS ORGÁNICOS, AGRÍCOLAS E INDUSTRIALES;101556;BA;BIOTECNOLOGÍA AMBIENTAL;0;0;0,0563;0,0771;0,0208
101527;MC;METEOROLOGÍA Y CLIMATOLOGÍA;101557;GCP;GESTIÓN DE CAZA Y PESCA;0;0;0,0048;0,0252;0,0204
101531;ALA;ADMINISTRACIÓN Y LEGISLACIÓN AMBIENTAL;101559;CPMP;CONTAMINACIÓN POR METALES PESADOS;0;0;0,0157;0,0344;0,0187
101556;BA;BIOTECNOLOGÍA AMBIENTAL;660059;OGP;ORGANIZACIÓN Y GESTIÓN DE PROYECTOS;0;0;0,0110;0,0295;0,0185
101543;SIG;SISTEMAS DE INFORMACIÓN GEOGRÁFICA;101546;EA;EDUCACIÓN AMBIENTAL;0;0;0,0166;0,0347;0,0181
101548;TASP;TOXICOLOGÍA AMBIENTAL Y SALUD PÚBLICA;101551;CNRAP;CONSERVACIÓN DE LA NATURALEZA:RESTAURACIÓN Y REHABILITACIÓN AMBIENTAL. PAISAJISMO;0;0;0,0215;0,0395;0,0180
101535;CSPROAI;CONTAMINACIÓN DE LOS SUELOS POR RESIDUOS ORGÁNICOS, AGRÍCOLAS E INDUSTRIALES;101546;EA;EDUCACIÓN AMBIENTAL;0;0;0,0099;0,0279;0,0180
101543;SIG;SISTEMAS DE INFORMACIÓN GEOGRÁFICA;101551;CNRAP;CONSERVACIÓN DE LA NATURALEZA:RESTAURACIÓN Y REHABILITACIÓN AMBIENTAL. PAISAJISMO;0;0;0,0273;0,0445;0,0172
101529;EA;ECONOMÍA AMBIENTAL;101551;CNRAP;CONSERVACIÓN DE LA NATURALEZA:RESTAURACIÓN Y REHABILITACIÓN AMBIENTAL. PAISAJISMO;0;0;0,0098;0,0262;0,0164
101522;MICRO;MICROBIOLOGÍA;101538;FZPEMA;FUNDAMENTOS ZOOLÓGICOS PARA EL ESTUDIO DEL MEDIO AMBIENTE;0;0;0,0360;0,0491;0,0131
101541;EIAIPC;EVALUACIÓN DE IMPACTO AMBIENTAL: INSTRUMENTOS DE PREVENCIÓN Y CONTROL;101556;BA;BIOTECNOLOGÍA AMBIENTAL;0;0;0,0164;0,0289;0,0125
101534;CA;CONTAMINACIÓN ATMOSFÉRICA;101549;GE;GESTIÓN DE ECOSISTEMAS;0;0;0,0186;0,0308;0,0122
101522;MICRO;MICROBIOLOGÍA;101535;CSPROAI;CONTAMINACIÓN DE LOS SUELOS POR RESIDUOS ORGÁNICOS, AGRÍCOLAS E INDUSTRIALES;0;0;0,0296;0,0417;0,0121
101544;CA;CARTOGRAFÍA APLICADA;660059;OGP;ORGANIZACIÓN Y GESTIÓN DE PROYECTOS;0;0;0,0055;0,0173;0,0118
101523;FQ;FUNDAMENTOS DE QUÍMICA;101538;FZPEMA;FUNDAMENTOS ZOOLÓGICOS PARA EL ESTUDIO DEL MEDIO AMBIENTE;0;0;0,0064;0,0181;0,0117
101524;QA;QUÍMICA AMBIENTAL;101551;CNRAP;CONSERVACIÓN DE LA NATURALEZA:RESTAURACIÓN Y REHABILITACIÓN AMBIENTAL. PAISAJISMO;0;0;0,0264;0,0362;0,0098
101522;MICRO;MICROBIOLOGÍA;101532;BIA;BASES DE INGENIERIA AMBIENTAL;0;0;0,0199;0,0297;0,0098
101534;CA;CONTAMINACIÓN ATMOSFÉRICA;101559;CPMP;CONTAMINACIÓN POR METALES PESADOS;0;0;0,0238;0,0334;0,0096
101528;FM;FUNDAMENTOS DE MATEMÁTICAS;101559;CPMP;CONTAMINACIÓN POR METALES PESADOS;0;0;0,0024;0,0116;0,0092
101541;EIAIPC;EVALUACIÓN DE IMPACTO AMBIENTAL: INSTRUMENTOS DE PREVENCIÓN Y CONTROL;101559;CPMP;CONTAMINACIÓN POR METALES PESADOS;0;0;0,0065;0,0137;0,0072
101531;ALA;ADMINISTRACIÓN Y LEGISLACIÓN AMBIENTAL;101543;SIG;SISTEMAS DE INFORMACIÓN GEOGRÁFICA;0;0;0,0095;0,0165;0,0070
101520;FB;FUNDAMENTOS DE BIOLOGÍA;101565;TPEU;TECNICAS PARA LA EVALUACIÓN URBANA;0;0;0,0221;0,0290;0,0069
101521;E;ECOLOGÍA;101533;TAR;TRATAMIENTO DE AGUAS RESIDUALES;0;0;0,0181;0,0244;0,0063
101534;CA;CONTAMINACIÓN ATMOSFÉRICA;101543;SIG;SISTEMAS DE INFORMACIÓN GEOGRÁFICA;0;0;0,0090;0,0139;0,0049
101521;E;ECOLOGÍA;101560;PTU;PLANEAMIENTO TERRITORIAL Y URBANO;0;0;0,0411;0,0458;0,0047
101538;FZPEMA;FUNDAMENTOS ZOOLÓGICOS PARA EL ESTUDIO DEL MEDIO AMBIENTE;660007;EDAF;EDAFOLOGÍA;0;0;0,0120;0,0161;0,0041
101538;FZPEMA;FUNDAMENTOS ZOOLÓGICOS PARA EL ESTUDIO DEL MEDIO AMBIENTE;101546;EA;EDUCACIÓN AMBIENTAL;0;0;0,0175;0,0215;0,0040
101541;EIAIPC;EVALUACIÓN DE IMPACTO AMBIENTAL: INSTRUMENTOS DE PREVENCIÓN Y CONTROL;101551;CNRAP;CONSERVACIÓN DE LA NATURALEZA:RESTAURACIÓN Y REHABILITACIÓN AMBIENTAL. PAISAJISMO;0;0;0,0137;0,0174;0,0037
101544;CA;CARTOGRAFÍA APLICADA;101550;QAM;QUÍMICA ANALÍTICA MEDIOAMBIENTAL;0;0;0,0263;0,0297;0,0034
101523;FQ;FUNDAMENTOS DE QUÍMICA;101531;ALA;ADMINISTRACIÓN Y LEGISLACIÓN AMBIENTAL;0;0;0,0126;0,0160;0,0034
101537;GMF;GESTIÓN DEL MEDIO FÍSICO;101556;BA;BIOTECNOLOGÍA AMBIENTAL;0;0;0,0251;0,0284;0,0033
101533;TAR;TRATAMIENTO DE AGUAS RESIDUALES;101560;PTU;PLANEAMIENTO TERRITORIAL Y URBANO;0;0;0,0029;0,0059;0,0030
101531;ALA;ADMINISTRACIÓN Y LEGISLACIÓN AMBIENTAL;101557;GCP;GESTIÓN DE CAZA Y PESCA;0;0;0,0244;0,0270;0,0026
101534;CA;CONTAMINACIÓN ATMOSFÉRICA;101547;CE;CALIDAD Y EMPRESA;0;0;0,0143;0,0164;0,0021
101551;CNRAP;CONSERVACIÓN DE LA NATURALEZA:RESTAURACIÓN Y REHABILITACIÓN AMBIENTAL. PAISAJISMO;660059;OGP;ORGANIZACIÓN Y GESTIÓN DE PROYECTOS;0;0;0,0064;0,0085;0,0021
101531;ALA;ADMINISTRACIÓN Y LEGISLACIÓN AMBIENTAL;101550;QAM;QUÍMICA ANALÍTICA MEDIOAMBIENTAL;0;0;0,0062;0,0073;0,0011
101536;OTRN;ORDENACIÓN DEL TERRITORIO Y RIESGOS NATURALES;101551;CNRAP;CONSERVACIÓN DE LA NATURALEZA:RESTAURACIÓN Y REHABILITACIÓN AMBIENTAL. PAISAJISMO;0;0;0,0315;0,0323;0,0008
101555;EV;ECOFISIOLOGÍA VEGETAL;101557;GCP;GESTIÓN DE CAZA Y PESCA;0;0;0,0118;0,0125;0,0007
101532;BIA;BASES DE INGENIERIA AMBIENTAL;101559;CPMP;CONTAMINACIÓN POR METALES PESADOS;0;0;0,0113;0,0119;0,0006
101552;ADA;ANÁLISIS DE DATOS AMBIENTALES;101559;CPMP;CONTAMINACIÓN POR METALES PESADOS;0;0;0,0000;0,0000;0,0000
101524;QA;QUÍMICA AMBIENTAL;101557;GCP;GESTIÓN DE CAZA Y PESCA;0;0;0,0287;0,0286;-0,0001
101545;EST;ESTADÍSTICA;101559;CPMP;CONTAMINACIÓN POR METALES PESADOS;0;0;0,0001;0,0000;-0,0001
101534;CA;CONTAMINACIÓN ATMOSFÉRICA;101556;BA;BIOTECNOLOGÍA AMBIENTAL;0;0;0,0479;0,0476;-0,0003
101559;CPMP;CONTAMINACIÓN POR METALES PESADOS;660059;OGP;ORGANIZACIÓN Y GESTIÓN DE PROYECTOS;0;0;0,0004;0,0000;-0,0004
101532;BIA;BASES DE INGENIERIA AMBIENTAL;101544;CA;CARTOGRAFÍA APLICADA;0;0;0,0117;0,0111;-0,0006
101560;PTU;PLANEAMIENTO TERRITORIAL Y URBANO;660006;GEO;GEOLOGÍA;0;0;0,0088;0,0080;-0,0008
101526;FF;FUNDAMENTOS DE FÍSICA;101557;GCP;GESTIÓN DE CAZA Y PESCA;0;0;0,0008;0,0000;-0,0008
101545;EST;ESTADÍSTICA;101565;TPEU;TECNICAS PARA LA EVALUACIÓN URBANA;0;0;0,0008;0,0000;-0,0008
101555;EV;ECOFISIOLOGÍA VEGETAL;101565;TPEU;TECNICAS PARA LA EVALUACIÓN URBANA;0;0;0,0119;0,0110;-0,0009
101520;FB;FUNDAMENTOS DE BIOLOGÍA;101546;EA;EDUCACIÓN AMBIENTAL;0;0;0,0111;0,0101;-0,0010
101534;CA;CONTAMINACIÓN ATMOSFÉRICA;101557;GCP;GESTIÓN DE CAZA Y PESCA;0;0;0,0137;0,0126;-0,0011
101526;FF;FUNDAMENTOS DE FÍSICA;101544;CA;CARTOGRAFÍA APLICADA;0;0;0,0014;0,0000;-0,0014
101526;FF;FUNDAMENTOS DE FÍSICA;101559;CPMP;CONTAMINACIÓN POR METALES PESADOS;0;0;0,0015;0,0000;-0,0015
101536;OTRN;ORDENACIÓN DEL TERRITORIO Y RIESGOS NATURALES;101559;CPMP;CONTAMINACIÓN POR METALES PESADOS;0;0;0,0020;0,0000;-0,0020
101523;FQ;FUNDAMENTOS DE QUÍMICA;101559;CPMP;CONTAMINACIÓN POR METALES PESADOS;0;0;0,0505;0,0484;-0,0021
101523;FQ;FUNDAMENTOS DE QUÍMICA;101536;OTRN;ORDENACIÓN DEL TERRITORIO Y RIESGOS NATURALES;0;0;0,0021;0,0000;-0,0021
101552;ADA;ANÁLISIS DE DATOS AMBIENTALES;101565;TPEU;TECNICAS PARA LA EVALUACIÓN URBANA;0;0;0,0022;0,0000;-0,0022
101557;GCP;GESTIÓN DE CAZA Y PESCA;660007;EDAF;EDAFOLOGÍA;0;0;0,0023;0,0000;-0,0023
101546;EA;EDUCACIÓN AMBIENTAL;660007;EDAF;EDAFOLOGÍA;0;0;0,0028;0,0000;-0,0028
101544;CA;CARTOGRAFÍA APLICADA;101554;TTPSS;TEORÍAS Y TÉCNICAS PARA LA SOSTENIBILIDAD SOCIOAMBIENTAL;0;0;0,0093;0,0064;-0,0029
101543;SIG;SISTEMAS DE INFORMACIÓN GEOGRÁFICA;101559;CPMP;CONTAMINACIÓN POR METALES PESADOS;0;0;0,0029;0,0000;-0,0029
101540;GEE;GESTIÓN ENERGÉTICA Y ECOEFICIENCIA;101559;CPMP;CONTAMINACIÓN POR METALES PESADOS;0;0;0,0034;0,0000;-0,0034
101533;TAR;TRATAMIENTO DE AGUAS RESIDUALES;101546;EA;EDUCACIÓN AMBIENTAL;0;0;0,0038;0,0000;-0,0038
101544;CA;CARTOGRAFÍA APLICADA;101553;IGA;INTERACCIÓN DE GENES Y AMBIENTE;0;0;0,0038;0,0000;-0,0038
101546;EA;EDUCACIÓN AMBIENTAL;101555;EV;ECOFISIOLOGÍA VEGETAL;0;0;0,0038;0,0000;-0,0038
101533;TAR;TRATAMIENTO DE AGUAS RESIDUALES;101565;TPEU;TECNICAS PARA LA EVALUACIÓN URBANA;0;0;0,0039;0,0000;-0,0039
101526;FF;FUNDAMENTOS DE FÍSICA;101556;BA;BIOTECNOLOGÍA AMBIENTAL;0;0;0,0066;0,0026;-0,0040
101537;GMF;GESTIÓN DEL MEDIO FÍSICO;101544;CA;CARTOGRAFÍA APLICADA;0;0;0,0042;0,0000;-0,0042
101527;MC;METEOROLOGÍA Y CLIMATOLOGÍA;101559;CPMP;CONTAMINACIÓN POR METALES PESADOS;0;0;0,0045;0,0000;-0,0045
101542;SGAA;SISTEMAS DE GESTIÓN Y AUDITORÍAS AMBIENTALES;101559;CPMP;CONTAMINACIÓN POR METALES PESADOS;0;0;0,0045;0,0000;-0,0045
101546;EA;EDUCACIÓN AMBIENTAL;101559;CPMP;CONTAMINACIÓN POR METALES PESADOS;0;0;0,0045;0,0000;-0,0045
101524;QA;QUÍMICA AMBIENTAL;101546;EA;EDUCACIÓN AMBIENTAL;0;0;0,0046;0,0000;-0,0046
101545;EST;ESTADÍSTICA;101556;BA;BIOTECNOLOGÍA AMBIENTAL;0;0;0,0047;0,0000;-0,0047
101565;TPEU;TECNICAS PARA LA EVALUACIÓN URBANA;660006;GEO;GEOLOGÍA;0;0;0,0047;0,0000;-0,0047
101534;CA;CONTAMINACIÓN ATMOSFÉRICA;101546;EA;EDUCACIÓN AMBIENTAL;0;0;0,0048;0,0000;-0,0048
101538;FZPEMA;FUNDAMENTOS ZOOLÓGICOS PARA EL ESTUDIO DEL MEDIO AMBIENTE;101559;CPMP;CONTAMINACIÓN POR METALES PESADOS;0;0;0,0125;0,0076;-0,0049
101554;TTPSS;TEORÍAS Y TÉCNICAS PARA LA SOSTENIBILIDAD SOCIOAMBIENTAL;101559;CPMP;CONTAMINACIÓN POR METALES PESADOS;0;0;0,0057;0,0006;-0,0051
101523;FQ;FUNDAMENTOS DE QUÍMICA;101546;EA;EDUCACIÓN AMBIENTAL;0;0;0,0051;0,0000;-0,0051
101524;QA;QUÍMICA AMBIENTAL;101560;PTU;PLANEAMIENTO TERRITORIAL Y URBANO;0;0;0,0052;0,0000;-0,0052
101523;FQ;FUNDAMENTOS DE QUÍMICA;101557;GCP;GESTIÓN DE CAZA Y PESCA;0;0;0,0054;0,0000;-0,0054
101529;EA;ECONOMÍA AMBIENTAL;101559;CPMP;CONTAMINACIÓN POR METALES PESADOS;0;0;0,0055;0,0000;-0,0055
101539;BBPGM;BASES BOTÁNICAS PARA LA GESTIÓN DEL MEDIOAMBIENTE;101546;EA;EDUCACIÓN AMBIENTAL;0;0;0,0055;0,0000;-0,0055
101547;CE;CALIDAD Y EMPRESA;101559;CPMP;CONTAMINACIÓN POR METALES PESADOS;0;0;0,0056;0,0000;-0,0056
101559;CPMP;CONTAMINACIÓN POR METALES PESADOS;101565;TPEU;TECNICAS PARA LA EVALUACIÓN URBANA;0;0;0,0057;0,0000;-0,0057
101553;IGA;INTERACCIÓN DE GENES Y AMBIENTE;101559;CPMP;CONTAMINACIÓN POR METALES PESADOS;0;0;0,0058;0,0000;-0,0058
101522;MICRO;MICROBIOLOGÍA;101542;SGAA;SISTEMAS DE GESTIÓN Y AUDITORÍAS AMBIENTALES;0;0;0,0131;0,0071;-0,0060
101523;FQ;FUNDAMENTOS DE QUÍMICA;101565;TPEU;TECNICAS PARA LA EVALUACIÓN URBANA;0;0;0,0063;0,0000;-0,0063
101533;TAR;TRATAMIENTO DE AGUAS RESIDUALES;101544;CA;CARTOGRAFÍA APLICADA;0;0;0,0063;0,0000;-0,0063
101546;EA;EDUCACIÓN AMBIENTAL;101563;FA;FISICOQUÍMICA DE AGUAS;0;0;0,0063;0,0000;-0,0063
101546;EA;EDUCACIÓN AMBIENTAL;660006;GEO;GEOLOGÍA;0;0;0,0063;0,0000;-0,0063
101534;CA;CONTAMINACIÓN ATMOSFÉRICA;101565;TPEU;TECNICAS PARA LA EVALUACIÓN URBANA;0;0;0,0064;0,0000;-0,0064
101563;FA;FISICOQUÍMICA DE AGUAS;101565;TPEU;TECNICAS PARA LA EVALUACIÓN URBANA;0;0;0,0064;0,0000;-0,0064
101534;CA;CONTAMINACIÓN ATMOSFÉRICA;101560;PTU;PLANEAMIENTO TERRITORIAL Y URBANO;0;0;0,0065;0,0000;-0,0065
101541;EIAIPC;EVALUACIÓN DE IMPACTO AMBIENTAL: INSTRUMENTOS DE PREVENCIÓN Y CONTROL;101544;CA;CARTOGRAFÍA APLICADA;0;0;0,0065;0,0000;-0,0065
101543;SIG;SISTEMAS DE INFORMACIÓN GEOGRÁFICA;101557;GCP;GESTIÓN DE CAZA Y PESCA;0;0;0,0066;0,0000;-0,0066
101539;BBPGM;BASES BOTÁNICAS PARA LA GESTIÓN DEL MEDIOAMBIENTE;101559;CPMP;CONTAMINACIÓN POR METALES PESADOS;0;0;0,0068;0,0000;-0,0068
101543;SIG;SISTEMAS DE INFORMACIÓN GEOGRÁFICA;101565;TPEU;TECNICAS PARA LA EVALUACIÓN URBANA;0;0;0,0069;0,0000;-0,0069
101524;QA;QUÍMICA AMBIENTAL;101565;TPEU;TECNICAS PARA LA EVALUACIÓN URBANA;0;0;0,0071;0,0000;-0,0071
101550;QAM;QUÍMICA ANALÍTICA MEDIOAMBIENTAL;101560;PTU;PLANEAMIENTO TERRITORIAL Y URBANO;0;0;0,0073;0,0000;-0,0073
101533;TAR;TRATAMIENTO DE AGUAS RESIDUALES;101551;CNRAP;CONSERVACIÓN DE LA NATURALEZA:RESTAURACIÓN Y REHABILITACIÓN AMBIENTAL. PAISAJISMO;0;0;0,0074;0,0000;-0,0074
101522;MICRO;MICROBIOLOGÍA;101560;PTU;PLANEAMIENTO TERRITORIAL Y URBANO;0;0;0,0178;0,0101;-0,0077
101542;SGAA;SISTEMAS DE GESTIÓN Y AUDITORÍAS AMBIENTALES;101551;CNRAP;CONSERVACIÓN DE LA NATURALEZA:RESTAURACIÓN Y REHABILITACIÓN AMBIENTAL. PAISAJISMO;0;0;0,0077;0,0000;-0,0077
101553;IGA;INTERACCIÓN DE GENES Y AMBIENTE;101565;TPEU;TECNICAS PARA LA EVALUACIÓN URBANA;0;0;0,0077;0,0000;-0,0077
101540;GEE;GESTIÓN ENERGÉTICA Y ECOEFICIENCIA;101544;CA;CARTOGRAFÍA APLICADA;0;0;0,0078;0,0000;-0,0078
101540;GEE;GESTIÓN ENERGÉTICA Y ECOEFICIENCIA;101557;GCP;GESTIÓN DE CAZA Y PESCA;0;0;0,0079;0,0000;-0,0079
101556;BA;BIOTECNOLOGÍA AMBIENTAL;101560;PTU;PLANEAMIENTO TERRITORIAL Y URBANO;0;0;0,0153;0,0073;-0,0080
101559;CPMP;CONTAMINACIÓN POR METALES PESADOS;101560;PTU;PLANEAMIENTO TERRITORIAL Y URBANO;0;0;0,0094;0,0013;-0,0081
101546;EA;EDUCACIÓN AMBIENTAL;101556;BA;BIOTECNOLOGÍA AMBIENTAL;0;0;0,0082;0,0000;-0,0082
101547;CE;CALIDAD Y EMPRESA;101551;CNRAP;CONSERVACIÓN DE LA NATURALEZA:RESTAURACIÓN Y REHABILITACIÓN AMBIENTAL. PAISAJISMO;0;0;0,0082;0,0000;-0,0082
101534;CA;CONTAMINACIÓN ATMOSFÉRICA;101544;CA;CARTOGRAFÍA APLICADA;0;0;0,0083;0,0000;-0,0083
101522;MICRO;MICROBIOLOGÍA;101531;ALA;ADMINISTRACIÓN Y LEGISLACIÓN AMBIENTAL;0;0;0,0084;0,0000;-0,0084
101522;MICRO;MICROBIOLOGÍA;101540;GEE;GESTIÓN ENERGÉTICA Y ECOEFICIENCIA;0;0;0,0135;0,0049;-0,0086
101536;OTRN;ORDENACIÓN DEL TERRITORIO Y RIESGOS NATURALES;660007;EDAF;EDAFOLOGÍA;0;0;0,0086;0,0000;-0,0086
101542;SGAA;SISTEMAS DE GESTIÓN Y AUDITORÍAS AMBIENTALES;101556;BA;BIOTECNOLOGÍA AMBIENTAL;0;0;0,0086;0,0000;-0,0086
101560;PTU;PLANEAMIENTO TERRITORIAL Y URBANO;101563;FA;FISICOQUÍMICA DE AGUAS;0;0;0,0086;0,0000;-0,0086
101557;GCP;GESTIÓN DE CAZA Y PESCA;101559;CPMP;CONTAMINACIÓN POR METALES PESADOS;0;0;0,0087;0,0000;-0,0087
101549;GE;GESTIÓN DE ECOSISTEMAS;101559;CPMP;CONTAMINACIÓN POR METALES PESADOS;0;0;0,0088;0,0000;-0,0088
101522;MICRO;MICROBIOLOGÍA;101547;CE;CALIDAD Y EMPRESA;0;0;0,0092;0,0000;-0,0092
101546;EA;EDUCACIÓN AMBIENTAL;101550;QAM;QUÍMICA ANALÍTICA MEDIOAMBIENTAL;0;0;0,0134;0,0039;-0,0095
101531;ALA;ADMINISTRACIÓN Y LEGISLACIÓN AMBIENTAL;101556;BA;BIOTECNOLOGÍA AMBIENTAL;0;0;0,0185;0,0086;-0,0099
101544;CA;CARTOGRAFÍA APLICADA;101556;BA;BIOTECNOLOGÍA AMBIENTAL;0;0;0,0109;0,0006;-0,0103
101547;CE;CALIDAD Y EMPRESA;101556;BA;BIOTECNOLOGÍA AMBIENTAL;0;0;0,0105;0,0000;-0,0105
101543;SIG;SISTEMAS DE INFORMACIÓN GEOGRÁFICA;101556;BA;BIOTECNOLOGÍA AMBIENTAL;0;0;0,0108;0,0000;-0,0108
101523;FQ;FUNDAMENTOS DE QUÍMICA;101560;PTU;PLANEAMIENTO TERRITORIAL Y URBANO;0;0;0,0109;0,0000;-0,0109
101536;OTRN;ORDENACIÓN DEL TERRITORIO Y RIESGOS NATURALES;101546;EA;EDUCACIÓN AMBIENTAL;0;0;0,0111;0,0000;-0,0111
101522;MICRO;MICROBIOLOGÍA;101565;TPEU;TECNICAS PARA LA EVALUACIÓN URBANA;0;0;0,0112;0,0000;-0,0112
101522;MICRO;MICROBIOLOGÍA;101536;OTRN;ORDENACIÓN DEL TERRITORIO Y RIESGOS NATURALES;0;0;0,0113;0,0000;-0,0113
101544;CA;CARTOGRAFÍA APLICADA;101557;GCP;GESTIÓN DE CAZA Y PESCA;0;0;0,0114;0,0000;-0,0114
101544;CA;CARTOGRAFÍA APLICADA;101548;TASP;TOXICOLOGÍA AMBIENTAL Y SALUD PÚBLICA;0;0;0,0115;0,0000;-0,0115
101559;CPMP;CONTAMINACIÓN POR METALES PESADOS;101563;FA;FISICOQUÍMICA DE AGUAS;0;0;0,0603;0,0487;-0,0116
101521;E;ECOLOGÍA;101535;CSPROAI;CONTAMINACIÓN DE LOS SUELOS POR RESIDUOS ORGÁNICOS, AGRÍCOLAS E INDUSTRIALES;0;0;0,0119;0,0000;-0,0119
101527;MC;METEOROLOGÍA Y CLIMATOLOGÍA;101556;BA;BIOTECNOLOGÍA AMBIENTAL;0;0;0,0127;0,0000;-0,0127
101544;CA;CARTOGRAFÍA APLICADA;101555;EV;ECOFISIOLOGÍA VEGETAL;0;0;0,0127;0,0000;-0,0127
101520;FB;FUNDAMENTOS DE BIOLOGÍA;101559;CPMP;CONTAMINACIÓN POR METALES PESADOS;0;0;0,0128;0,0000;-0,0128
101544;CA;CARTOGRAFÍA APLICADA;660007;EDAF;EDAFOLOGÍA;0;0;0,0128;0,0000;-0,0128
101522;MICRO;MICROBIOLOGÍA;101543;SIG;SISTEMAS DE INFORMACIÓN GEOGRÁFICA;0;0;0,0129;0,0000;-0,0129
101522;MICRO;MICROBIOLOGÍA;101546;EA;EDUCACIÓN AMBIENTAL;0;0;0,0129;0,0000;-0,0129
101524;QA;QUÍMICA AMBIENTAL;101544;CA;CARTOGRAFÍA APLICADA;0;0;0,0130;0,0000;-0,0130
101550;QAM;QUÍMICA ANALÍTICA MEDIOAMBIENTAL;101559;CPMP;CONTAMINACIÓN POR METALES PESADOS;0;0;0,0130;0,0000;-0,0130
101544;CA;CARTOGRAFÍA APLICADA;101565;TPEU;TECNICAS PARA LA EVALUACIÓN URBANA;0;0;0,0131;0,0000;-0,0131
101522;MICRO;MICROBIOLOGÍA;101544;CA;CARTOGRAFÍA APLICADA;0;0;0,0132;0,0000;-0,0132
101540;GEE;GESTIÓN ENERGÉTICA Y ECOEFICIENCIA;101556;BA;BIOTECNOLOGÍA AMBIENTAL;0;0;0,0135;0,0000;-0,0135
101546;EA;EDUCACIÓN AMBIENTAL;101551;CNRAP;CONSERVACIÓN DE LA NATURALEZA:RESTAURACIÓN Y REHABILITACIÓN AMBIENTAL. PAISAJISMO;0;0;0,0137;0,0000;-0,0137
101551;CNRAP;CONSERVACIÓN DE LA NATURALEZA:RESTAURACIÓN Y REHABILITACIÓN AMBIENTAL. PAISAJISMO;101555;EV;ECOFISIOLOGÍA VEGETAL;0;0;0,0137;0,0000;-0,0137
101550;QAM;QUÍMICA ANALÍTICA MEDIOAMBIENTAL;101551;CNRAP;CONSERVACIÓN DE LA NATURALEZA:RESTAURACIÓN Y REHABILITACIÓN AMBIENTAL. PAISAJISMO;0;0;0,0141;0,0000;-0,0141
101522;MICRO;MICROBIOLOGÍA;101534;CA;CONTAMINACIÓN ATMOSFÉRICA;0;0;0,0143;0,0000;-0,0143
101557;GCP;GESTIÓN DE CAZA Y PESCA;101563;FA;FISICOQUÍMICA DE AGUAS;0;0;0,0324;0,0179;-0,0145
101556;BA;BIOTECNOLOGÍA AMBIENTAL;101565;TPEU;TECNICAS PARA LA EVALUACIÓN URBANA;0;0;0,0145;0,0000;-0,0145
101533;TAR;TRATAMIENTO DE AGUAS RESIDUALES;101559;CPMP;CONTAMINACIÓN POR METALES PESADOS;0;0;0,0147;0,0000;-0,0147
101556;BA;BIOTECNOLOGÍA AMBIENTAL;660006;GEO;GEOLOGÍA;0;0;0,0224;0,0076;-0,0148
101551;CNRAP;CONSERVACIÓN DE LA NATURALEZA:RESTAURACIÓN Y REHABILITACIÓN AMBIENTAL. PAISAJISMO;101559;CPMP;CONTAMINACIÓN POR METALES PESADOS;0;0;0,0148;0,0000;-0,0148
101536;OTRN;ORDENACIÓN DEL TERRITORIO Y RIESGOS NATURALES;101556;BA;BIOTECNOLOGÍA AMBIENTAL;0;0;0,0166;0,0015;-0,0151
101523;FQ;FUNDAMENTOS DE QUÍMICA;101544;CA;CARTOGRAFÍA APLICADA;0;0;0,0156;0,0000;-0,0156
101544;CA;CARTOGRAFÍA APLICADA;101563;FA;FISICOQUÍMICA DE AGUAS;0;0;0,0158;0,0000;-0,0158
101546;EA;EDUCACIÓN AMBIENTAL;101557;GCP;GESTIÓN DE CAZA Y PESCA;0;0;0,0158;0,0000;-0,0158
101538;FZPEMA;FUNDAMENTOS ZOOLÓGICOS PARA EL ESTUDIO DEL MEDIO AMBIENTE;101556;BA;BIOTECNOLOGÍA AMBIENTAL;0;0;0,0159;0,0000;-0,0159
101546;EA;EDUCACIÓN AMBIENTAL;101560;PTU;PLANEAMIENTO TERRITORIAL Y URBANO;0;0;0,0161;0,0000;-0,0161
101523;FQ;FUNDAMENTOS DE QUÍMICA;101551;CNRAP;CONSERVACIÓN DE LA NATURALEZA:RESTAURACIÓN Y REHABILITACIÓN AMBIENTAL. PAISAJISMO;0;0;0,0162;0,0000;-0,0162
101549;GE;GESTIÓN DE ECOSISTEMAS;101556;BA;BIOTECNOLOGÍA AMBIENTAL;0;0;0,0166;0,0000;-0,0166
101522;MICRO;MICROBIOLOGÍA;101524;QA;QUÍMICA AMBIENTAL;0;0;0,0626;0,0456;-0,0170
101549;GE;GESTIÓN DE ECOSISTEMAS;101565;TPEU;TECNICAS PARA LA EVALUACIÓN URBANA;0;0;0,0252;0,0079;-0,0173
101544;CA;CARTOGRAFÍA APLICADA;101559;CPMP;CONTAMINACIÓN POR METALES PESADOS;0;0;0,0224;0,0050;-0,0174
101550;QAM;QUÍMICA ANALÍTICA MEDIOAMBIENTAL;101565;TPEU;TECNICAS PARA LA EVALUACIÓN URBANA;0;0;0,0180;0,0006;-0,0174
101522;MICRO;MICROBIOLOGÍA;101559;CPMP;CONTAMINACIÓN POR METALES PESADOS;0;0;0,0175;0,0000;-0,0175
101521;E;ECOLOGÍA;101550;QAM;QUÍMICA ANALÍTICA MEDIOAMBIENTAL;0;0;0,0176;0,0000;-0,0176
101550;QAM;QUÍMICA ANALÍTICA MEDIOAMBIENTAL;101557;GCP;GESTIÓN DE CAZA Y PESCA;0;0;0,0178;0,0000;-0,0178
101521;E;ECOLOGÍA;101524;QA;QUÍMICA AMBIENTAL;0;0;0,0188;0,0000;-0,0188
101551;CNRAP;CONSERVACIÓN DE LA NATURALEZA:RESTAURACIÓN Y REHABILITACIÓN AMBIENTAL. PAISAJISMO;101557;GCP;GESTIÓN DE CAZA Y PESCA;0;0;0,0188;0,0000;-0,0188
101521;E;ECOLOGÍA;101523;FQ;FUNDAMENTOS DE QUÍMICA;0;0;0,0198;0,0000;-0,0198
101548;TASP;TOXICOLOGÍA AMBIENTAL Y SALUD PÚBLICA;101556;BA;BIOTECNOLOGÍA AMBIENTAL;0;0;0,0202;0,0000;-0,0202
101522;MICRO;MICROBIOLOGÍA;101523;FQ;FUNDAMENTOS DE QUÍMICA;0;0;0,0219;0,0000;-0,0219
101531;ALA;ADMINISTRACIÓN Y LEGISLACIÓN AMBIENTAL;101544;CA;CARTOGRAFÍA APLICADA;0;0;0,0220;0,0000;-0,0220
101549;GE;GESTIÓN DE ECOSISTEMAS;101551;CNRAP;CONSERVACIÓN DE LA NATURALEZA:RESTAURACIÓN Y REHABILITACIÓN AMBIENTAL. PAISAJISMO;0;0;0,0267;0,0046;-0,0221
101533;TAR;TRATAMIENTO DE AGUAS RESIDUALES;101556;BA;BIOTECNOLOGÍA AMBIENTAL;0;0;0,0285;0,0060;-0,0225
101544;CA;CARTOGRAFÍA APLICADA;101549;GE;GESTIÓN DE ECOSISTEMAS;0;0;0,0231;0,0006;-0,0225
101522;MICRO;MICROBIOLOGÍA;101551;CNRAP;CONSERVACIÓN DE LA NATURALEZA:RESTAURACIÓN Y REHABILITACIÓN AMBIENTAL. PAISAJISMO;0;0;0,0236;0,0000;-0,0236
101521;E;ECOLOGÍA;101534;CA;CONTAMINACIÓN ATMOSFÉRICA;0;0;0,0241;0,0000;-0,0241
101556;BA;BIOTECNOLOGÍA AMBIENTAL;101557;GCP;GESTIÓN DE CAZA Y PESCA;0;0;0,0246;0,0000;-0,0246
101546;EA;EDUCACIÓN AMBIENTAL;101565;TPEU;TECNICAS PARA LA EVALUACIÓN URBANA;0;0;0,0248;0,0000;-0,0248
101522;MICRO;MICROBIOLOGÍA;101550;QAM;QUÍMICA ANALÍTICA MEDIOAMBIENTAL;0;0;0,0249;0,0000;-0,0249
101551;CNRAP;CONSERVACIÓN DE LA NATURALEZA:RESTAURACIÓN Y REHABILITACIÓN AMBIENTAL. PAISAJISMO;101560;PTU;PLANEAMIENTO TERRITORIAL Y URBANO;0;0;0,0256;0,0000;-0,0256
101521;E;ECOLOGÍA;101559;CPMP;CONTAMINACIÓN POR METALES PESADOS;0;0;0,0265;0,0000;-0,0265
101524;QA;QUÍMICA AMBIENTAL;101556;BA;BIOTECNOLOGÍA AMBIENTAL;0;0;0,0923;0,0652;-0,0271
101557;GCP;GESTIÓN DE CAZA Y PESCA;101565;TPEU;TECNICAS PARA LA EVALUACIÓN URBANA;0;0;0,0273;0,0000;-0,0273
101522;MICRO;MICROBIOLOGÍA;101549;GE;GESTIÓN DE ECOSISTEMAS;0;0;0,0283;0,0000;-0,0283
101551;CNRAP;CONSERVACIÓN DE LA NATURALEZA:RESTAURACIÓN Y REHABILITACIÓN AMBIENTAL. PAISAJISMO;101563;FA;FISICOQUÍMICA DE AGUAS;0;0;0,0287;0,0000;-0,0287
101521;E;ECOLOGÍA;101563;FA;FISICOQUÍMICA DE AGUAS;0;0;0,0401;0,0113;-0,0288
101521;E;ECOLOGÍA;101531;ALA;ADMINISTRACIÓN Y LEGISLACIÓN AMBIENTAL;0;0;0,0321;0,0022;-0,0299
101551;CNRAP;CONSERVACIÓN DE LA NATURALEZA:RESTAURACIÓN Y REHABILITACIÓN AMBIENTAL. PAISAJISMO;101556;BA;BIOTECNOLOGÍA AMBIENTAL;0;0;0,0301;0,0000;-0,0301
101551;CNRAP;CONSERVACIÓN DE LA NATURALEZA:RESTAURACIÓN Y REHABILITACIÓN AMBIENTAL. PAISAJISMO;101565;TPEU;TECNICAS PARA LA EVALUACIÓN URBANA;0;0;0,0301;0,0000;-0,0301
101544;CA;CARTOGRAFÍA APLICADA;101546;EA;EDUCACIÓN AMBIENTAL;0;0;0,0304;0,0000;-0,0304
101521;E;ECOLOGÍA;101538;FZPEMA;FUNDAMENTOS ZOOLÓGICOS PARA EL ESTUDIO DEL MEDIO AMBIENTE;0;0;0,0438;0,0125;-0,0313
101556;BA;BIOTECNOLOGÍA AMBIENTAL;660007;EDAF;EDAFOLOGÍA;0;0;0,0326;0,0000;-0,0326
101521;E;ECOLOGÍA;101536;OTRN;ORDENACIÓN DEL TERRITORIO Y RIESGOS NATURALES;0;0;0,0330;0,0000;-0,0330
101522;MICRO;MICROBIOLOGÍA;101557;GCP;GESTIÓN DE CAZA Y PESCA;0;0;0,0345;0,0000;-0,0345
101550;QAM;QUÍMICA ANALÍTICA MEDIOAMBIENTAL;101556;BA;BIOTECNOLOGÍA AMBIENTAL;0;0;0,0353;0,0000;-0,0353
101521;E;ECOLOGÍA;101546;EA;EDUCACIÓN AMBIENTAL;0;0;0,0360;0,0000;-0,0360
101521;E;ECOLOGÍA;101565;TPEU;TECNICAS PARA LA EVALUACIÓN URBANA;0;0;0,0377;0,0000;-0,0377
101522;MICRO;MICROBIOLOGÍA;101563;FA;FISICOQUÍMICA DE AGUAS;0;0;0,0536;0,0158;-0,0378
101523;FQ;FUNDAMENTOS DE QUÍMICA;101556;BA;BIOTECNOLOGÍA AMBIENTAL;0;0;0,0753;0,0336;-0,0417
101521;E;ECOLOGÍA;101556;BA;BIOTECNOLOGÍA AMBIENTAL;0;0;0,0468;0,0000;-0,0468
101544;CA;CARTOGRAFÍA APLICADA;101551;CNRAP;CONSERVACIÓN DE LA NATURALEZA:RESTAURACIÓN Y REHABILITACIÓN AMBIENTAL. PAISAJISMO;0;0;0,0548;0,0064;-0,0484
101556;BA;BIOTECNOLOGÍA AMBIENTAL;101563;FA;FISICOQUÍMICA DE AGUAS;0;0;0,0509;0,0000;-0,0509
101556;BA;BIOTECNOLOGÍA AMBIENTAL;101559;CPMP;CONTAMINACIÓN POR METALES PESADOS;0;0;0,0558;0,0000;-0,0558
101521;E;ECOLOGÍA;101544;CA;CARTOGRAFÍA APLICADA;1;0;0,0570;0,0000;-0,0570
101521;E;ECOLOGÍA;101551;CNRAP;CONSERVACIÓN DE LA NATURALEZA:RESTAURACIÓN Y REHABILITACIÓN AMBIENTAL. PAISAJISMO;0;0;0,0612;0,0000;-0,0612
101521;E;ECOLOGÍA;101557;GCP;GESTIÓN DE CAZA Y PESCA;0;0;0,0725;0,0000;-0,0725
101521;E;ECOLOGÍA;101522;MICRO;MICROBIOLOGÍA;0;0;0,0748;0,0000;-0,0748
101522;MICRO;MICROBIOLOGÍA;101556;BA;BIOTECNOLOGÍA AMBIENTAL;0;0;0,1196;0,0000;-0,1196
